State_Name,Year,Polling_Date,Seat,Poll,District,LB_Name,LB_Type,LB_Code,Ward_No,Ward_Name,Ward_Reservation,OSN,Candidate_Name,Father_Husband_Name,Candidate_Name_O,Father_Husband_Name_O,Gender,Age,Category,Party_ID,Party_Name,Party_Abbreviation,Education,Votes,Position,Status,N_Cand,Valid_Votes,Vote_Share_Percentage,Deposit_Lost,Total_Electors,Total_Votes,Rejected_Votes,Voter_Turnout_Percentage,Notes,Affidavit 
Maharashtra,2017,21-02-2017, ,0,Mumbai City,BRIHAN MUMBAI,MC,6,1,PRABHAG NO 1 ,,,GHOSALKAR TEJASVEE ABHISHEK,,,,,,,18691,Shivsena,SHS,,4913,1,,11,14445,34.012,,,14445,,,,
Maharashtra,2017,21-02-2017, ,0,Mumbai City,BRIHAN MUMBAI,MC,6,1,PRABHAG NO 1 ,,,YADAV REKHA RAMPRAKASH,,,,,,,10809,Independent,IND,,3089,2,,11,14445,21.385,,,14445,,,,
Maharashtra,2017,21-02-2017, ,0,Mumbai City,BRIHAN MUMBAI,MC,6,1,PRABHAG NO 1 ,,,Mhatre Sheetal Ashok,,,,,,,1605,Indian National Congress,BJP,,2719,3,,11,14445,18.823,,,14445,,,,
Maharashtra,2017,21-02-2017, ,0,Mumbai City,BRIHAN MUMBAI,MC,6,1,PRABHAG NO 1 ,,,Yadav Suchi Dinbandhu,,,,,,,1605,Bhartiya Janata Party,BJP,,2584,4,,11,14445,17.889,,,14445,,,,
Maharashtra,2017,21-02-2017, ,0,Mumbai City,BRIHAN MUMBAI,MC,6,1,PRABHAG NO 1 ,,,CHAUDHARY KIRAN RAMPRATAP,,,,,,,10809,Independent,IND,,283,5,,11,14445,1.959,,,14445,,,,
Maharashtra,2017,21-02-2017, ,0,Mumbai City,BRIHAN MUMBAI,MC,6,1,PRABHAG NO 1 ,,,wadekar jyoti baban,,,,,,,11633,Maharashtra Navnirman Sena,MNS,,179,6,,11,14445,1.239,,,14445,,,,
Maharashtra,2017,21-02-2017, ,0,Mumbai City,BRIHAN MUMBAI,MC,6,1,PRABHAG NO 1 ,,,KUNCHIKORVE LAXMI SHANKAR,,,,,,,16651,Bahujan Samaj Party,BSP,,130,7,,11,14445,0.9,,,14445,,,,
Maharashtra,2017,21-02-2017, ,0,Mumbai City,BRIHAN MUMBAI,MC,6,1,PRABHAG NO 1 ,,,MISHRA NISHA CHANDRAKANT,,,,,,,10809,Independent,IND,,127,8,,11,14445,0.879,,,14445,,,,
Maharashtra,2017,21-02-2017, ,0,Mumbai City,BRIHAN MUMBAI,MC,6,1,PRABHAG NO 1 ,,,QUREISHI KAMRUNISHA ABDUL,,,,,,,7425,Samajwadi Party,SP,,101,9,,11,14445,0.699,,,14445,,,,
Maharashtra,2017,21-02-2017, ,0,Mumbai City,BRIHAN MUMBAI,MC,6,1,PRABHAG NO 1 ,,,Salve Sangeeta Raviraj,,,,,,,10809,Independent,IND,,84,10,,11,14445,0.582,,,14445,,,,
Maharashtra,2017,21-02-2017, ,0,Mumbai City,BRIHAN MUMBAI,MC,6,1,PRABHAG NO 1 ,,,pandey saritadevi vijay,,,,,,,5792,Nationalist Congress Party,NCP,,29,11,,11,14445,0.201,,,14445,,,,
Maharashtra,2017,21-02-2017, ,0,Mumbai City,BRIHAN MUMBAI,MC,6,1,PRABHAG NO 1 ,,,NOTA,,,,,,,u10003,,,,207,12,,11,14445,1.433,,,14445,,,,
Maharashtra,2017,21-02-2017, ,0,Mumbai City,BRIHAN MUMBAI,MC,6,2,PRABHAG NO 2 ,,,OZA JAGDISH KARUNASHANKAR,,,,,,,1605,Bhartiya Janata Party,BJP,,10719,1,,10,22163,48.364,,,22163,,,,
Maharashtra,2017,21-02-2017, ,0,Mumbai City,BRIHAN MUMBAI,MC,6,2,PRABHAG NO 2 ,,,MHATRE BHALCHANDRA CHINTAMAN,,,,,,,18691,Shivsena,SHS,,7924,2,,10,22163,35.753,,,22163,,,,
Maharashtra,2017,21-02-2017, ,0,Mumbai City,BRIHAN MUMBAI,MC,6,2,PRABHAG NO 2 ,,,BHAWAR JAGMOHAN KUMAWAT,,,,,,,1605,Indian National Congress,BJP,,1768,3,,10,22163,7.977,,,22163,,,,
Maharashtra,2017,21-02-2017, ,0,Mumbai City,BRIHAN MUMBAI,MC,6,2,PRABHAG NO 2 ,,,Utekar Shailesh Krishna,,,,,,,11633,Maharashtra Navnirman Sena,MNS,,814,4,,10,22163,3.673,,,22163,,,,
Maharashtra,2017,21-02-2017, ,0,Mumbai City,BRIHAN MUMBAI,MC,6,2,PRABHAG NO 2 ,,,Naik Dattaram Govind,,,,,,,10809,Independent,IND,,164,5,,10,22163,0.74,,,22163,,,,
Maharashtra,2017,21-02-2017, ,0,Mumbai City,BRIHAN MUMBAI,MC,6,2,PRABHAG NO 2 ,,,Ashar hemendra parmanand,,,,,,,10809,Independent,IND,,129,6,,10,22163,0.582,,,22163,,,,
Maharashtra,2017,21-02-2017, ,0,Mumbai City,BRIHAN MUMBAI,MC,6,2,PRABHAG NO 2 ,,,TIWARI SURENDRA VINAY,,,,,,,12285,Republican Party of India (A),RPI(A),,123,7,,10,22163,0.555,,,22163,,,,
Maharashtra,2017,21-02-2017, ,0,Mumbai City,BRIHAN MUMBAI,MC,6,2,PRABHAG NO 2 ,,,Sawant Girish Jagannath,,,,,,,5792,Nationalist Congress Party,NCP,,92,8,,10,22163,0.415,,,22163,,,,
Maharashtra,2017,21-02-2017, ,0,Mumbai City,BRIHAN MUMBAI,MC,6,2,PRABHAG NO 2 ,,,prasad somjee anugrah,,,,,,,16651,Bahujan Samaj Party,BSP,,51,9,,10,22163,0.23,,,22163,,,,
Maharashtra,2017,21-02-2017, ,0,Mumbai City,BRIHAN MUMBAI,MC,6,2,PRABHAG NO 2 ,,,vakode mahesh chandrakant,,,,,,,10809,Independent,IND,,30,10,,10,22163,0.135,,,22163,,,,
Maharashtra,2017,21-02-2017, ,0,Mumbai City,BRIHAN MUMBAI,MC,6,2,PRABHAG NO 2 ,,,NOTA,,,,,,,u10003,,,,349,11,,10,22163,1.575,,,22163,,,,
Maharashtra,2017,21-02-2017, ,0,Mumbai City,BRIHAN MUMBAI,MC,6,3,PRABHAG NO 3 ,,,BRID BALKRISHNA JAYSING,,,,,,,18691,Shivsena,SHS,,5193,1,,21,23656,21.952,,,23656,,,,
Maharashtra,2017,21-02-2017, ,0,Mumbai City,BRIHAN MUMBAI,MC,6,3,PRABHAG NO 3 ,,,CHAUBE ABHAYKUMAR RAJENDRAPRASAD,,,,,,,1605,Indian National Congress,BJP,,4965,2,,21,23656,20.988,,,23656,,,,
Maharashtra,2017,21-02-2017, ,0,Mumbai City,BRIHAN MUMBAI,MC,6,3,PRABHAG NO 3 ,,,BHALEGHARE SAGAR LAXMAN,,,,,,,1605,Bhartiya Janata Party,BJP,,3626,3,,21,23656,15.328,,,23656,,,,
Maharashtra,2017,21-02-2017, ,0,Mumbai City,BRIHAN MUMBAI,MC,6,3,PRABHAG NO 3 ,,,AMBORE RAMESH NAGU,,,,,,,11633,Maharashtra Navnirman Sena,MNS,,3554,4,,21,23656,15.024,,,23656,,,,
Maharashtra,2017,21-02-2017, ,0,Mumbai City,BRIHAN MUMBAI,MC,6,3,PRABHAG NO 3 ,,,GUPTA CHAUTHIPRASAD SHOBHNATH,,,,,,,1605,Indian National Congress,BJP,,2363,5,,21,23656,9.989,,,23656,,,,
Maharashtra,2017,21-02-2017, ,0,Mumbai City,BRIHAN MUMBAI,MC,6,3,PRABHAG NO 3 ,,,Yadav Suryabali Kailash,,,,,,,7425,Samajwadi Party,SP,,620,6,,21,23656,2.621,,,23656,,,,
Maharashtra,2017,21-02-2017, ,0,Mumbai City,BRIHAN MUMBAI,MC,6,3,PRABHAG NO 3 ,,,BHARWAD VIKRAM DHIRUBHAI,,,,,,,9677,Bahujan Vikas Aghadi,BVA,,596,7,,21,23656,2.519,,,23656,,,,
Maharashtra,2017,21-02-2017, ,0,Mumbai City,BRIHAN MUMBAI,MC,6,3,PRABHAG NO 3 ,,,Gimbal Sunil Rajaram,,,,,,,10809,Independent,IND,,530,8,,21,23656,2.24,,,23656,,,,
Maharashtra,2017,21-02-2017, ,0,Mumbai City,BRIHAN MUMBAI,MC,6,3,PRABHAG NO 3 ,,,JHA AMARNATH KASHINATH,,,,,,,5792,Nationalist Congress Party,NCP,,484,9,,21,23656,2.046,,,23656,,,,
Maharashtra,2017,21-02-2017, ,0,Mumbai City,BRIHAN MUMBAI,MC,6,3,PRABHAG NO 3 ,,,YADAV RAJESH HARISHCHANDRA,,,,,,,16651,Bahujan Samaj Party,BSP,,318,10,,21,23656,1.344,,,23656,,,,
Maharashtra,2017,21-02-2017, ,0,Mumbai City,BRIHAN MUMBAI,MC,6,3,PRABHAG NO 3 ,,,gaikwad giridhar bhima,,,,,,,1875,Bharip Bahujan Mahasangh,BBM,,203,11,,21,23656,0.858,,,23656,,,,
Maharashtra,2017,21-02-2017, ,0,Mumbai City,BRIHAN MUMBAI,MC,6,3,PRABHAG NO 3 ,,,WAGHMARE DILIP MUKINDA,,,,,,,2444,Communist Party Of India,CPI,,150,12,,21,23656,0.634,,,23656,,,,
Maharashtra,2017,21-02-2017, ,0,Mumbai City,BRIHAN MUMBAI,MC,6,3,PRABHAG NO 3 ,,,HANWATE DEEPAK SHIVAJI,,,,,,,1096,bahujan republican sociolist party,BARESP,,148,13,,21,23656,0.626,,,23656,,,,
Maharashtra,2017,21-02-2017, ,0,Mumbai City,BRIHAN MUMBAI,MC,6,3,PRABHAG NO 3 ,,,CHAVAN VIKAS TUKARAM,,,,,,,u10004,Aghadi/Front,,,119,14,,21,23656,0.503,,,23656,,,,
Maharashtra,2017,21-02-2017, ,0,Mumbai City,BRIHAN MUMBAI,MC,6,3,PRABHAG NO 3 ,,,thaware santosh govind,,,,,,,10809,Independent,IND,,109,15,,21,23656,0.461,,,23656,,,,
Maharashtra,2017,21-02-2017, ,0,Mumbai City,BRIHAN MUMBAI,MC,6,3,PRABHAG NO 3 ,,,AMBRE SHAILESH SHANKAR,,,,,,,24549,Sambhaji Brigade,SBBGP,,104,16,,21,23656,0.44,,,23656,,,,
Maharashtra,2017,21-02-2017, ,0,Mumbai City,BRIHAN MUMBAI,MC,6,3,PRABHAG NO 3 ,,,NAIR PRADEEP BALAN,,,,,,,1605,Indian National Congress,BJP,,91,17,,21,23656,0.385,,,23656,,,,
Maharashtra,2017,21-02-2017, ,0,Mumbai City,BRIHAN MUMBAI,MC,6,3,PRABHAG NO 3 ,,,saini nemchand bhairumal,,,,,,,10809,Independent,IND,,82,18,,21,23656,0.347,,,23656,,,,
Maharashtra,2017,21-02-2017, ,0,Mumbai City,BRIHAN MUMBAI,MC,6,3,PRABHAG NO 3 ,,,Bhagwat Abhishek Shrikrishna,,,,,,,7682,Sardar Vallbhbhai Patel Party,SVPP,,45,19,,21,23656,0.19,,,23656,,,,
Maharashtra,2017,21-02-2017, ,0,Mumbai City,BRIHAN MUMBAI,MC,6,3,PRABHAG NO 3 ,,,mane sadanand prabhakar,,,,,,,10809,Independent,IND,,45,20,,21,23656,0.19,,,23656,,,,
Maharashtra,2017,21-02-2017, ,0,Mumbai City,BRIHAN MUMBAI,MC,6,3,PRABHAG NO 3 ,,,KAMBLE CHANDRKANT NAGORAO,,,,,,,u10004,Aghadi/Front,,,36,21,,21,23656,0.152,,,23656,,,,
Maharashtra,2017,21-02-2017, ,0,Mumbai City,BRIHAN MUMBAI,MC,6,3,PRABHAG NO 3 ,,,NOTA,,,,,,,u10003,,,,275,22,,21,23656,1.162,,,23656,,,,
Maharashtra,2017,21-02-2017, ,0,Mumbai City,BRIHAN MUMBAI,MC,6,4,PRABHAG NO 4 ,,,PATEKAR SUJATA UDESH,,,,,,,18691,Shivsena,SHS,,11078,1,,8,23006,48.153,,,23006,,,,
Maharashtra,2017,21-02-2017, ,0,Mumbai City,BRIHAN MUMBAI,MC,6,4,PRABHAG NO 4 ,,,purohit kamla premsingh,,,,,,,1605,Bhartiya Janata Party,BJP,,6911,2,,8,23006,30.04,,,23006,,,,
Maharashtra,2017,21-02-2017, ,0,Mumbai City,BRIHAN MUMBAI,MC,6,4,PRABHAG NO 4 ,,,MORE SIDDHIDA SUDESH,,,,,,,11633,Maharashtra Navnirman Sena,MNS,,1414,3,,8,23006,6.146,,,23006,,,,
Maharashtra,2017,21-02-2017, ,0,Mumbai City,BRIHAN MUMBAI,MC,6,4,PRABHAG NO 4 ,,,SAWANT DARSHANA MILIND,,,,,,,1605,Indian National Congress,BJP,,1168,4,,8,23006,5.077,,,23006,,,,
Maharashtra,2017,21-02-2017, ,0,Mumbai City,BRIHAN MUMBAI,MC,6,4,PRABHAG NO 4 ,,,SHARMA MAMTA RAMFER,,,,,,,5792,Nationalist Congress Party,NCP,,1079,5,,8,23006,4.69,,,23006,,,,
Maharashtra,2017,21-02-2017, ,0,Mumbai City,BRIHAN MUMBAI,MC,6,4,PRABHAG NO 4 ,,,GAWADE CHANDA MANGESH,,,,,,,10809,Independent,IND,,632,6,,8,23006,2.747,,,23006,,,,
Maharashtra,2017,21-02-2017, ,0,Mumbai City,BRIHAN MUMBAI,MC,6,4,PRABHAG NO 4 ,,,Sawant Shilpa gajanan,,,,,,,1605,Indian National Congress,BJP,,183,7,,8,23006,0.795,,,23006,,,,
Maharashtra,2017,21-02-2017, ,0,Mumbai City,BRIHAN MUMBAI,MC,6,4,PRABHAG NO 4 ,,,GONDANE SONAL DIWAKAR,,,,,,,10809,Independent,IND,,173,8,,8,23006,0.752,,,23006,,,,
Maharashtra,2017,21-02-2017, ,0,Mumbai City,BRIHAN MUMBAI,MC,6,4,PRABHAG NO 4 ,,,NOTA,,,,,,,u10003,,,,368,9,,8,23006,1.6,,,23006,,,,
Maharashtra,2017,21-02-2017, ,0,Mumbai City,BRIHAN MUMBAI,MC,6,5,PRABHAG NO 5 ,,,GHADI SANJAY SHANKAR,,,,,,,18691,Shivsena,SHS,,11659,1,,4,25220,46.229,,,25220,,,,
Maharashtra,2017,21-02-2017, ,0,Mumbai City,BRIHAN MUMBAI,MC,6,5,PRABHAG NO 5 ,,,Desai Motibhai Lallubhai,,,,,,,1605,Bhartiya Janata Party,BJP,,9638,2,,4,25220,38.216,,,25220,,,,
Maharashtra,2017,21-02-2017, ,0,Mumbai City,BRIHAN MUMBAI,MC,6,5,PRABHAG NO 5 ,,,Mayekar Vimol suresh,,,,,,,11633,Maharashtra Navnirman Sena,MNS,,2417,3,,4,25220,9.584,,,25220,,,,
Maharashtra,2017,21-02-2017, ,0,Mumbai City,BRIHAN MUMBAI,MC,6,5,PRABHAG NO 5 ,,,SONSURKAR UMESH MOHAN,,,,,,,1605,Indian National Congress,BJP,,967,4,,4,25220,3.834,,,25220,,,,
Maharashtra,2017,21-02-2017, ,0,Mumbai City,BRIHAN MUMBAI,MC,6,5,PRABHAG NO 5 ,,,NOTA,,,,,,,u10003,,,,539,5,,4,25220,2.137,,,25220,,,,
Maharashtra,2017,21-02-2017, ,0,Mumbai City,BRIHAN MUMBAI,MC,6,6,PRABHAG NO 6 ,,,KARKAR HARSHAD PRAKASH,,,,,,,18691,Shivsena,SHS,,11355,1,,4,23762,47.786,,,23762,,,,
Maharashtra,2017,21-02-2017, ,0,Mumbai City,BRIHAN MUMBAI,MC,6,6,PRABHAG NO 6 ,,,Rathod Neela Kanubhai,,,,,,,1605,Bhartiya Janata Party,BJP,,9647,2,,4,23762,40.598,,,23762,,,,
Maharashtra,2017,21-02-2017, ,0,Mumbai City,BRIHAN MUMBAI,MC,6,6,PRABHAG NO 6 ,,,NAHIRE SUBHASH BALIRAM,,,,,,,1605,Indian National Congress,BJP,,1801,3,,4,23762,7.579,,,23762,,,,
Maharashtra,2017,21-02-2017, ,0,Mumbai City,BRIHAN MUMBAI,MC,6,6,PRABHAG NO 6 ,,,DHONDGE VASANT SAHADEV,,,,,,,11633,Maharashtra Navnirman Sena,MNS,,530,4,,4,23762,2.23,,,23762,,,,
Maharashtra,2017,21-02-2017, ,0,Mumbai City,BRIHAN MUMBAI,MC,6,6,PRABHAG NO 6 ,,,NOTA,,,,,,,u10003,,,,429,5,,4,23762,1.805,,,23762,,,,
Maharashtra,2017,21-02-2017, ,0,Mumbai City,BRIHAN MUMBAI,MC,6,7,PRABHAG NO 7 ,,,Mhatre Sheetal Mukesh,,,,,,,18691,Shivsena,SHS,,8205,1,,6,20942,39.18,,,20942,,,,
Maharashtra,2017,21-02-2017, ,0,Mumbai City,BRIHAN MUMBAI,MC,6,7,PRABHAG NO 7 ,,,Patil Yogita Nilesh,,,,,,,1605,Bhartiya Janata Party,BJP,,7625,2,,6,20942,36.41,,,20942,,,,
Maharashtra,2017,21-02-2017, ,0,Mumbai City,BRIHAN MUMBAI,MC,6,7,PRABHAG NO 7 ,,,Bhoir Pooja Vivek,,,,,,,11633,Maharashtra Navnirman Sena,MNS,,2068,3,,6,20942,9.875,,,20942,,,,
Maharashtra,2017,21-02-2017, ,0,Mumbai City,BRIHAN MUMBAI,MC,6,7,PRABHAG NO 7 ,,,Varghese Bobby Mathew,,,,,,,1605,Indian National Congress,BJP,,1965,4,,6,20942,9.383,,,20942,,,,
Maharashtra,2017,21-02-2017, ,0,Mumbai City,BRIHAN MUMBAI,MC,6,7,PRABHAG NO 7 ,,,CHAVAN RAMUBAI VASANT,,,,,,,16651,Bahujan Samaj Party,BSP,,314,5,,6,20942,1.499,,,20942,,,,
Maharashtra,2017,21-02-2017, ,0,Mumbai City,BRIHAN MUMBAI,MC,6,7,PRABHAG NO 7 ,,,YERUNKARMORE TRUPTI PRAVIN,,,,,,,5792,Nationalist Congress Party,NCP,,271,6,,6,20942,1.294,,,20942,,,,
Maharashtra,2017,21-02-2017, ,0,Mumbai City,BRIHAN MUMBAI,MC,6,7,PRABHAG NO 7 ,,,NOTA,,,,,,,u10003,,,,494,7,,6,20942,2.359,,,20942,,,,
Maharashtra,2017,21-02-2017, ,0,Mumbai City,BRIHAN MUMBAI,MC,6,8,PRABHAG NO 8 ,,,Chheda Harish Ravji,,,,,,,1605,Bhartiya Janata Party,BJP,,8534,1,,5,19453,43.87,,,19453,,,,
Maharashtra,2017,21-02-2017, ,0,Mumbai City,BRIHAN MUMBAI,MC,6,8,PRABHAG NO 8 ,,,Patil Deepa Ganesh,,,,,,,18691,Shivsena,SHS,,5644,2,,5,19453,29.014,,,19453,,,,
Maharashtra,2017,21-02-2017, ,0,Mumbai City,BRIHAN MUMBAI,MC,6,8,PRABHAG NO 8 ,,,Sutrale Laukik Ashok,,,,,,,1605,Indian National Congress,BJP,,2325,3,,5,19453,11.952,,,19453,,,,
Maharashtra,2017,21-02-2017, ,0,Mumbai City,BRIHAN MUMBAI,MC,6,8,PRABHAG NO 8 ,,,Khan Raies Imtiyaz,,,,,,,5792,Nationalist Congress Party,NCP,,1654,4,,5,19453,8.503,,,19453,,,,
Maharashtra,2017,21-02-2017, ,0,Mumbai City,BRIHAN MUMBAI,MC,6,8,PRABHAG NO 8 ,,,GHOSALKAR GANESH LAXMAN,,,,,,,11633,Maharashtra Navnirman Sena,MNS,,798,5,,5,19453,4.102,,,19453,,,,
Maharashtra,2017,21-02-2017, ,0,Mumbai City,BRIHAN MUMBAI,MC,6,8,PRABHAG NO 8 ,,,NOTA,,,,,,,u10003,,,,498,6,,5,19453,2.56,,,19453,,,,
Maharashtra,2017,21-02-2017, ,0,Mumbai City,BRIHAN MUMBAI,MC,6,9,PRABHAG NO 9 ,,,KORGAONKAR SWETA SHARAD,,,,,,,1605,Indian National Congress,BJP,,9654,1,,4,26335,36.658,,,26335,,,,
Maharashtra,2017,21-02-2017, ,0,Mumbai City,BRIHAN MUMBAI,MC,6,9,PRABHAG NO 9 ,,,MITHBAVKAR MOHAN RAMCHANDRA,,,,,,,1605,Bhartiya Janata Party,BJP,,7585,2,,4,26335,28.802,,,26335,,,,
Maharashtra,2017,21-02-2017, ,0,Mumbai City,BRIHAN MUMBAI,MC,6,9,PRABHAG NO 9 ,,,MHATRE SACHIN DAMODAR,,,,,,,18691,Shivsena,SHS,,7363,3,,4,26335,27.959,,,26335,,,,
Maharashtra,2017,21-02-2017, ,0,Mumbai City,BRIHAN MUMBAI,MC,6,9,PRABHAG NO 9 ,,,NAR MAHESH LAXMAN,,,,,,,11633,Maharashtra Navnirman Sena,MNS,,1248,4,,4,26335,4.739,,,26335,,,,
Maharashtra,2017,21-02-2017, ,0,Mumbai City,BRIHAN MUMBAI,MC,6,9,PRABHAG NO 9 ,,,NOTA,,,,,,,u10003,,,,485,5,,4,26335,1.842,,,26335,,,,
Maharashtra,2017,21-02-2017, ,0,Mumbai City,BRIHAN MUMBAI,MC,6,10,PRABHAG NO 10 ,,,Patel Jitendra Ambalal,,,,,,,1605,Bhartiya Janata Party,BJP,,15585,1,,5,28370,54.935,,,28370,,,,
Maharashtra,2017,21-02-2017, ,0,Mumbai City,BRIHAN MUMBAI,MC,6,10,PRABHAG NO 10 ,,,MHATRE MILIND DWARKANATH,,,,,,,18691,Shivsena,SHS,,9362,2,,5,28370,33,,,28370,,,,
Maharashtra,2017,21-02-2017, ,0,Mumbai City,BRIHAN MUMBAI,MC,6,10,PRABHAG NO 10 ,,,MESTRY SANDEEP MADHUKAR,,,,,,,1605,Indian National Congress,BJP,,1745,3,,5,28370,6.151,,,28370,,,,
Maharashtra,2017,21-02-2017, ,0,Mumbai City,BRIHAN MUMBAI,MC,6,10,PRABHAG NO 10 ,,,NATE RAJESH SHRIDHAR,,,,,,,11633,Maharashtra Navnirman Sena,MNS,,969,4,,5,28370,3.416,,,28370,,,,
Maharashtra,2017,21-02-2017, ,0,Mumbai City,BRIHAN MUMBAI,MC,6,10,PRABHAG NO 10 ,,,belekar arun dashrath,,,,,,,10809,Independent,IND,,117,5,,5,28370,0.412,,,28370,,,,
Maharashtra,2017,21-02-2017, ,0,Mumbai City,BRIHAN MUMBAI,MC,6,10,PRABHAG NO 10 ,,,NOTA,,,,,,,u10003,,,,592,6,,5,28370,2.087,,,28370,,,,
Maharashtra,2017,21-02-2017, ,0,Mumbai City,BRIHAN MUMBAI,MC,6,11,PRABHAG NO 11 ,,,Khursange Riddhi Bhaskar,,,,,,,18691,Shivsena,SHS,,13856,1,,11,25646,54.028,,,25646,,,,
Maharashtra,2017,21-02-2017, ,0,Mumbai City,BRIHAN MUMBAI,MC,6,11,PRABHAG NO 11 ,,,DAREKAR PRAKASH YASHWANT,,,,,,,1605,Bhartiya Janata Party,BJP,,7454,2,,11,25646,29.065,,,25646,,,,
Maharashtra,2017,21-02-2017, ,0,Mumbai City,BRIHAN MUMBAI,MC,6,11,PRABHAG NO 11 ,,,YADAV ASHOK MEGHAI,,,,,,,1605,Indian National Congress,BJP,,1463,3,,11,25646,5.705,,,25646,,,,
Maharashtra,2017,21-02-2017, ,0,Mumbai City,BRIHAN MUMBAI,MC,6,11,PRABHAG NO 11 ,,,Kasar Rajesh Manohar,,,,,,,11633,Maharashtra Navnirman Sena,MNS,,1143,4,,11,25646,4.457,,,25646,,,,
Maharashtra,2017,21-02-2017, ,0,Mumbai City,BRIHAN MUMBAI,MC,6,11,PRABHAG NO 11 ,,,CHAVAN SHIVAJI PANDURANG,,,,,,,10809,Independent,IND,,618,5,,11,25646,2.41,,,25646,,,,
Maharashtra,2017,21-02-2017, ,0,Mumbai City,BRIHAN MUMBAI,MC,6,11,PRABHAG NO 11 ,,,Rane Krishnaji Bhaurao,,,,,,,5792,Nationalist Congress Party,NCP,,322,6,,11,25646,1.256,,,25646,,,,
Maharashtra,2017,21-02-2017, ,0,Mumbai City,BRIHAN MUMBAI,MC,6,11,PRABHAG NO 11 ,,,MALUSHTE SUCHIT SAKHARAM,,,,,,,10809,Independent,IND,,177,7,,11,25646,0.69,,,25646,,,,
Maharashtra,2017,21-02-2017, ,0,Mumbai City,BRIHAN MUMBAI,MC,6,11,PRABHAG NO 11 ,,,Bhosle Sunil Shyam,,,,,,,10809,Independent,IND,,76,8,,11,25646,0.296,,,25646,,,,
Maharashtra,2017,21-02-2017, ,0,Mumbai City,BRIHAN MUMBAI,MC,6,11,PRABHAG NO 11 ,,,Jagtap Vijaya Sampat,,,,,,,10809,Independent,IND,,40,9,,11,25646,0.156,,,25646,,,,
Maharashtra,2017,21-02-2017, ,0,Mumbai City,BRIHAN MUMBAI,MC,6,11,PRABHAG NO 11 ,,,TUPAT VISHWANATH GHANSHYAM,,,,,,,5577,National Black Panthar,NBPP,,36,10,,11,25646,0.14,,,25646,,,,
Maharashtra,2017,21-02-2017, ,0,Mumbai City,BRIHAN MUMBAI,MC,6,11,PRABHAG NO 11 ,,,JAISWAL SUBHASH RAMESH,,,,,,,24549,Sambhaji Brigade,SBBGP,,32,11,,11,25646,0.125,,,25646,,,,
Maharashtra,2017,21-02-2017, ,0,Mumbai City,BRIHAN MUMBAI,MC,6,11,PRABHAG NO 11 ,,,NOTA,,,,,,,u10003,,,,429,12,,11,25646,1.673,,,25646,,,,
Maharashtra,2017,21-02-2017, ,0,Mumbai City,BRIHAN MUMBAI,MC,6,12,PRABHAG NO 12 ,,,SINGHAN GEETA SANJAY,,,,,,,18691,Shivsena,SHS,,9005,1,,11,21747,41.408,,,21747,,,,
Maharashtra,2017,21-02-2017, ,0,Mumbai City,BRIHAN MUMBAI,MC,6,12,PRABHAG NO 12 ,,,CHOGLE VIKRAM SHIRISH,,,,,,,1605,Bhartiya Janata Party,BJP,,6695,2,,11,21747,30.786,,,21747,,,,
Maharashtra,2017,21-02-2017, ,0,Mumbai City,BRIHAN MUMBAI,MC,6,12,PRABHAG NO 12 ,,,NAIK AMOL ARUN,,,,,,,10809,Independent,IND,,2356,3,,11,21747,10.834,,,21747,,,,
Maharashtra,2017,21-02-2017, ,0,Mumbai City,BRIHAN MUMBAI,MC,6,12,PRABHAG NO 12 ,,,PAWAR SHIVANI JATIN,,,,,,,11633,Maharashtra Navnirman Sena,MNS,,1064,4,,11,21747,4.893,,,21747,,,,
Maharashtra,2017,21-02-2017, ,0,Mumbai City,BRIHAN MUMBAI,MC,6,12,PRABHAG NO 12 ,,,PANDEY HEMANT BHAILAL,,,,,,,1605,Indian National Congress,BJP,,788,5,,11,21747,3.623,,,21747,,,,
Maharashtra,2017,21-02-2017, ,0,Mumbai City,BRIHAN MUMBAI,MC,6,12,PRABHAG NO 12 ,,,DESAI AJAY YASHWANT,,,,,,,5792,Nationalist Congress Party,NCP,,745,6,,11,21747,3.426,,,21747,,,,
Maharashtra,2017,21-02-2017, ,0,Mumbai City,BRIHAN MUMBAI,MC,6,12,PRABHAG NO 12 ,,,SHINDE PRAMOD PRALHAD,,,,,,,10809,Independent,IND,,226,7,,11,21747,1.039,,,21747,,,,
Maharashtra,2017,21-02-2017, ,0,Mumbai City,BRIHAN MUMBAI,MC,6,12,PRABHAG NO 12 ,,,FULWARE PRADEEP BHANUDAS,,,,,,,u10004,Aghadi/Front,,,147,8,,11,21747,0.676,,,21747,,,,
Maharashtra,2017,21-02-2017, ,0,Mumbai City,BRIHAN MUMBAI,MC,6,12,PRABHAG NO 12 ,,,Dalvi Vinay Tukaram,,,,,,,10809,Independent,IND,,135,9,,11,21747,0.621,,,21747,,,,
Maharashtra,2017,21-02-2017, ,0,Mumbai City,BRIHAN MUMBAI,MC,6,12,PRABHAG NO 12 ,,,RAWAT HARGOVIND DURGASINGH,,,,,,,10809,Independent,IND,,108,10,,11,21747,0.497,,,21747,,,,
Maharashtra,2017,21-02-2017, ,0,Mumbai City,BRIHAN MUMBAI,MC,6,12,PRABHAG NO 12 ,,,KAMBLE MACHHINDRA SHIVAJI,,,,,,,1096,bahujan republican sociolist party,BARESP,,97,11,,11,21747,0.446,,,21747,,,,
Maharashtra,2017,21-02-2017, ,0,Mumbai City,BRIHAN MUMBAI,MC,6,12,PRABHAG NO 12 ,,,NOTA,,,,,,,u10003,,,,381,12,,11,21747,1.752,,,21747,,,,
Maharashtra,2017,21-02-2017, ,0,Mumbai City,BRIHAN MUMBAI,MC,6,13,PRABHAG NO 13 ,,,Singh Vidyarthi Balister,,,,,,,1605,Bhartiya Janata Party,BJP,,13113,1,,13,25290,51.851,,,25290,,,,
Maharashtra,2017,21-02-2017, ,0,Mumbai City,BRIHAN MUMBAI,MC,6,13,PRABHAG NO 13 ,,,KADAM RAJESH NANDKUMAR,,,,,,,18691,Shivsena,SHS,,5907,2,,13,25290,23.357,,,25290,,,,
Maharashtra,2017,21-02-2017, ,0,Mumbai City,BRIHAN MUMBAI,MC,6,13,PRABHAG NO 13 ,,,PATIL VINAY GHANSHYAM,,,,,,,1605,Indian National Congress,BJP,,3632,3,,13,25290,14.361,,,25290,,,,
Maharashtra,2017,21-02-2017, ,0,Mumbai City,BRIHAN MUMBAI,MC,6,13,PRABHAG NO 13 ,,,inamdar tajuddin badiuddin,,,,,,,5792,Nationalist Congress Party,NCP,,808,4,,13,25290,3.195,,,25290,,,,
Maharashtra,2017,21-02-2017, ,0,Mumbai City,BRIHAN MUMBAI,MC,6,13,PRABHAG NO 13 ,,,SOLANKI VINOD JIVA,,,,,,,11633,Maharashtra Navnirman Sena,MNS,,579,5,,13,25290,2.289,,,25290,,,,
Maharashtra,2017,21-02-2017, ,0,Mumbai City,BRIHAN MUMBAI,MC,6,13,PRABHAG NO 13 ,,,PATIL MAYUR VASANT,,,,,,,10809,Independent,IND,,224,6,,13,25290,0.886,,,25290,,,,
Maharashtra,2017,21-02-2017, ,0,Mumbai City,BRIHAN MUMBAI,MC,6,13,PRABHAG NO 13 ,,,KHAN ABDULWAFA HABIB,,,,,,,7425,Samajwadi Party,SP,,132,7,,13,25290,0.522,,,25290,,,,
Maharashtra,2017,21-02-2017, ,0,Mumbai City,BRIHAN MUMBAI,MC,6,13,PRABHAG NO 13 ,,,Pandey Dinesh Ramashankar,,,,,,,10809,Independent,IND,,114,8,,13,25290,0.451,,,25290,,,,
Maharashtra,2017,21-02-2017, ,0,Mumbai City,BRIHAN MUMBAI,MC,6,13,PRABHAG NO 13 ,,,Dhumadiya Raju Santosh,,,,,,,7682,Sardar Vallbhbhai Patel Party,SVPP,,102,9,,13,25290,0.403,,,25290,,,,
Maharashtra,2017,21-02-2017, ,0,Mumbai City,BRIHAN MUMBAI,MC,6,13,PRABHAG NO 13 ,,,SONAVANE LILAVATI SHRINIWAS,,,,,,,10809,Independent,IND,,81,10,,13,25290,0.32,,,25290,,,,
Maharashtra,2017,21-02-2017, ,0,Mumbai City,BRIHAN MUMBAI,MC,6,13,PRABHAG NO 13 ,,,MALLAH RAJESH RAMKISAN,,,,,,,16651,Bahujan Samaj Party,BSP,,52,11,,13,25290,0.206,,,25290,,,,
Maharashtra,2017,21-02-2017, ,0,Mumbai City,BRIHAN MUMBAI,MC,6,13,PRABHAG NO 13 ,,,PATIL SATISH RAMCHANDRA,,,,,,,9677,Bahujan Vikas Aghadi,BVA,,42,12,,13,25290,0.166,,,25290,,,,
Maharashtra,2017,21-02-2017, ,0,Mumbai City,BRIHAN MUMBAI,MC,6,13,PRABHAG NO 13 ,,,INAMDAR NASIMUDDIN BADIUDDIN,,,,,,,10809,Independent,IND,,16,13,,13,25290,0.063,,,25290,,,,
Maharashtra,2017,21-02-2017, ,0,Mumbai City,BRIHAN MUMBAI,MC,6,13,PRABHAG NO 13 ,,,NOTA,,,,,,,u10003,,,,488,14,,13,25290,1.93,,,25290,,,,
Maharashtra,2017,21-02-2017, ,0,Mumbai City,BRIHAN MUMBAI,MC,6,14,PRABHAG NO 14 ,,,Patil Asawari Anil,,,,,,,1605,Bhartiya Janata Party,BJP,,8321,1,,6,20831,39.945,,,20831,,,,
Maharashtra,2017,21-02-2017, ,0,Mumbai City,BRIHAN MUMBAI,MC,6,14,PRABHAG NO 14 ,,,KADAM BHARTI CHETAN,,,,,,,18691,Shivsena,SHS,,7180,2,,6,20831,34.468,,,20831,,,,
Maharashtra,2017,21-02-2017, ,0,Mumbai City,BRIHAN MUMBAI,MC,6,14,PRABHAG NO 14 ,,,GUJAR NISHA SANDEEP,,,,,,,11633,Maharashtra Navnirman Sena,MNS,,2224,3,,6,20831,10.676,,,20831,,,,
Maharashtra,2017,21-02-2017, ,0,Mumbai City,BRIHAN MUMBAI,MC,6,14,PRABHAG NO 14 ,,,MESTRY RASHMI YASHWANT,,,,,,,1605,Indian National Congress,BJP,,1844,4,,6,20831,8.852,,,20831,,,,
Maharashtra,2017,21-02-2017, ,0,Mumbai City,BRIHAN MUMBAI,MC,6,14,PRABHAG NO 14 ,,,NIKAM SHUBHANGI SANTOSH,,,,,,,5792,Nationalist Congress Party,NCP,,650,5,,6,20831,3.12,,,20831,,,,
Maharashtra,2017,21-02-2017, ,0,Mumbai City,BRIHAN MUMBAI,MC,6,14,PRABHAG NO 14 ,,,JADHAV DAIVATA LAXMAN,,,,,,,24549,Sambhaji Brigade,SBBGP,,87,6,,6,20831,0.418,,,20831,,,,
Maharashtra,2017,21-02-2017, ,0,Mumbai City,BRIHAN MUMBAI,MC,6,14,PRABHAG NO 14 ,,,NOTA,,,,,,,u10003,,,,525,7,,6,20831,2.52,,,20831,,,,
Maharashtra,2017,21-02-2017, ,0,Mumbai City,BRIHAN MUMBAI,MC,6,15,PRABHAG NO 15 ,,,SHAH PRAVIN RIKHAVCHAND,,,,,,,1605,Bhartiya Janata Party,BJP,,22860,1,,7,31177,73.323,,,31177,,,,
Maharashtra,2017,21-02-2017, ,0,Mumbai City,BRIHAN MUMBAI,MC,6,15,PRABHAG NO 15 ,,,DHANAK PARESHBHAI BABUBHAI,,,,,,,18691,Shivsena,SHS,,3304,2,,7,31177,10.598,,,31177,,,,
Maharashtra,2017,21-02-2017, ,0,Mumbai City,BRIHAN MUMBAI,MC,6,15,PRABHAG NO 15 ,,,GOSALIA MEHUL AJIT,,,,,,,1605,Indian National Congress,BJP,,2711,3,,7,31177,8.696,,,31177,,,,
Maharashtra,2017,21-02-2017, ,0,Mumbai City,BRIHAN MUMBAI,MC,6,15,PRABHAG NO 15 ,,,BHOIR MAHESH VINOD,,,,,,,11633,Maharashtra Navnirman Sena,MNS,,939,4,,7,31177,3.012,,,31177,,,,
Maharashtra,2017,21-02-2017, ,0,Mumbai City,BRIHAN MUMBAI,MC,6,15,PRABHAG NO 15 ,,,MISHRA NARAYAN RAMKEDAR,,,,,,,16651,Bahujan Samaj Party,BSP,,217,5,,7,31177,0.696,,,31177,,,,
Maharashtra,2017,21-02-2017, ,0,Mumbai City,BRIHAN MUMBAI,MC,6,15,PRABHAG NO 15 ,,,MAHADIK ABHIJIT VIJAY,,,,,,,10809,Independent,IND,,212,6,,7,31177,0.68,,,31177,,,,
Maharashtra,2017,21-02-2017, ,0,Mumbai City,BRIHAN MUMBAI,MC,6,15,PRABHAG NO 15 ,,,NAYAGAM BALAGANAPATHI THOMAS,,,,,,,10809,Independent,IND,,65,7,,7,31177,0.208,,,31177,,,,
Maharashtra,2017,21-02-2017, ,0,Mumbai City,BRIHAN MUMBAI,MC,6,15,PRABHAG NO 15 ,,,NOTA,,,,,,,u10003,,,,869,8,,7,31177,2.787,,,31177,,,,
Maharashtra,2017,21-02-2017, ,0,Mumbai City,BRIHAN MUMBAI,MC,6,16,PRABHAG NO 16 ,,,Khedkar Anjali Arun,,,,,,,1605,Bhartiya Janata Party,BJP,,9465,1,,6,28418,33.306,,,28418,,,,
Maharashtra,2017,21-02-2017, ,0,Mumbai City,BRIHAN MUMBAI,MC,6,16,PRABHAG NO 16 ,,,DANDEKAR PRITI SANDESH,,,,,,,18691,Shivsena,SHS,,7554,2,,6,28418,26.582,,,28418,,,,
Maharashtra,2017,21-02-2017, ,0,Mumbai City,BRIHAN MUMBAI,MC,6,16,PRABHAG NO 16 ,,,SHETTY VIJAYALAXMI NARAYAN,,,,,,,1605,Indian National Congress,BJP,,6676,3,,6,28418,23.492,,,28418,,,,
Maharashtra,2017,21-02-2017, ,0,Mumbai City,BRIHAN MUMBAI,MC,6,16,PRABHAG NO 16 ,,,Bacche Manisha Navnath,,,,,,,5792,Nationalist Congress Party,NCP,,1852,4,,6,28418,6.517,,,28418,,,,
Maharashtra,2017,21-02-2017, ,0,Mumbai City,BRIHAN MUMBAI,MC,6,16,PRABHAG NO 16 ,,,NIVALE RESHMA SHANKAR,,,,,,,11633,Maharashtra Navnirman Sena,MNS,,1724,5,,6,28418,6.067,,,28418,,,,
Maharashtra,2017,21-02-2017, ,0,Mumbai City,BRIHAN MUMBAI,MC,6,16,PRABHAG NO 16 ,,,IJAGAJ POONAM NITESH,,,,,,,16651,Bahujan Samaj Party,BSP,,632,6,,6,28418,2.224,,,28418,,,,
Maharashtra,2017,21-02-2017, ,0,Mumbai City,BRIHAN MUMBAI,MC,6,16,PRABHAG NO 16 ,,,NOTA,,,,,,,u10003,,,,515,7,,6,28418,1.812,,,28418,,,,
Maharashtra,2017,21-02-2017, ,0,Mumbai City,BRIHAN MUMBAI,MC,6,17,PRABHAG NO 17 ,,,DOSHI BINA PARESH,,,,,,,1605,Bhartiya Janata Party,BJP,,14414,1,,5,25113,57.397,,,25113,,,,
Maharashtra,2017,21-02-2017, ,0,Mumbai City,BRIHAN MUMBAI,MC,6,17,PRABHAG NO 17 ,,,SANGORE SHILPA SAURABH,,,,,,,18691,Shivsena,SHS,,4822,2,,5,25113,19.201,,,25113,,,,
Maharashtra,2017,21-02-2017, ,0,Mumbai City,BRIHAN MUMBAI,MC,6,17,PRABHAG NO 17 ,,,RANE PRAGATI PRATAPSINH,,,,,,,1605,Indian National Congress,BJP,,4310,3,,5,25113,17.162,,,25113,,,,
Maharashtra,2017,21-02-2017, ,0,Mumbai City,BRIHAN MUMBAI,MC,6,17,PRABHAG NO 17 ,,,VED KHUSHBOO MAHENDRA,,,,,,,11633,Maharashtra Navnirman Sena,MNS,,700,4,,5,25113,2.787,,,25113,,,,
Maharashtra,2017,21-02-2017, ,0,Mumbai City,BRIHAN MUMBAI,MC,6,17,PRABHAG NO 17 ,,,KAMAT MEERA SADANAND,,,,,,,10809,Independent,IND,,336,5,,5,25113,1.338,,,25113,,,,
Maharashtra,2017,21-02-2017, ,0,Mumbai City,BRIHAN MUMBAI,MC,6,17,PRABHAG NO 17 ,,,NOTA,,,,,,,u10003,,,,531,6,,5,25113,2.114,,,25113,,,,
Maharashtra,2017,21-02-2017, ,0,Mumbai City,BRIHAN MUMBAI,MC,6,18,PRABHAG NO 18 ,,,Doshi Sandhya Vipul,,,,,,,18691,Shivsena,SHS,,9815,1,,8,24134,40.669,,,24134,,,,
Maharashtra,2017,21-02-2017, ,0,Mumbai City,BRIHAN MUMBAI,MC,6,18,PRABHAG NO 18 ,,,AMBARE SUMESH GOPAL,,,,,,,1605,Bhartiya Janata Party,BJP,,8044,2,,8,24134,33.331,,,24134,,,,
Maharashtra,2017,21-02-2017, ,0,Mumbai City,BRIHAN MUMBAI,MC,6,18,PRABHAG NO 18 ,,,More Kabirdas Dnyandeo,,,,,,,11633,Maharashtra Navnirman Sena,MNS,,3841,3,,8,24134,15.915,,,24134,,,,
Maharashtra,2017,21-02-2017, ,0,Mumbai City,BRIHAN MUMBAI,MC,6,18,PRABHAG NO 18 ,,,PANDIT DILIP BAGARAM,,,,,,,1605,Indian National Congress,BJP,,974,4,,8,24134,4.036,,,24134,,,,
Maharashtra,2017,21-02-2017, ,0,Mumbai City,BRIHAN MUMBAI,MC,6,18,PRABHAG NO 18 ,,,KONDVILKAR TEJAS VITTHAL,,,,,,,5792,Nationalist Congress Party,NCP,,341,5,,8,24134,1.413,,,24134,,,,
Maharashtra,2017,21-02-2017, ,0,Mumbai City,BRIHAN MUMBAI,MC,6,18,PRABHAG NO 18 ,,,Agarwal Manish Vedprakash,,,,,,,10809,Independent,IND,,284,6,,8,24134,1.177,,,24134,,,,
Maharashtra,2017,21-02-2017, ,0,Mumbai City,BRIHAN MUMBAI,MC,6,18,PRABHAG NO 18 ,,,WAGHMARE SANJAY SAYAJI,,,,,,,16651,Bahujan Samaj Party,BSP,,281,7,,8,24134,1.164,,,24134,,,,
Maharashtra,2017,21-02-2017, ,0,Mumbai City,BRIHAN MUMBAI,MC,6,18,PRABHAG NO 18 ,,,SHELAR AMAR DNYANESHWAR,,,,,,,10809,Independent,IND,,179,8,,8,24134,0.742,,,24134,,,,
Maharashtra,2017,21-02-2017, ,0,Mumbai City,BRIHAN MUMBAI,MC,6,18,PRABHAG NO 18 ,,,NOTA,,,,,,,u10003,,,,375,9,,8,24134,1.554,,,24134,,,,
Maharashtra,2017,21-02-2017, ,0,Mumbai City,BRIHAN MUMBAI,MC,6,19,PRABHAG NO 19 ,,,Gudekar Shubhada Subhash,,,,,,,18691,Shivsena,SHS,,10817,1,,7,25720,42.057,,,25720,,,,
Maharashtra,2017,21-02-2017, ,0,Mumbai City,BRIHAN MUMBAI,MC,6,19,PRABHAG NO 19 ,,,TAKKE RESHMA RAVINDRA,,,,,,,1605,Bhartiya Janata Party,BJP,,8687,2,,7,25720,33.775,,,25720,,,,
Maharashtra,2017,21-02-2017, ,0,Mumbai City,BRIHAN MUMBAI,MC,6,19,PRABHAG NO 19 ,,,RAJHANS SANSKRUTI SATYANARAYAN,,,,,,,1605,Indian National Congress,BJP,,2198,3,,7,25720,8.546,,,25720,,,,
Maharashtra,2017,21-02-2017, ,0,Mumbai City,BRIHAN MUMBAI,MC,6,19,PRABHAG NO 19 ,,,KARANDE SANGEETA SHANTARAM,,,,,,,11633,Maharashtra Navnirman Sena,MNS,,1298,4,,7,25720,5.047,,,25720,,,,
Maharashtra,2017,21-02-2017, ,0,Mumbai City,BRIHAN MUMBAI,MC,6,19,PRABHAG NO 19 ,,,GAWALI JAYASHRI SANTOSH,,,,,,,5792,Nationalist Congress Party,NCP,,1124,5,,7,25720,4.37,,,25720,,,,
Maharashtra,2017,21-02-2017, ,0,Mumbai City,BRIHAN MUMBAI,MC,6,19,PRABHAG NO 19 ,,,SAPKALE SARASWATI RAMESH,,,,,,,12285,Republican Party of India (A),RPI(A),,790,6,,7,25720,3.072,,,25720,,,,
Maharashtra,2017,21-02-2017, ,0,Mumbai City,BRIHAN MUMBAI,MC,6,19,PRABHAG NO 19 ,,,DANDEKAR MANGAL VAMAN,,,,,,,16651,Bahujan Samaj Party,BSP,,385,7,,7,25720,1.497,,,25720,,,,
Maharashtra,2017,21-02-2017, ,0,Mumbai City,BRIHAN MUMBAI,MC,6,19,PRABHAG NO 19 ,,,NOTA,,,,,,,u10003,,,,421,8,,7,25720,1.637,,,25720,,,,
Maharashtra,2017,21-02-2017, ,0,Mumbai City,BRIHAN MUMBAI,MC,6,20,PRABHAG NO 20 ,,,TAWDE DEEPAK PARSHURAM,,,,,,,1605,Bhartiya Janata Party,BJP,,6856,1,,14,18163,37.747,,,18163,,,,
Maharashtra,2017,21-02-2017, ,0,Mumbai City,BRIHAN MUMBAI,MC,6,20,PRABHAG NO 20 ,,,SURVE SUDHAKAR PARSHURAM,,,,,,,18691,Shivsena,SHS,,4360,2,,14,18163,24.005,,,18163,,,,
Maharashtra,2017,21-02-2017, ,0,Mumbai City,BRIHAN MUMBAI,MC,6,20,PRABHAG NO 20 ,,,PATIL VINAYAK NANA,,,,,,,5792,Nationalist Congress Party,NCP,,2037,3,,14,18163,11.215,,,18163,,,,
Maharashtra,2017,21-02-2017, ,0,Mumbai City,BRIHAN MUMBAI,MC,6,20,PRABHAG NO 20 ,,,CHAUDHARY MOHAMMADHAROON MOHAMMADYUNUS,,,,,,,7425,Samajwadi Party,SP,,1627,4,,14,18163,8.958,,,18163,,,,
Maharashtra,2017,21-02-2017, ,0,Mumbai City,BRIHAN MUMBAI,MC,6,20,PRABHAG NO 20 ,,,DUBEY LALJI GAJANAN,,,,,,,1605,Indian National Congress,BJP,,934,5,,14,18163,5.142,,,18163,,,,
Maharashtra,2017,21-02-2017, ,0,Mumbai City,BRIHAN MUMBAI,MC,6,20,PRABHAG NO 20 ,,,KADAM RAJENDRA GANPAT,,,,,,,11633,Maharashtra Navnirman Sena,MNS,,886,6,,14,18163,4.878,,,18163,,,,
Maharashtra,2017,21-02-2017, ,0,Mumbai City,BRIHAN MUMBAI,MC,6,20,PRABHAG NO 20 ,,,Khan Yusuf MohammadUmar,,,,,,,10809,Independent,IND,,423,7,,14,18163,2.329,,,18163,,,,
Maharashtra,2017,21-02-2017, ,0,Mumbai City,BRIHAN MUMBAI,MC,6,20,PRABHAG NO 20 ,,,AZMI SHAMIM SADRUDDIN,,,,,,,706,All India Majlis e Ittehadul Muslimeen,AIMIM,,414,8,,14,18163,2.279,,,18163,,,,
Maharashtra,2017,21-02-2017, ,0,Mumbai City,BRIHAN MUMBAI,MC,6,20,PRABHAG NO 20 ,,,MOHD AZHARUDDIN AMIRUDDIN,,,,,,,9677,Bahujan Vikas Aghadi,BVA,,143,9,,14,18163,0.787,,,18163,,,,
Maharashtra,2017,21-02-2017, ,0,Mumbai City,BRIHAN MUMBAI,MC,6,20,PRABHAG NO 20 ,,,YADAV VIJAYSHANKAR LALJI,,,,,,,16651,Bahujan Samaj Party,BSP,,100,10,,14,18163,0.551,,,18163,,,,
Maharashtra,2017,21-02-2017, ,0,Mumbai City,BRIHAN MUMBAI,MC,6,20,PRABHAG NO 20 ,,,ShaikhMansuri Fatehmohammed Mohammedraza,,,,,,,10809,Independent,IND,,82,11,,14,18163,0.451,,,18163,,,,
Maharashtra,2017,21-02-2017, ,0,Mumbai City,BRIHAN MUMBAI,MC,6,20,PRABHAG NO 20 ,,,Usmani MaqsoodAlam SirajulHaq,,,,,,,10809,Independent,IND,,65,12,,14,18163,0.358,,,18163,,,,
Maharashtra,2017,21-02-2017, ,0,Mumbai City,BRIHAN MUMBAI,MC,6,20,PRABHAG NO 20 ,,,MISHRA KRISHNA RAVINDRA,,,,,,,10809,Independent,IND,,43,13,,14,18163,0.237,,,18163,,,,
Maharashtra,2017,21-02-2017, ,0,Mumbai City,BRIHAN MUMBAI,MC,6,20,PRABHAG NO 20 ,,,KOKANE ANIL HARISHCHANDRA,,,,,,,12285,Republican Party of India (A),RPI(A),,9,14,,14,18163,0.05,,,18163,,,,
Maharashtra,2017,21-02-2017, ,0,Mumbai City,BRIHAN MUMBAI,MC,6,20,PRABHAG NO 20 ,,,NOTA,,,,,,,u10003,,,,184,15,,14,18163,1.013,,,18163,,,,
Maharashtra,2017,21-02-2017, ,0,Mumbai City,BRIHAN MUMBAI,MC,6,21,PRABHAG NO 21 ,,,Girkar Shailaja Vijay,,,,,,,1605,Bhartiya Janata Party,BJP,,15344,1,,4,23918,64.153,,,23918,,,,
Maharashtra,2017,21-02-2017, ,1,Mumbai City,BRIHAN MUMBAI,MC,6,21,Ward no. 21 ,,,Girkar Pratibha Yogesh,,,,,,,1605,Bhartiya Janata Party,BJP,,9591,1,,2,11804,81.252,,,11804,,,,
Maharashtra,2017,21-02-2017, ,0,Mumbai City,BRIHAN MUMBAI,MC,6,21,PRABHAG NO 21 ,,,MISTRY JAYASHREE ANIL,,,,,,,18691,Shivsena,SHS,,5000,2,,4,23918,20.905,,,23918,,,,
Maharashtra,2017,21-02-2017, ,1,Mumbai City,BRIHAN MUMBAI,MC,6,21,Ward no. 21 ,,,MADHALE NILAM VISHAL,,,,,,,1605,Indian National Congress,BJP,,1984,2,,2,11804,16.808,,,11804,,,,
Maharashtra,2017,21-02-2017, ,0,Mumbai City,BRIHAN MUMBAI,MC,6,21,PRABHAG NO 21 ,,,Bhandari Minakshi Jayesh,,,,,,,1605,Indian National Congress,BJP,,2364,3,,4,23918,9.884,,,23918,,,,
Maharashtra,2017,21-02-2017, ,1,Mumbai City,BRIHAN MUMBAI,MC,6,21,Ward no. 21 ,,,NOTA,,,,,,,u10003,,,,229,3,,2,11804,1.94,,,11804,,,,
Maharashtra,2017,21-02-2017, ,0,Mumbai City,BRIHAN MUMBAI,MC,6,21,PRABHAG NO 21 ,,,KULKARNI SEEMA PRADEEP,,,,,,,11633,Maharashtra Navnirman Sena,MNS,,768,4,,4,23918,3.211,,,23918,,,,
Maharashtra,2017,21-02-2017, ,0,Mumbai City,BRIHAN MUMBAI,MC,6,21,PRABHAG NO 21 ,,,NOTA,,,,,,,u10003,,,,442,5,,4,23918,1.848,,,23918,,,,
Maharashtra,2017,21-02-2017, ,0,Mumbai City,BRIHAN MUMBAI,MC,6,22,PRABHAG NO 22 ,,,More Priyanka Prafull,,,,,,,1605,Bhartiya Janata Party,BJP,,14570,1,,5,23957,60.817,,,23957,,,,
Maharashtra,2017,21-02-2017, ,0,Mumbai City,BRIHAN MUMBAI,MC,6,22,PRABHAG NO 22 ,,,PRASADE SUVARNA SUBHASH,,,,,,,18691,Shivsena,SHS,,4313,2,,5,23957,18.003,,,23957,,,,
Maharashtra,2017,21-02-2017, ,0,Mumbai City,BRIHAN MUMBAI,MC,6,22,PRABHAG NO 22 ,,,MADHALE NILAM VISHAL,,,,,,,1605,Indian National Congress,BJP,,2624,3,,5,23957,10.953,,,23957,,,,
Maharashtra,2017,21-02-2017, ,0,Mumbai City,BRIHAN MUMBAI,MC,6,22,PRABHAG NO 22 ,,,MANWACHARYA POOJA KUNAL,,,,,,,5792,Nationalist Congress Party,NCP,,1183,4,,5,23957,4.938,,,23957,,,,
Maharashtra,2017,21-02-2017, ,0,Mumbai City,BRIHAN MUMBAI,MC,6,22,PRABHAG NO 22 ,,,GHADI PAYAL PANDURANG,,,,,,,11633,Maharashtra Navnirman Sena,MNS,,806,5,,5,23957,3.364,,,23957,,,,
Maharashtra,2017,21-02-2017, ,0,Mumbai City,BRIHAN MUMBAI,MC,6,22,PRABHAG NO 22 ,,,NOTA,,,,,,,u10003,,,,461,6,,5,23957,1.924,,,23957,,,,
Maharashtra,2017,21-02-2017, ,0,Mumbai City,BRIHAN MUMBAI,MC,6,23,PRABHAG NO 23 ,,,JHA SHIVKUMAR BASUKINATH,,,,,,,1605,Bhartiya Janata Party,BJP,,7197,1,,20,21450,33.552,,,21450,,,,
Maharashtra,2017,21-02-2017, ,0,Mumbai City,BRIHAN MUMBAI,MC,6,23,PRABHAG NO 23 ,,,SINGH SHIVSAHAY HANUMANPRASAD,,,,,,,1605,Indian National Congress,BJP,,4567,2,,20,21450,21.291,,,21450,,,,
Maharashtra,2017,21-02-2017, ,0,Mumbai City,BRIHAN MUMBAI,MC,6,23,PRABHAG NO 23 ,,,Sawant Ashok Vasudev,,,,,,,18691,Shivsena,SHS,,4070,3,,20,21450,18.974,,,21450,,,,
Maharashtra,2017,21-02-2017, ,0,Mumbai City,BRIHAN MUMBAI,MC,6,23,PRABHAG NO 23 ,,,Patel Sanjay Nagindas,,,,,,,10809,Independent,IND,,1064,4,,20,21450,4.96,,,21450,,,,
Maharashtra,2017,21-02-2017, ,0,Mumbai City,BRIHAN MUMBAI,MC,6,23,PRABHAG NO 23 ,,,MISHRA RAGHVENDRA BALIRAJ,,,,,,,10809,Independent,IND,,1057,5,,20,21450,4.928,,,21450,,,,
Maharashtra,2017,21-02-2017, ,0,Mumbai City,BRIHAN MUMBAI,MC,6,23,PRABHAG NO 23 ,,,Singh Jitendra Satyanarayan,,,,,,,10809,Independent,IND,,841,6,,20,21450,3.921,,,21450,,,,
Maharashtra,2017,21-02-2017, ,0,Mumbai City,BRIHAN MUMBAI,MC,6,23,PRABHAG NO 23 ,,,JHA SANTOSH RAMAKANT,,,,,,,10809,Independent,IND,,556,7,,20,21450,2.592,,,21450,,,,
Maharashtra,2017,21-02-2017, ,0,Mumbai City,BRIHAN MUMBAI,MC,6,23,PRABHAG NO 23 ,,,SALVI GAJANAN SHANTARAM,,,,,,,11633,Maharashtra Navnirman Sena,MNS,,299,8,,20,21450,1.394,,,21450,,,,
Maharashtra,2017,21-02-2017, ,0,Mumbai City,BRIHAN MUMBAI,MC,6,23,PRABHAG NO 23 ,,,CHAUDHARI TILAKKUMAR RAMNARESH,,,,,,,10809,Independent,IND,,262,9,,20,21450,1.221,,,21450,,,,
Maharashtra,2017,21-02-2017, ,0,Mumbai City,BRIHAN MUMBAI,MC,6,23,PRABHAG NO 23 ,,,CHAVAN KISHOR DHONDU,,,,,,,9677,Bahujan Vikas Aghadi,BVA,,235,10,,20,21450,1.096,,,21450,,,,
Maharashtra,2017,21-02-2017, ,0,Mumbai City,BRIHAN MUMBAI,MC,6,23,PRABHAG NO 23 ,,,DUBEY ATMARAM SHYAMNARAYAN,,,,,,,10809,Independent,IND,,210,11,,20,21450,0.979,,,21450,,,,
Maharashtra,2017,21-02-2017, ,0,Mumbai City,BRIHAN MUMBAI,MC,6,23,PRABHAG NO 23 ,,,JADHAV RAGHUNATH BABAN,,,,,,,10809,Independent,IND,,190,12,,20,21450,0.886,,,21450,,,,
Maharashtra,2017,21-02-2017, ,0,Mumbai City,BRIHAN MUMBAI,MC,6,23,PRABHAG NO 23 ,,,KHAN HUSSAIN ABBASALI,,,,,,,16651,Bahujan Samaj Party,BSP,,145,13,,20,21450,0.676,,,21450,,,,
Maharashtra,2017,21-02-2017, ,0,Mumbai City,BRIHAN MUMBAI,MC,6,23,PRABHAG NO 23 ,,,Bandivadekar Deepak Mahadev,,,,,,,10809,Independent,IND,,126,14,,20,21450,0.587,,,21450,,,,
Maharashtra,2017,21-02-2017, ,0,Mumbai City,BRIHAN MUMBAI,MC,6,23,PRABHAG NO 23 ,,,dubey ravindranath pashupatinath,,dubey ravindranath पशुपतीनाथ,,,,,7425,Samajwadi Party,SP,,116,15,,20,21450,0.541,,,21450,,,,
Maharashtra,2017,21-02-2017, ,0,Mumbai City,BRIHAN MUMBAI,MC,6,23,PRABHAG NO 23 ,,,PANDEY KRISHNAKANT KAILASHNATH,,,,,,,10809,Independent,IND,,89,16,,20,21450,0.415,,,21450,,,,
Maharashtra,2017,21-02-2017, ,0,Mumbai City,BRIHAN MUMBAI,MC,6,23,PRABHAG NO 23 ,,,PANDEY SANTOSH ASHOK,,,,,,,10809,Independent,IND,,85,17,,20,21450,0.396,,,21450,,,,
Maharashtra,2017,21-02-2017, ,0,Mumbai City,BRIHAN MUMBAI,MC,6,23,PRABHAG NO 23 ,,,AMBHORE RAJESH NARAYAN,,,,,,,10809,Independent,IND,,68,18,,20,21450,0.317,,,21450,,,,
Maharashtra,2017,21-02-2017, ,0,Mumbai City,BRIHAN MUMBAI,MC,6,23,PRABHAG NO 23 ,,,RANAWARE PRAMOD JANARDHAN,,,,,,,5792,Nationalist Congress Party,NCP,,67,19,,20,21450,0.312,,,21450,,,,
Maharashtra,2017,21-02-2017, ,0,Mumbai City,BRIHAN MUMBAI,MC,6,23,PRABHAG NO 23 ,,,Singh AmarPratap Shambhunath,,,,,,,10809,Independent,IND,,26,20,,20,21450,0.121,,,21450,,,,
Maharashtra,2017,21-02-2017, ,0,Mumbai City,BRIHAN MUMBAI,MC,6,23,PRABHAG NO 23 ,,,NOTA,,,,,,,u10003,,,,180,21,,20,21450,0.839,,,21450,,,,
Maharashtra,2017,21-02-2017, ,0,Mumbai City,BRIHAN MUMBAI,MC,6,24,PRABHAG NO 24 ,,,Yadav Sunita Ramnagina,,,,,,,1605,Bhartiya Janata Party,BJP,,10144,1,,10,19943,50.865,,,19943,,,,
Maharashtra,2017,21-02-2017, ,0,Mumbai City,BRIHAN MUMBAI,MC,6,24,PRABHAG NO 24 ,,,Sawant-Vishwasrao Prajakta Vikas,,,,,,,18691,Shivsena,SHS,,5435,2,,10,19943,27.253,,,19943,,,,
Maharashtra,2017,21-02-2017, ,0,Mumbai City,BRIHAN MUMBAI,MC,6,24,PRABHAG NO 24 ,,,JHA PUSHPA SANJAY,,,,,,,1605,Indian National Congress,BJP,,1167,3,,10,19943,5.852,,,19943,,,,
Maharashtra,2017,21-02-2017, ,0,Mumbai City,BRIHAN MUMBAI,MC,6,24,PRABHAG NO 24 ,,,Pawar arti Vinod,,,,,,,11633,Maharashtra Navnirman Sena,MNS,,918,4,,10,19943,4.603,,,19943,,,,
Maharashtra,2017,21-02-2017, ,0,Mumbai City,BRIHAN MUMBAI,MC,6,24,PRABHAG NO 24 ,,,Nag Savita Sudesh,,,,,,,10809,Independent,IND,,570,5,,10,19943,2.858,,,19943,,,,
Maharashtra,2017,21-02-2017, ,0,Mumbai City,BRIHAN MUMBAI,MC,6,24,PRABHAG NO 24 ,,,JHA MANORAMA RAKESH,,,,,,,10809,Independent,IND,,419,6,,10,19943,2.101,,,19943,,,,
Maharashtra,2017,21-02-2017, ,0,Mumbai City,BRIHAN MUMBAI,MC,6,24,PRABHAG NO 24 ,,,VISHWAKARMA SARITA MAHENDRA,,,,,,,10809,Independent,IND,,336,7,,10,19943,1.685,,,19943,,,,
Maharashtra,2017,21-02-2017, ,0,Mumbai City,BRIHAN MUMBAI,MC,6,24,PRABHAG NO 24 ,,,JHA BINDU MANOJ,,,,,,,10809,Independent,IND,,220,8,,10,19943,1.103,,,19943,,,,
Maharashtra,2017,21-02-2017, ,0,Mumbai City,BRIHAN MUMBAI,MC,6,24,PRABHAG NO 24 ,,,shukla asha shivkumar,,,,,,,10809,Independent,IND,,132,9,,10,19943,0.662,,,19943,,,,
Maharashtra,2017,21-02-2017, ,0,Mumbai City,BRIHAN MUMBAI,MC,6,24,PRABHAG NO 24 ,,,JHA ANITA SANJAY,,,,,,,10809,Independent,IND,,89,10,,10,19943,0.446,,,19943,,,,
Maharashtra,2017,21-02-2017, ,0,Mumbai City,BRIHAN MUMBAI,MC,6,24,PRABHAG NO 24 ,,,NOTA,,,,,,,u10003,,,,513,11,,10,19943,2.572,,,19943,,,,
Maharashtra,2017,21-02-2017, ,0,Mumbai City,BRIHAN MUMBAI,MC,6,25,PRABHAG NO 25 ,,,bhoir madhuri yogesh,,,,,,,18691,Shivsena,SHS,,7185,1,,7,15466,46.457,,,15466,,,,
Maharashtra,2017,21-02-2017, ,0,Mumbai City,BRIHAN MUMBAI,MC,6,25,PRABHAG NO 25 ,,,Bangera Nisha Suresh,,,,,,,1605,Bhartiya Janata Party,BJP,,6792,2,,7,15466,43.916,,,15466,,,,
Maharashtra,2017,21-02-2017, ,0,Mumbai City,BRIHAN MUMBAI,MC,6,25,PRABHAG NO 25 ,,,MANKAR BHOOMI SUNIL,,,,,,,1605,Indian National Congress,BJP,,778,3,,7,15466,5.03,,,15466,,,,
Maharashtra,2017,21-02-2017, ,0,Mumbai City,BRIHAN MUMBAI,MC,6,25,PRABHAG NO 25 ,,,MORYE ASHWINI ASHOK,,,,,,,11633,Maharashtra Navnirman Sena,MNS,,275,4,,7,15466,1.778,,,15466,,,,
Maharashtra,2017,21-02-2017, ,0,Mumbai City,BRIHAN MUMBAI,MC,6,25,PRABHAG NO 25 ,,,Beloshe Geeta Suresh,,,,,,,5792,Nationalist Congress Party,NCP,,105,5,,7,15466,0.679,,,15466,,,,
Maharashtra,2017,21-02-2017, ,0,Mumbai City,BRIHAN MUMBAI,MC,6,25,PRABHAG NO 25 ,,,KHARATMAL PRITI PRASHANT,,,,,,,10809,Independent,IND,,53,6,,7,15466,0.343,,,15466,,,,
Maharashtra,2017,21-02-2017, ,0,Mumbai City,BRIHAN MUMBAI,MC,6,25,PRABHAG NO 25 ,,,MANE SANGITA ANIL,,,,,,,u10008,Bhartiya Shetkari Kamgar Paksh,,,25,7,,7,15466,0.162,,,15466,,,,
Maharashtra,2017,21-02-2017, ,0,Mumbai City,BRIHAN MUMBAI,MC,6,25,PRABHAG NO 25 ,,,NOTA,,,,,,,u10003,,,,253,8,,7,15466,1.636,,,15466,,,,
Maharashtra,2017,21-02-2017, ,0,Mumbai City,BRIHAN MUMBAI,MC,6,26,PRABHAG NO 26 ,,,PANDAGLE PREETAM GAUTAM,,,,,,,1605,Bhartiya Janata Party,BJP,,3948,1,,10,14597,27.047,,,14597,,,,
Maharashtra,2017,21-02-2017, ,0,Mumbai City,BRIHAN MUMBAI,MC,6,26,PRABHAG NO 26 ,,,PANDAGLE BHARTI RAM,,,,,,,18691,Shivsena,SHS,,3129,2,,10,14597,21.436,,,14597,,,,
Maharashtra,2017,21-02-2017, ,0,Mumbai City,BRIHAN MUMBAI,MC,6,26,PRABHAG NO 26 ,,,WAGH RAKSHA DEEPAK,,,,,,,1605,Indian National Congress,BJP,,2345,3,,10,14597,16.065,,,14597,,,,
Maharashtra,2017,21-02-2017, ,0,Mumbai City,BRIHAN MUMBAI,MC,6,26,PRABHAG NO 26 ,,,Nandgaonkar Vandana Ramdas,,,,,,,1875,Bharip Bahujan Mahasangh,BBM,,1565,4,,10,14597,10.721,,,14597,,,,
Maharashtra,2017,21-02-2017, ,0,Mumbai City,BRIHAN MUMBAI,MC,6,26,PRABHAG NO 26 ,,,GAIKWAD VIDYA ATUL,,,,,,,11633,Maharashtra Navnirman Sena,MNS,,1250,5,,10,14597,8.563,,,14597,,,,
Maharashtra,2017,21-02-2017, ,0,Mumbai City,BRIHAN MUMBAI,MC,6,26,PRABHAG NO 26 ,,,NARWADE SUNITA RAJESH,,,,,,,5792,Nationalist Congress Party,NCP,,929,6,,10,14597,6.364,,,14597,,,,
Maharashtra,2017,21-02-2017, ,0,Mumbai City,BRIHAN MUMBAI,MC,6,26,PRABHAG NO 26 ,,,KHOPE BHARATI SAMBHAJI,,,,,,,16651,Bahujan Samaj Party,BSP,,595,7,,10,14597,4.076,,,14597,,,,
Maharashtra,2017,21-02-2017, ,0,Mumbai City,BRIHAN MUMBAI,MC,6,26,PRABHAG NO 26 ,,,PAKHARE SUNITA PANDURANG,,,,,,,12285,Republican Party of India (A),RPI(A),,267,8,,10,14597,1.829,,,14597,,,,
Maharashtra,2017,21-02-2017, ,0,Mumbai City,BRIHAN MUMBAI,MC,6,26,PRABHAG NO 26 ,,,Admane Prema Gorakhnath,,,,,,,1074,Bahujan Mukti Party,BMUP,,149,9,,10,14597,1.021,,,14597,,,,
Maharashtra,2017,21-02-2017, ,0,Mumbai City,BRIHAN MUMBAI,MC,6,26,PRABHAG NO 26 ,,,BOBADE JYOTI ARJUN,,,,,,,1096,bahujan republican sociolist party,BARESP,,70,10,,10,14597,0.48,,,14597,,,,
Maharashtra,2017,21-02-2017, ,0,Mumbai City,BRIHAN MUMBAI,MC,6,26,PRABHAG NO 26 ,,,NOTA,,,,,,,u10003,,,,350,11,,10,14597,2.398,,,14597,,,,
Maharashtra,2017,21-02-2017, ,0,Mumbai City,BRIHAN MUMBAI,MC,6,27,PRABHAG NO 27 ,,,PATIL SUREKHA MANOJKUMAR,,,,,,,1605,Bhartiya Janata Party,BJP,,7347,1,,4,15729,46.71,,,15729,,,,
Maharashtra,2017,21-02-2017, ,0,Mumbai City,BRIHAN MUMBAI,MC,6,27,PRABHAG NO 27 ,,,Ambekar Anupama Prakash,,,,,,,18691,Shivsena,SHS,,4098,2,,4,15729,26.054,,,15729,,,,
Maharashtra,2017,21-02-2017, ,0,Mumbai City,BRIHAN MUMBAI,MC,6,27,PRABHAG NO 27 ,,,YADAV PRIYANKA SUBHASH,,,,,,,1605,Indian National Congress,BJP,,3152,3,,4,15729,20.039,,,15729,,,,
Maharashtra,2017,21-02-2017, ,0,Mumbai City,BRIHAN MUMBAI,MC,6,27,PRABHAG NO 27 ,,,GHULE KESHAR SHRIHARI,,,,,,,11633,Maharashtra Navnirman Sena,MNS,,765,4,,4,15729,4.864,,,15729,,,,
Maharashtra,2017,21-02-2017, ,0,Mumbai City,BRIHAN MUMBAI,MC,6,27,PRABHAG NO 27 ,,,NOTA,,,,,,,u10003,,,,367,5,,4,15729,2.333,,,15729,,,,
Maharashtra,2017,21-02-2017, ,0,Mumbai City,BRIHAN MUMBAI,MC,6,28,PRABHAG NO 28 ,,,YADAV RAJPATI BARGUN,,,,,,,1605,Indian National Congress,BJP,,8241,1,,8,20983,39.275,,,20983,,,,
Maharashtra,2017,21-02-2017, ,0,Mumbai City,BRIHAN MUMBAI,MC,6,28,PRABHAG NO 28 ,,,HUNDARE EKNATH DNYANDEV,,,,,,,18691,Shivsena,SHS,,4608,2,,8,20983,21.961,,,20983,,,,
Maharashtra,2017,21-02-2017, ,0,Mumbai City,BRIHAN MUMBAI,MC,6,28,PRABHAG NO 28 ,,,SALUNKHE KIRAN CHANDRAKANT,,,,,,,1605,Bhartiya Janata Party,BJP,,4572,3,,8,20983,21.789,,,20983,,,,
Maharashtra,2017,21-02-2017, ,0,Mumbai City,BRIHAN MUMBAI,MC,6,28,PRABHAG NO 28 ,,,PALKAR BALKRISHNA PRABHAKAR,,,,,,,11633,Maharashtra Navnirman Sena,MNS,,923,4,,8,20983,4.399,,,20983,,,,
Maharashtra,2017,21-02-2017, ,0,Mumbai City,BRIHAN MUMBAI,MC,6,28,PRABHAG NO 28 ,,,GHONGE VASANTRAO KRISHNARAO,,,,,,,1875,Bharip Bahujan Mahasangh,BBM,,903,5,,8,20983,4.303,,,20983,,,,
Maharashtra,2017,21-02-2017, ,0,Mumbai City,BRIHAN MUMBAI,MC,6,28,PRABHAG NO 28 ,,,YADAV NILESHKUMAR GATTU,,,,,,,7425,Samajwadi Party,SP,,595,6,,8,20983,2.836,,,20983,,,,
Maharashtra,2017,21-02-2017, ,0,Mumbai City,BRIHAN MUMBAI,MC,6,28,PRABHAG NO 28 ,,,PATIL RAJAN RAMDAS,,,,,,,16651,Bahujan Samaj Party,BSP,,581,7,,8,20983,2.769,,,20983,,,,
Maharashtra,2017,21-02-2017, ,0,Mumbai City,BRIHAN MUMBAI,MC,6,28,PRABHAG NO 28 ,,,JOSHI SURENDRA MACHINDRA,,,,,,,8690,Akhil Bharatiya Sena,ABHS,,199,8,,8,20983,0.948,,,20983,,,,
Maharashtra,2017,21-02-2017, ,0,Mumbai City,BRIHAN MUMBAI,MC,6,28,PRABHAG NO 28 ,,,NOTA,,,,,,,u10003,,,,361,9,,8,20983,1.72,,,20983,,,,
Maharashtra,2017,21-02-2017, ,0,Mumbai City,BRIHAN MUMBAI,MC,6,29,PRABHAG NO 29 ,,,Singh Sagar Ramesh,,,,,,,1605,Bhartiya Janata Party,BJP,,8043,1,,13,21326,37.715,,,21326,,,,
Maharashtra,2017,21-02-2017, ,0,Mumbai City,BRIHAN MUMBAI,MC,6,29,PRABHAG NO 29 ,,,PATIL SACHIN BALKRISHNA,,,,,,,18691,Shivsena,SHS,,5231,2,,13,21326,24.529,,,21326,,,,
Maharashtra,2017,21-02-2017, ,0,Mumbai City,BRIHAN MUMBAI,MC,6,29,PRABHAG NO 29 ,,,Gupta Ramashish Gopal,,,,,,,1605,Indian National Congress,BJP,,3956,3,,13,21326,18.55,,,21326,,,,
Maharashtra,2017,21-02-2017, ,0,Mumbai City,BRIHAN MUMBAI,MC,6,29,PRABHAG NO 29 ,,,PAMECHA MUKESH BASANTILAL,,,,,,,10809,Independent,IND,,1977,4,,13,21326,9.27,,,21326,,,,
Maharashtra,2017,21-02-2017, ,0,Mumbai City,BRIHAN MUMBAI,MC,6,29,PRABHAG NO 29 ,,,Desai Satish Manohar,,,,,,,10809,Independent,IND,,934,5,,13,21326,4.38,,,21326,,,,
Maharashtra,2017,21-02-2017, ,0,Mumbai City,BRIHAN MUMBAI,MC,6,29,PRABHAG NO 29 ,,,gunje sushil prakash,,,,,,,11633,Maharashtra Navnirman Sena,MNS,,538,6,,13,21326,2.523,,,21326,,,,
Maharashtra,2017,21-02-2017, ,0,Mumbai City,BRIHAN MUMBAI,MC,6,29,PRABHAG NO 29 ,,,SALVE RAJESH JAGANNATH,,,,,,,16651,Bahujan Samaj Party,BSP,,110,7,,13,21326,0.516,,,21326,,,,
Maharashtra,2017,21-02-2017, ,0,Mumbai City,BRIHAN MUMBAI,MC,6,29,PRABHAG NO 29 ,,,More Kiran Purushottam,,,,,,,5792,Nationalist Congress Party,NCP,,90,8,,13,21326,0.422,,,21326,,,,
Maharashtra,2017,21-02-2017, ,0,Mumbai City,BRIHAN MUMBAI,MC,6,29,PRABHAG NO 29 ,,,YADAV PUNIT HIRAMAN,,,,,,,7425,Samajwadi Party,SP,,77,9,,13,21326,0.361,,,21326,,,,
Maharashtra,2017,21-02-2017, ,0,Mumbai City,BRIHAN MUMBAI,MC,6,29,PRABHAG NO 29 ,,,VISHWAKARMA RAVI RAMaSRE,,,,,,,10809,Independent,IND,,32,10,,13,21326,0.15,,,21326,,,,
Maharashtra,2017,21-02-2017, ,0,Mumbai City,BRIHAN MUMBAI,MC,6,29,PRABHAG NO 29 ,,,NAVGIRE NILESH HARIDAS,,,,,,,10809,Independent,IND,,25,11,,13,21326,0.117,,,21326,,,,
Maharashtra,2017,21-02-2017, ,0,Mumbai City,BRIHAN MUMBAI,MC,6,29,PRABHAG NO 29 ,,,Marchande Shashikala Barkya,,,,,,,5577,National Black Panthar,NBPP,,22,12,,13,21326,0.103,,,21326,,,,
Maharashtra,2017,21-02-2017, ,0,Mumbai City,BRIHAN MUMBAI,MC,6,29,PRABHAG NO 29 ,,,KURADE LAXMAN YELLPPA,,,,,,,9677,Bahujan Vikas Aghadi,BVA,,18,13,,13,21326,0.084,,,21326,,,,
Maharashtra,2017,21-02-2017, ,0,Mumbai City,BRIHAN MUMBAI,MC,6,29,PRABHAG NO 29 ,,,NOTA,,,,,,,u10003,,,,273,14,,13,21326,1.28,,,21326,,,,
Maharashtra,2017,21-02-2017, ,0,Mumbai City,BRIHAN MUMBAI,MC,6,30,PRABHAG NO 30 ,,,DEHERKAR LEENA RAJESH,,,,,,,1605,Bhartiya Janata Party,BJP,,18333,1,,5,24690,74.253,,,24690,,,,
Maharashtra,2017,21-02-2017, ,0,Mumbai City,BRIHAN MUMBAI,MC,6,30,PRABHAG NO 30 ,,,RUGHANI NAMRATA NIKUNJ,,,,,,,18691,Shivsena,SHS,,3459,2,,5,24690,14.01,,,24690,,,,
Maharashtra,2017,21-02-2017, ,0,Mumbai City,BRIHAN MUMBAI,MC,6,30,PRABHAG NO 30 ,,,Kanoujia Nirmala Brijmohan,,,,,,,1605,Indian National Congress,BJP,,1511,3,,5,24690,6.12,,,24690,,,,
Maharashtra,2017,21-02-2017, ,0,Mumbai City,BRIHAN MUMBAI,MC,6,30,PRABHAG NO 30 ,,,DWIVEDI MINAL JITENDRA,,,,,,,11633,Maharashtra Navnirman Sena,MNS,,834,4,,5,24690,3.378,,,24690,,,,
Maharashtra,2017,21-02-2017, ,0,Mumbai City,BRIHAN MUMBAI,MC,6,30,PRABHAG NO 30 ,,,gohil meena jitendra,,,,,,,7425,Samajwadi Party,SP,,63,5,,5,24690,0.255,,,24690,,,,
Maharashtra,2017,21-02-2017, ,0,Mumbai City,BRIHAN MUMBAI,MC,6,30,PRABHAG NO 30 ,,,NOTA,,,,,,,u10003,,,,490,6,,5,24690,1.985,,,24690,,,,
Maharashtra,2017,21-02-2017, ,0,Mumbai City,BRIHAN MUMBAI,MC,6,31,PRABHAG NO 31 ,,,YADAV KAMLESH SHOBHNATH,,,,,,,1605,Bhartiya Janata Party,BJP,,7826,1,,7,20006,39.118,,,20006,,,,
Maharashtra,2017,21-02-2017, ,0,Mumbai City,BRIHAN MUMBAI,MC,6,31,PRABHAG NO 31 ,,,YADAV GEETA ASHISH,,,,,,,1605,Indian National Congress,BJP,,3973,2,,7,20006,19.859,,,20006,,,,
Maharashtra,2017,21-02-2017, ,0,Mumbai City,BRIHAN MUMBAI,MC,6,31,PRABHAG NO 31 ,,,SALVI DINESH ANANT,,,,,,,11633,Maharashtra Navnirman Sena,MNS,,3163,3,,7,20006,15.81,,,20006,,,,
Maharashtra,2017,21-02-2017, ,0,Mumbai City,BRIHAN MUMBAI,MC,6,31,PRABHAG NO 31 ,,,YADAV KAILASH BALIRAM,,,,,,,7425,Samajwadi Party,SP,,2535,4,,7,20006,12.671,,,20006,,,,
Maharashtra,2017,21-02-2017, ,0,Mumbai City,BRIHAN MUMBAI,MC,6,31,PRABHAG NO 31 ,,,YADAV KAMLESH RAMSANEHI,,,,,,,18691,Shivsena,SHS,,1994,5,,7,20006,9.967,,,20006,,,,
Maharashtra,2017,21-02-2017, ,0,Mumbai City,BRIHAN MUMBAI,MC,6,31,PRABHAG NO 31 ,,,BHATKAR BABITA DEVIDAS,,,,,,,16651,Bahujan Samaj Party,BSP,,163,6,,7,20006,0.815,,,20006,,,,
Maharashtra,2017,21-02-2017, ,0,Mumbai City,BRIHAN MUMBAI,MC,6,31,PRABHAG NO 31 ,,,Vasaikar Sonal Sandeep,,,,,,,5792,Nationalist Congress Party,NCP,,104,7,,7,20006,0.52,,,20006,,,,
Maharashtra,2017,21-02-2017, ,0,Mumbai City,BRIHAN MUMBAI,MC,6,31,PRABHAG NO 31 ,,,NOTA,,,,,,,u10003,,,,248,8,,7,20006,1.24,,,20006,,,,
Maharashtra,2017,21-02-2017, ,0,Mumbai City,BRIHAN MUMBAI,MC,6,32,PRABHAG NO 32 ,,,KINNY STEFFIE MORRIS,,,,,,,1605,Indian National Congress,BJP,,6775,1,,4,18693,36.244,,,18693,,,,
Maharashtra,2017,21-02-2017, ,0,Mumbai City,BRIHAN MUMBAI,MC,6,32,PRABHAG NO 32 ,,,BHANDARI GEETA KIRAN,,,,,,,18691,Shivsena,SHS,,5765,2,,4,18693,30.84,,,18693,,,,
Maharashtra,2017,21-02-2017, ,0,Mumbai City,BRIHAN MUMBAI,MC,6,32,PRABHAG NO 32 ,,,WADE ARCHANA BHUSHAN,,,,,,,1605,Bhartiya Janata Party,BJP,,5320,3,,4,18693,28.46,,,18693,,,,
Maharashtra,2017,21-02-2017, ,0,Mumbai City,BRIHAN MUMBAI,MC,6,32,PRABHAG NO 32 ,,,MOHANE CHANDRAKALA GOVIND,,,,,,,11633,Maharashtra Navnirman Sena,MNS,,393,4,,4,18693,2.102,,,18693,,,,
Maharashtra,2017,21-02-2017, ,0,Mumbai City,BRIHAN MUMBAI,MC,6,32,PRABHAG NO 32 ,,,NOTA,,,,,,,u10003,,,,440,5,,4,18693,2.354,,,18693,,,,
Maharashtra,2017,21-02-2017, ,0,Mumbai City,BRIHAN MUMBAI,MC,6,33,PRABHAG NO 33 ,,,CHOUDHARY VIRENDRA TUKARAM,,,,,,,1605,Indian National Congress,BJP,,5232,1,,7,14133,37.02,,,14133,,,,
Maharashtra,2017,21-02-2017, ,0,Mumbai City,BRIHAN MUMBAI,MC,6,33,PRABHAG NO 33 ,,,VAITY UJWALA PRAMOD,,,,,,,1605,Bhartiya Janata Party,BJP,,2690,2,,7,14133,19.033,,,14133,,,,
Maharashtra,2017,21-02-2017, ,0,Mumbai City,BRIHAN MUMBAI,MC,6,33,PRABHAG NO 33 ,,,BHANDARI AJIT DAMODAR,,,,,,,18691,Shivsena,SHS,,2418,3,,7,14133,17.109,,,14133,,,,
Maharashtra,2017,21-02-2017, ,0,Mumbai City,BRIHAN MUMBAI,MC,6,33,PRABHAG NO 33 ,,,MANDAVKAR JAYARAM SITARAM,,,,,,,10809,Independent,IND,,1802,4,,7,14133,12.75,,,14133,,,,
Maharashtra,2017,21-02-2017, ,0,Mumbai City,BRIHAN MUMBAI,MC,6,33,PRABHAG NO 33 ,,,BAGHBAN MOHDMUZAMMIL MOHDSHAKIL,,,,,,,706,All India Majlis e Ittehadul Muslimeen,AIMIM,,1302,5,,7,14133,9.212,,,14133,,,,
Maharashtra,2017,21-02-2017, ,0,Mumbai City,BRIHAN MUMBAI,MC,6,33,PRABHAG NO 33 ,,,KANADE DISHA DATTARAM,,,,,,,5792,Nationalist Congress Party,NCP,,490,6,,7,14133,3.467,,,14133,,,,
Maharashtra,2017,21-02-2017, ,0,Mumbai City,BRIHAN MUMBAI,MC,6,33,PRABHAG NO 33 ,,,BHOPI VIKAS MORRESHWAR,,,,,,,10809,Independent,IND,,22,7,,7,14133,0.156,,,14133,,,,
Maharashtra,2017,21-02-2017, ,0,Mumbai City,BRIHAN MUMBAI,MC,6,33,PRABHAG NO 33 ,,,NOTA,,,,,,,u10003,,,,177,8,,7,14133,1.252,,,14133,,,,
Maharashtra,2017,21-02-2017, ,0,Mumbai City,BRIHAN MUMBAI,MC,6,34,PRABHAG NO 34 ,,,SIDDIQUI QUMARJAHAN MOHAMMEDMOEEN,,,,,,,1605,Indian National Congress,BJP,,10500,1,,9,22917,45.818,,,22917,,,,
Maharashtra,2017,21-02-2017, ,0,Mumbai City,BRIHAN MUMBAI,MC,6,34,PRABHAG NO 34 ,,,MADYALKAR SUVARNA PRAKASH,,,,,,,18691,Shivsena,SHS,,4195,2,,9,22917,18.305,,,22917,,,,
Maharashtra,2017,21-02-2017, ,0,Mumbai City,BRIHAN MUMBAI,MC,6,34,PRABHAG NO 34 ,,,AZAM SHABANA JAWED,,,,,,,1605,Bhartiya Janata Party,BJP,,4027,3,,9,22917,17.572,,,22917,,,,
Maharashtra,2017,21-02-2017, ,0,Mumbai City,BRIHAN MUMBAI,MC,6,34,PRABHAG NO 34 ,,,KHAN ALIYA HAIYUR,,,,,,,706,All India Majlis e Ittehadul Muslimeen,AIMIM,,1490,4,,9,22917,6.502,,,22917,,,,
Maharashtra,2017,21-02-2017, ,0,Mumbai City,BRIHAN MUMBAI,MC,6,34,PRABHAG NO 34 ,,,GHADIGAONKAR VAISHALI VISHWAS,,,,,,,11633,Maharashtra Navnirman Sena,MNS,,1127,5,,9,22917,4.918,,,22917,,,,
Maharashtra,2017,21-02-2017, ,0,Mumbai City,BRIHAN MUMBAI,MC,6,34,PRABHAG NO 34 ,,,RIZVI SONI SOHAIL,,,,,,,7425,Samajwadi Party,SP,,934,6,,9,22917,4.076,,,22917,,,,
Maharashtra,2017,21-02-2017, ,0,Mumbai City,BRIHAN MUMBAI,MC,6,34,PRABHAG NO 34 ,,,Khan NaseemBegum Ahmed,,,,,,,14635,Communist Party Of India (Marxist),CPM,,294,7,,9,22917,1.283,,,22917,,,,
Maharashtra,2017,21-02-2017, ,0,Mumbai City,BRIHAN MUMBAI,MC,6,34,PRABHAG NO 34 ,,,SINGH RUPALI BINAY,,,,,,,10809,Independent,IND,,70,8,,9,22917,0.305,,,22917,,,,
Maharashtra,2017,21-02-2017, ,0,Mumbai City,BRIHAN MUMBAI,MC,6,34,PRABHAG NO 34 ,,,BONDARE VIMAL LAXMAN,,,,,,,1074,Bahujan Mukti Party,BMUP,,56,9,,9,22917,0.244,,,22917,,,,
Maharashtra,2017,21-02-2017, ,0,Mumbai City,BRIHAN MUMBAI,MC,6,34,PRABHAG NO 34 ,,,NOTA,,,,,,,u10003,,,,224,10,,9,22917,0.977,,,22917,,,,
Maharashtra,2017,21-02-2017, ,0,Mumbai City,BRIHAN MUMBAI,MC,6,35,PRABHAG NO 35 ,,,DESAI SEJAL PRASHANT,,,,,,,1605,Bhartiya Janata Party,BJP,,13751,1,,7,26282,52.321,,,26282,,,,
Maharashtra,2017,21-02-2017, ,0,Mumbai City,BRIHAN MUMBAI,MC,6,35,PRABHAG NO 35 ,,,MEHTA PARUL PINAKIN,,,,,,,1605,Indian National Congress,BJP,,5778,2,,7,26282,21.985,,,26282,,,,
Maharashtra,2017,21-02-2017, ,0,Mumbai City,BRIHAN MUMBAI,MC,6,35,PRABHAG NO 35 ,,,manku prabhleen baldev singh,,मानकु प्रभलीन बलदेव सिंग,,,,,18691,Shivsena,SHS,,5624,3,,7,26282,21.399,,,26282,,,,
Maharashtra,2017,21-02-2017, ,0,Mumbai City,BRIHAN MUMBAI,MC,6,35,PRABHAG NO 35 ,,,NADAR THREESA SUBRAMANIAM,,,,,,,10809,Independent,IND,,344,4,,7,26282,1.309,,,26282,,,,
Maharashtra,2017,21-02-2017, ,0,Mumbai City,BRIHAN MUMBAI,MC,6,35,PRABHAG NO 35 ,,,hingu shweta shailesh,,,,,,,5792,Nationalist Congress Party,NCP,,150,5,,7,26282,0.571,,,26282,,,,
Maharashtra,2017,21-02-2017, ,0,Mumbai City,BRIHAN MUMBAI,MC,6,35,PRABHAG NO 35 ,,,SHAH RUPA HITEN,,,,,,,10809,Independent,IND,,107,6,,7,26282,0.407,,,26282,,,,
Maharashtra,2017,21-02-2017, ,0,Mumbai City,BRIHAN MUMBAI,MC,6,35,PRABHAG NO 35 ,,,JANJALE SUPADABAI MURLIDHAR,,,,,,,10809,Independent,IND,,55,7,,7,26282,0.209,,,26282,,,,
Maharashtra,2017,21-02-2017, ,0,Mumbai City,BRIHAN MUMBAI,MC,6,35,PRABHAG NO 35 ,,,NOTA,,,,,,,u10003,,,,473,8,,7,26282,1.8,,,26282,,,,
Maharashtra,2017,21-02-2017, ,0,Mumbai City,BRIHAN MUMBAI,MC,6,36,PRABHAG NO 36 ,,,Patel Daksha Jagdish,,,,,,,1605,Bhartiya Janata Party,BJP,,11692,1,,6,28692,40.75,,,28692,,,,
Maharashtra,2017,21-02-2017, ,0,Mumbai City,BRIHAN MUMBAI,MC,6,36,PRABHAG NO 36 ,,,GUJAR SWATI SUNIL,,,,,,,18691,Shivsena,SHS,,10052,2,,6,28692,35.034,,,28692,,,,
Maharashtra,2017,21-02-2017, ,0,Mumbai City,BRIHAN MUMBAI,MC,6,36,PRABHAG NO 36 ,,,SHAH DIXITA JAYESH,,,,,,,1605,Indian National Congress,BJP,,3009,3,,6,28692,10.487,,,28692,,,,
Maharashtra,2017,21-02-2017, ,0,Mumbai City,BRIHAN MUMBAI,MC,6,36,PRABHAG NO 36 ,,,FARKASE GEETA MAHESHKUMAR,,,,,,,11633,Maharashtra Navnirman Sena,MNS,,2829,4,,6,28692,9.86,,,28692,,,,
Maharashtra,2017,21-02-2017, ,0,Mumbai City,BRIHAN MUMBAI,MC,6,36,PRABHAG NO 36 ,,,DHAMANSKAR BHAGYASHREE PRABHAKAR,,,,,,,10809,Independent,IND,,444,5,,6,28692,1.547,,,28692,,,,
Maharashtra,2017,21-02-2017, ,0,Mumbai City,BRIHAN MUMBAI,MC,6,36,PRABHAG NO 36 ,,,ALHAT SHOBHA BHALCHANDRA,,,,,,,10809,Independent,IND,,183,6,,6,28692,0.638,,,28692,,,,
Maharashtra,2017,21-02-2017, ,0,Mumbai City,BRIHAN MUMBAI,MC,6,36,PRABHAG NO 36 ,,,NOTA,,,,,,,u10003,,,,483,7,,6,28692,1.683,,,28692,,,,
Maharashtra,2017,21-02-2017, ,0,Mumbai City,BRIHAN MUMBAI,MC,6,37,PRABHAG NO 37 ,,,Shinde Pratibha Hemant,,,,,,,1605,Bhartiya Janata Party,BJP,,7815,1,,8,23035,33.927,,,23035,,,,
Maharashtra,2017,21-02-2017, ,0,Mumbai City,BRIHAN MUMBAI,MC,6,37,PRABHAG NO 37 ,,,CHAUHAN POOJA RANVIRSINGH,,,,,,,18691,Shivsena,SHS,,6363,2,,8,23035,27.623,,,23035,,,,
Maharashtra,2017,21-02-2017, ,0,Mumbai City,BRIHAN MUMBAI,MC,6,37,PRABHAG NO 37 ,,,RAORANE RUPALI AJIT,,,,,,,5792,Nationalist Congress Party,NCP,,4624,3,,8,23035,20.074,,,23035,,,,
Maharashtra,2017,21-02-2017, ,0,Mumbai City,BRIHAN MUMBAI,MC,6,37,PRABHAG NO 37 ,,,Thasale Jayshree Chandrakant,,,,,,,11633,Maharashtra Navnirman Sena,MNS,,2123,4,,8,23035,9.216,,,23035,,,,
Maharashtra,2017,21-02-2017, ,0,Mumbai City,BRIHAN MUMBAI,MC,6,37,PRABHAG NO 37 ,,,Pawar Anusaya Anant,,,,,,,1605,Indian National Congress,BJP,,1444,5,,8,23035,6.269,,,23035,,,,
Maharashtra,2017,21-02-2017, ,0,Mumbai City,BRIHAN MUMBAI,MC,6,37,PRABHAG NO 37 ,,,Nadkar Mayuri Uttam,,,,,,,14635,Communist Party Of India (Marxist),CPM,,232,6,,8,23035,1.007,,,23035,,,,
Maharashtra,2017,21-02-2017, ,0,Mumbai City,BRIHAN MUMBAI,MC,6,37,PRABHAG NO 37 ,,,SINGH NANDA KAMALDEEP,,,,,,,24558,united congress party,UnCP,,62,7,,8,23035,0.269,,,23035,,,,
Maharashtra,2017,21-02-2017, ,0,Mumbai City,BRIHAN MUMBAI,MC,6,37,PRABHAG NO 37 ,,,jadhav arti anand,,,,,,,10809,Independent,IND,,46,8,,8,23035,0.2,,,23035,,,,
Maharashtra,2017,21-02-2017, ,0,Mumbai City,BRIHAN MUMBAI,MC,6,37,PRABHAG NO 37 ,,,NOTA,,,,,,,u10003,,,,326,9,,8,23035,1.415,,,23035,,,,
Maharashtra,2017,21-02-2017, ,0,Mumbai City,BRIHAN MUMBAI,MC,6,38,PRABHAG NO 38 ,,,Chache Atmaram Laxman,,,,,,,18691,Shivsena,SHS,,6416,1,,8,18318,35.026,,,18318,,,,
Maharashtra,2017,21-02-2017, ,0,Mumbai City,BRIHAN MUMBAI,MC,6,38,PRABHAG NO 38 ,,,Ubale Lalasaheb Gorakhnath,,,,,,,1605,Bhartiya Janata Party,BJP,,3715,2,,8,18318,20.281,,,18318,,,,
Maharashtra,2017,21-02-2017, ,0,Mumbai City,BRIHAN MUMBAI,MC,6,38,PRABHAG NO 38 ,,,bharadkar vaibhav hemant,,,,,,,5792,Nationalist Congress Party,NCP,,2854,3,,8,18318,15.58,,,18318,,,,
Maharashtra,2017,21-02-2017, ,0,Mumbai City,BRIHAN MUMBAI,MC,6,38,PRABHAG NO 38 ,,,BHARADKAR SUDHIR TUKARAM,,,,,,,1605,Indian National Congress,BJP,,2438,4,,8,18318,13.309,,,18318,,,,
Maharashtra,2017,21-02-2017, ,0,Mumbai City,BRIHAN MUMBAI,MC,6,38,PRABHAG NO 38 ,,,Dhanawade Rakesh Shankar,,,,,,,11633,Maharashtra Navnirman Sena,MNS,,2229,5,,8,18318,12.168,,,18318,,,,
Maharashtra,2017,21-02-2017, ,0,Mumbai City,BRIHAN MUMBAI,MC,6,38,PRABHAG NO 38 ,,,korgaonkar anil namdeo,,,,,,,10809,Independent,IND,,211,6,,8,18318,1.152,,,18318,,,,
Maharashtra,2017,21-02-2017, ,0,Mumbai City,BRIHAN MUMBAI,MC,6,38,PRABHAG NO 38 ,,,salunkhe nikhil shankar,,,,,,,16651,Bahujan Samaj Party,BSP,,147,7,,8,18318,0.802,,,18318,,,,
Maharashtra,2017,21-02-2017, ,0,Mumbai City,BRIHAN MUMBAI,MC,6,38,PRABHAG NO 38 ,,,TELI LAHU BALIRAM,,,,,,,10809,Independent,IND,,40,8,,8,18318,0.218,,,18318,,,,
Maharashtra,2017,21-02-2017, ,0,Mumbai City,BRIHAN MUMBAI,MC,6,38,PRABHAG NO 38 ,,,NOTA,,,,,,,u10003,,,,268,9,,8,18318,1.463,,,18318,,,,
Maharashtra,2017,21-02-2017, ,0,Mumbai City,BRIHAN MUMBAI,MC,6,39,PRABHAG NO 39 ,,,SAWANT VINAYA VISHNU,,,,,,,18691,Shivsena,SHS,,5663,1,,12,16367,34.6,,,16367,,,,
Maharashtra,2017,21-02-2017, ,0,Mumbai City,BRIHAN MUMBAI,MC,6,39,PRABHAG NO 39 ,,,Singh Suman Indrajeet,,,,,,,6792,Rashtriya Samaj Paksha,RSPS,,4291,2,,12,16367,26.217,,,16367,,,,
Maharashtra,2017,21-02-2017, ,0,Mumbai City,BRIHAN MUMBAI,MC,6,39,PRABHAG NO 39 ,,,GUPTA KUSUM DINESH,,,,,,,1605,Indian National Congress,BJP,,3698,3,,12,16367,22.594,,,16367,,,,
Maharashtra,2017,21-02-2017, ,0,Mumbai City,BRIHAN MUMBAI,MC,6,39,PRABHAG NO 39 ,,,GOTMUKLE URMILA MALLHARI,,,,,,,16651,Bahujan Samaj Party,BSP,,649,4,,12,16367,3.965,,,16367,,,,
Maharashtra,2017,21-02-2017, ,0,Mumbai City,BRIHAN MUMBAI,MC,6,39,PRABHAG NO 39 ,,,THAKUR SAMIKSHA BHARAT,,,,,,,5792,Nationalist Congress Party,NCP,,613,5,,12,16367,3.745,,,16367,,,,
Maharashtra,2017,21-02-2017, ,0,Mumbai City,BRIHAN MUMBAI,MC,6,39,PRABHAG NO 39 ,,,PANCHAL NAGESHWARI VIJAYKUMAR,,,,,,,11633,Maharashtra Navnirman Sena,MNS,,466,6,,12,16367,2.847,,,16367,,,,
Maharashtra,2017,21-02-2017, ,0,Mumbai City,BRIHAN MUMBAI,MC,6,39,PRABHAG NO 39 ,,,GUPTA REKHA RAJMAN,,,,,,,7425,Samajwadi Party,SP,,244,7,,12,16367,1.491,,,16367,,,,
Maharashtra,2017,21-02-2017, ,0,Mumbai City,BRIHAN MUMBAI,MC,6,39,PRABHAG NO 39 ,,,SHINDE SULAKSHANA NITIN,,,,,,,10809,Independent,IND,,157,8,,12,16367,0.959,,,16367,,,,
Maharashtra,2017,21-02-2017, ,0,Mumbai City,BRIHAN MUMBAI,MC,6,39,PRABHAG NO 39 ,,,DHANRAJ CHHAYA BHAGWAN,,,,,,,12285,Republican Party of India (A),RPI(A),,143,9,,12,16367,0.874,,,16367,,,,
Maharashtra,2017,21-02-2017, ,0,Mumbai City,BRIHAN MUMBAI,MC,6,39,PRABHAG NO 39 ,,,LOKHANDE LALITA VITTHAL,,,,,,,1875,Bharip Bahujan Mahasangh,BBM,,95,10,,12,16367,0.58,,,16367,,,,
Maharashtra,2017,21-02-2017, ,0,Mumbai City,BRIHAN MUMBAI,MC,6,39,PRABHAG NO 39 ,,,THORAT UMA MAROTRAO,,,,,,,10809,Independent,IND,,73,11,,12,16367,0.446,,,16367,,,,
Maharashtra,2017,21-02-2017, ,0,Mumbai City,BRIHAN MUMBAI,MC,6,39,PRABHAG NO 39 ,,,SHINDE ANITA SHIVAJI,,,,,,,10809,Independent,IND,,54,12,,12,16367,0.33,,,16367,,,,
Maharashtra,2017,21-02-2017, ,0,Mumbai City,BRIHAN MUMBAI,MC,6,39,PRABHAG NO 39 ,,,NOTA,,,,,,,u10003,,,,221,13,,12,16367,1.35,,,16367,,,,
Maharashtra,2017,21-02-2017, ,0,Mumbai City,BRIHAN MUMBAI,MC,6,40,PRABHAG NO 40 ,,,wadkar suhas chandrakant,,,,,,,18691,Shivsena,SHS,,8946,1,,9,19439,46.021,,,19439,,,,
Maharashtra,2017,21-02-2017, ,0,Mumbai City,BRIHAN MUMBAI,MC,6,40,PRABHAG NO 40 ,,,AVHAD SANJAY BABURAO,,,,,,,5792,Nationalist Congress Party,NCP,,2815,2,,9,19439,14.481,,,19439,,,,
Maharashtra,2017,21-02-2017, ,0,Mumbai City,BRIHAN MUMBAI,MC,6,40,PRABHAG NO 40 ,,,SALIYAR KAVITA SHRINIVASAN,,,,,,,6792,Rashtriya Samaj Paksha,RSPS,,2674,3,,9,19439,13.756,,,19439,,,,
Maharashtra,2017,21-02-2017, ,0,Mumbai City,BRIHAN MUMBAI,MC,6,40,PRABHAG NO 40 ,,,mandave arun dhondu,,,,,,,1605,Indian National Congress,BJP,,2268,4,,9,19439,11.667,,,19439,,,,
Maharashtra,2017,21-02-2017, ,0,Mumbai City,BRIHAN MUMBAI,MC,6,40,PRABHAG NO 40 ,,,SANGALE BHARTI PRABHAKAR,,,,,,,11633,Maharashtra Navnirman Sena,MNS,,1201,5,,9,19439,6.178,,,19439,,,,
Maharashtra,2017,21-02-2017, ,0,Mumbai City,BRIHAN MUMBAI,MC,6,40,PRABHAG NO 40 ,,,ugale maruti nabaji,,,,,,,7425,Samajwadi Party,SP,,490,6,,9,19439,2.521,,,19439,,,,
Maharashtra,2017,21-02-2017, ,0,Mumbai City,BRIHAN MUMBAI,MC,6,40,PRABHAG NO 40 ,,,Vajantri Madhukar Anant,,,,,,,10809,Independent,IND,,261,7,,9,19439,1.343,,,19439,,,,
Maharashtra,2017,21-02-2017, ,0,Mumbai City,BRIHAN MUMBAI,MC,6,40,PRABHAG NO 40 ,,,AGRE NANDKISHOR MARUTI,,,,,,,16651,Bahujan Samaj Party,BSP,,260,8,,9,19439,1.338,,,19439,,,,
Maharashtra,2017,21-02-2017, ,0,Mumbai City,BRIHAN MUMBAI,MC,6,40,PRABHAG NO 40 ,,,YADAV DIVESH RAMSANEHI,,,,,,,1605,Bhartiya Janata Party,BJP,,55,9,,9,19439,0.283,,,19439,,,,
Maharashtra,2017,21-02-2017, ,0,Mumbai City,BRIHAN MUMBAI,MC,6,40,PRABHAG NO 40 ,,,NOTA,,,,,,,u10003,,,,469,10,,9,19439,2.413,,,19439,,,,
Maharashtra,2017,21-02-2017, ,0,Mumbai City,BRIHAN MUMBAI,MC,6,41,PRABHAG NO 41 ,,,SHINDE TULSHIRAM DHONDIBA,,,,,,,10809,Independent,IND,,6217,1,,18,18791,33.085,,,18791,,,,
Maharashtra,2017,21-02-2017, ,0,Mumbai City,BRIHAN MUMBAI,MC,6,41,PRABHAG NO 41 ,,,PATIL SADASHIV DADU,,,,,,,18691,Shivsena,SHS,,3869,2,,18,18791,20.59,,,18791,,,,
Maharashtra,2017,21-02-2017, ,0,Mumbai City,BRIHAN MUMBAI,MC,6,41,PRABHAG NO 41 ,,,Desai Archana Sunil,,,,,,,1605,Bhartiya Janata Party,BJP,,2075,3,,18,18791,11.043,,,18791,,,,
Maharashtra,2017,21-02-2017, ,0,Mumbai City,BRIHAN MUMBAI,MC,6,41,PRABHAG NO 41 ,,,SAYYAD ANWAR PEER,,,,,,,5792,Nationalist Congress Party,NCP,,1858,4,,18,18791,9.888,,,18791,,,,
Maharashtra,2017,21-02-2017, ,0,Mumbai City,BRIHAN MUMBAI,MC,6,41,PRABHAG NO 41 ,,,PATEL JULIE RAMAN,,,,,,,7425,Samajwadi Party,SP,,1055,5,,18,18791,5.614,,,18791,,,,
Maharashtra,2017,21-02-2017, ,0,Mumbai City,BRIHAN MUMBAI,MC,6,41,PRABHAG NO 41 ,,,kottary raghunath koraga,,,,,,,10809,Independent,IND,,746,6,,18,18791,3.97,,,18791,,,,
Maharashtra,2017,21-02-2017, ,0,Mumbai City,BRIHAN MUMBAI,MC,6,41,PRABHAG NO 41 ,,,SHUKLA JAYKANT PRAYAGNARAYN,,,,,,,1605,Indian National Congress,BJP,,631,7,,18,18791,3.358,,,18791,,,,
Maharashtra,2017,21-02-2017, ,0,Mumbai City,BRIHAN MUMBAI,MC,6,41,PRABHAG NO 41 ,,,sawant AJAY PRABHAKAR,,,,,,,11633,Maharashtra Navnirman Sena,MNS,,600,8,,18,18791,3.193,,,18791,,,,
Maharashtra,2017,21-02-2017, ,0,Mumbai City,BRIHAN MUMBAI,MC,6,41,PRABHAG NO 41 ,,,KELKAR SACHIN GUNAJI,,,,,,,10809,Independent,IND,,584,9,,18,18791,3.108,,,18791,,,,
Maharashtra,2017,21-02-2017, ,0,Mumbai City,BRIHAN MUMBAI,MC,6,41,PRABHAG NO 41 ,,,HIWALE SHAMRAO BHIWAJI,,,,,,,1875,Bharip Bahujan Mahasangh,BBM,,309,10,,18,18791,1.644,,,18791,,,,
Maharashtra,2017,21-02-2017, ,0,Mumbai City,BRIHAN MUMBAI,MC,6,41,PRABHAG NO 41 ,,,SHAIKH ABDULWAHAB FAIYAZALI,,,,,,,706,All India Majlis e Ittehadul Muslimeen,AIMIM,,173,11,,18,18791,0.921,,,18791,,,,
Maharashtra,2017,21-02-2017, ,0,Mumbai City,BRIHAN MUMBAI,MC,6,41,PRABHAG NO 41 ,,,Khan Rijwan Istiyak,,,,,,,16651,Bahujan Samaj Party,BSP,,136,12,,18,18791,0.724,,,18791,,,,
Maharashtra,2017,21-02-2017, ,0,Mumbai City,BRIHAN MUMBAI,MC,6,41,PRABHAG NO 41 ,,,gholap sachin babhut,,,,,,,10809,Independent,IND,,131,13,,18,18791,0.697,,,18791,,,,
Maharashtra,2017,21-02-2017, ,0,Mumbai City,BRIHAN MUMBAI,MC,6,41,PRABHAG NO 41 ,,,Yadav Rakesh Lalmani,,,,,,,10809,Independent,IND,,83,14,,18,18791,0.442,,,18791,,,,
Maharashtra,2017,21-02-2017, ,0,Mumbai City,BRIHAN MUMBAI,MC,6,41,PRABHAG NO 41 ,,,MORE paresh suresh,,,,,,,10809,Independent,IND,,58,15,,18,18791,0.309,,,18791,,,,
Maharashtra,2017,21-02-2017, ,0,Mumbai City,BRIHAN MUMBAI,MC,6,41,PRABHAG NO 41 ,,,PAWAR MANGESH MAHADEO,,,,,,,1074,Bahujan Mukti Party,BMUP,,55,16,,18,18791,0.293,,,18791,,,,
Maharashtra,2017,21-02-2017, ,0,Mumbai City,BRIHAN MUMBAI,MC,6,41,PRABHAG NO 41 ,,,KARADKAR DATTATRAY SHANTARAM,,,,,,,24549,Sambhaji Brigade,SBBGP,,34,17,,18,18791,0.181,,,18791,,,,
Maharashtra,2017,21-02-2017, ,0,Mumbai City,BRIHAN MUMBAI,MC,6,41,PRABHAG NO 41 ,,,Shaikh Nazir Rajjabali,,,,,,,u10012,Bharatwadi Akata party,,,23,18,,18,18791,0.122,,,18791,,,,
Maharashtra,2017,21-02-2017, ,0,Mumbai City,BRIHAN MUMBAI,MC,6,41,PRABHAG NO 41 ,,,NOTA,,,,,,,u10003,,,,154,19,,18,18791,0.82,,,18791,,,,
Maharashtra,2017,21-02-2017, ,0,Mumbai City,BRIHAN MUMBAI,MC,6,42,PRABHAG NO 42 ,,,BHARADKAR DHANSHREE VAIBHAVB,,,,,,,5792,Nationalist Congress Party,NCP,,5897,1,,8,18866,31.257,,,18866,,,,
Maharashtra,2017,21-02-2017, ,0,Mumbai City,BRIHAN MUMBAI,MC,6,42,PRABHAG NO 42 ,,,SURVE REENA RAJENDRA,,,,,,,18691,Shivsena,SHS,,5175,2,,8,18866,27.43,,,18866,,,,
Maharashtra,2017,21-02-2017, ,0,Mumbai City,BRIHAN MUMBAI,MC,6,42,PRABHAG NO 42 ,,,Bende Bharti Madhukar,,,,,,,1605,Bhartiya Janata Party,BJP,,3583,3,,8,18866,18.992,,,18866,,,,
Maharashtra,2017,21-02-2017, ,0,Mumbai City,BRIHAN MUMBAI,MC,6,42,PRABHAG NO 42 ,,,Yadav Renu Birju,,,,,,,1605,Indian National Congress,BJP,,1727,4,,8,18866,9.154,,,18866,,,,
Maharashtra,2017,21-02-2017, ,0,Mumbai City,BRIHAN MUMBAI,MC,6,42,PRABHAG NO 42 ,,,MAIN DEEPALI DATTATRAY,,,,,,,11633,Maharashtra Navnirman Sena,MNS,,1170,5,,8,18866,6.202,,,18866,,,,
Maharashtra,2017,21-02-2017, ,0,Mumbai City,BRIHAN MUMBAI,MC,6,42,PRABHAG NO 42 ,,,BARI PAYAL ANIL,,,,,,,7425,Samajwadi Party,SP,,727,6,,8,18866,3.853,,,18866,,,,
Maharashtra,2017,21-02-2017, ,0,Mumbai City,BRIHAN MUMBAI,MC,6,42,PRABHAG NO 42 ,,,PATIL MOHINI VISHWAJIT,,,,,,,16651,Bahujan Samaj Party,BSP,,235,7,,8,18866,1.246,,,18866,,,,
Maharashtra,2017,21-02-2017, ,0,Mumbai City,BRIHAN MUMBAI,MC,6,42,PRABHAG NO 42 ,,,Gurav Vishakha Vasant,,,,,,,10809,Independent,IND,,142,8,,8,18866,0.753,,,18866,,,,
Maharashtra,2017,21-02-2017, ,0,Mumbai City,BRIHAN MUMBAI,MC,6,42,PRABHAG NO 42 ,,,NOTA,,,,,,,u10003,,,,210,9,,8,18866,1.113,,,18866,,,,
Maharashtra,2017,21-02-2017, ,0,Mumbai City,BRIHAN MUMBAI,MC,6,43,PRABHAG NO 43 ,,,MISHRA VINOD UDAYNARAYAN,,,,,,,1605,Bhartiya Janata Party,BJP,,5620,1,,12,22304,25.197,,,22304,,,,
Maharashtra,2017,21-02-2017, ,0,Mumbai City,BRIHAN MUMBAI,MC,6,43,PRABHAG NO 43 ,,,Rathore Bhomsingh Hirsingh,,,,,,,18691,Shivsena,SHS,,4911,2,,12,22304,22.018,,,22304,,,,
Maharashtra,2017,21-02-2017, ,0,Mumbai City,BRIHAN MUMBAI,MC,6,43,PRABHAG NO 43 ,,,RAORANE AJIT BALKRUSHNA,,,,,,,5792,Nationalist Congress Party,NCP,,4782,3,,12,22304,21.44,,,22304,,,,
Maharashtra,2017,21-02-2017, ,0,Mumbai City,BRIHAN MUMBAI,MC,6,43,PRABHAG NO 43 ,,,SINGH SANDEEP LALAN,,,,,,,1605,Indian National Congress,BJP,,2758,4,,12,22304,12.365,,,22304,,,,
Maharashtra,2017,21-02-2017, ,0,Mumbai City,BRIHAN MUMBAI,MC,6,43,PRABHAG NO 43 ,,,shaikh shakir nasir,,,,,,,706,All India Majlis e Ittehadul Muslimeen,AIMIM,,2563,5,,12,22304,11.491,,,22304,,,,
Maharashtra,2017,21-02-2017, ,0,Mumbai City,BRIHAN MUMBAI,MC,6,43,PRABHAG NO 43 ,,,JADHAV SITARAM NARAYAN,,,,,,,11633,Maharashtra Navnirman Sena,MNS,,746,6,,12,22304,3.345,,,22304,,,,
Maharashtra,2017,21-02-2017, ,0,Mumbai City,BRIHAN MUMBAI,MC,6,43,PRABHAG NO 43 ,,,JADHAV PRAMOD RAGHUNATH,,,,,,,10809,Independent,IND,,323,7,,12,22304,1.448,,,22304,,,,
Maharashtra,2017,21-02-2017, ,0,Mumbai City,BRIHAN MUMBAI,MC,6,43,PRABHAG NO 43 ,,,yadav udayraj shobhnath,,,,,,,7425,Samajwadi Party,SP,,125,8,,12,22304,0.56,,,22304,,,,
Maharashtra,2017,21-02-2017, ,0,Mumbai City,BRIHAN MUMBAI,MC,6,43,PRABHAG NO 43 ,,,Gupta Prasad Vishwanath,,,,,,,14635,Communist Party Of India (Marxist),CPM,,120,9,,12,22304,0.538,,,22304,,,,
Maharashtra,2017,21-02-2017, ,0,Mumbai City,BRIHAN MUMBAI,MC,6,43,PRABHAG NO 43 ,,,shaikh azad ahmad habib ahmad,,,,,,,10809,Independent,IND,,39,10,,12,22304,0.175,,,22304,,,,
Maharashtra,2017,21-02-2017, ,0,Mumbai City,BRIHAN MUMBAI,MC,6,43,PRABHAG NO 43 ,,,KHAN NAZIM YUSUF,,,,,,,10809,Independent,IND,,32,11,,12,22304,0.143,,,22304,,,,
Maharashtra,2017,21-02-2017, ,0,Mumbai City,BRIHAN MUMBAI,MC,6,43,PRABHAG NO 43 ,,,KAKADE TANAJI TRIMBAK,,,,,,,10809,Independent,IND,,27,12,,12,22304,0.121,,,22304,,,,
Maharashtra,2017,21-02-2017, ,0,Mumbai City,BRIHAN MUMBAI,MC,6,43,PRABHAG NO 43 ,,,NOTA,,,,,,,u10003,,,,258,13,,12,22304,1.157,,,22304,,,,
Maharashtra,2017,21-02-2017, ,0,Mumbai City,BRIHAN MUMBAI,MC,6,44,PRABHAG NO 44 ,,,Sharma Sangeeta Gyanmurti,,,,,,,1605,Bhartiya Janata Party,BJP,,9955,1,,9,21492,46.32,,,21492,,,,
Maharashtra,2017,21-02-2017, ,0,Mumbai City,BRIHAN MUMBAI,MC,6,44,PRABHAG NO 44 ,,,Dhanuka Ranjana Subhash,,,,,,,18691,Shivsena,SHS,,5550,2,,9,21492,25.824,,,21492,,,,
Maharashtra,2017,21-02-2017, ,0,Mumbai City,BRIHAN MUMBAI,MC,6,44,PRABHAG NO 44 ,,,khan nasreen fahim,,,,,,,706,All India Majlis e Ittehadul Muslimeen,AIMIM,,2903,3,,9,21492,13.507,,,21492,,,,
Maharashtra,2017,21-02-2017, ,0,Mumbai City,BRIHAN MUMBAI,MC,6,44,PRABHAG NO 44 ,,,SINGH DEEPA RANASANGRAM,,,,,,,1605,Indian National Congress,BJP,,999,4,,9,21492,4.648,,,21492,,,,
Maharashtra,2017,21-02-2017, ,0,Mumbai City,BRIHAN MUMBAI,MC,6,44,PRABHAG NO 44 ,,,MANE JANVI VIPUL,,,,,,,5792,Nationalist Congress Party,NCP,,574,5,,9,21492,2.671,,,21492,,,,
Maharashtra,2017,21-02-2017, ,0,Mumbai City,BRIHAN MUMBAI,MC,6,44,PRABHAG NO 44 ,,,memon Rukhsana mohdsiddique,,,,,,,7425,Samajwadi Party,SP,,513,6,,9,21492,2.387,,,21492,,,,
Maharashtra,2017,21-02-2017, ,0,Mumbai City,BRIHAN MUMBAI,MC,6,44,PRABHAG NO 44 ,,,SONAWANE REKHA SANJAY,,,,,,,11633,Maharashtra Navnirman Sena,MNS,,408,7,,9,21492,1.898,,,21492,,,,
Maharashtra,2017,21-02-2017, ,0,Mumbai City,BRIHAN MUMBAI,MC,6,44,PRABHAG NO 44 ,,,VARDE MANISHA SATISH,,,,,,,16651,Bahujan Samaj Party,BSP,,188,8,,9,21492,0.875,,,21492,,,,
Maharashtra,2017,21-02-2017, ,0,Mumbai City,BRIHAN MUMBAI,MC,6,44,PRABHAG NO 44 ,,,FADIA SUREKHA DEIPAK,,,,,,,1605,Indian National Congress,BJP,,53,9,,9,21492,0.247,,,21492,,,,
Maharashtra,2017,21-02-2017, ,0,Mumbai City,BRIHAN MUMBAI,MC,6,44,PRABHAG NO 44 ,,,NOTA,,,,,,,u10003,,,,349,10,,9,21492,1.624,,,21492,,,,
Maharashtra,2017,21-02-2017, ,0,Mumbai City,BRIHAN MUMBAI,MC,6,45,PRABHAG NO 45 ,,,BAROT RAMNARAYAN AMTHARAM,,,,,,,1605,Bhartiya Janata Party,BJP,,16407,1,,5,25895,63.36,,,25895,,,,
Maharashtra,2017,21-02-2017, ,0,Mumbai City,BRIHAN MUMBAI,MC,6,45,PRABHAG NO 45 ,,,Kale Rajendra Nandkumar,,,,,,,18691,Shivsena,SHS,,5609,2,,5,25895,21.661,,,25895,,,,
Maharashtra,2017,21-02-2017, ,0,Mumbai City,BRIHAN MUMBAI,MC,6,45,PRABHAG NO 45 ,,,Yadav Ramesh Arvind,,,,,,,1605,Indian National Congress,BJP,,2930,3,,5,25895,11.315,,,25895,,,,
Maharashtra,2017,21-02-2017, ,0,Mumbai City,BRIHAN MUMBAI,MC,6,45,PRABHAG NO 45 ,,,MUDRALE NILESH SHANTARAM,,,,,,,11633,Maharashtra Navnirman Sena,MNS,,406,4,,5,25895,1.568,,,25895,,,,
Maharashtra,2017,21-02-2017, ,0,Mumbai City,BRIHAN MUMBAI,MC,6,45,PRABHAG NO 45 ,,,KANNURE SHRIDHAR SHANKAR,,,,,,,u10013,Republican Party of India (Secular),,,94,5,,5,25895,0.363,,,25895,,,,
Maharashtra,2017,21-02-2017, ,0,Mumbai City,BRIHAN MUMBAI,MC,6,45,PRABHAG NO 45 ,,,NOTA,,,,,,,u10003,,,,449,6,,5,25895,1.734,,,25895,,,,
Maharashtra,2017,21-02-2017, ,0,Mumbai City,BRIHAN MUMBAI,MC,6,46,PRABHAG NO 46 ,,,KOLI YOGITA SUNIL,,,,,,,1605,Bhartiya Janata Party,BJP,,16868,1,,4,28913,58.341,,,28913,,,,
Maharashtra,2017,21-02-2017, ,0,Mumbai City,BRIHAN MUMBAI,MC,6,46,PRABHAG NO 46 ,,,MHATRE ANAGHA PRAKASH,,,,,,,18691,Shivsena,SHS,,8501,2,,4,28913,29.402,,,28913,,,,
Maharashtra,2017,21-02-2017, ,0,Mumbai City,BRIHAN MUMBAI,MC,6,46,PRABHAG NO 46 ,,,NAZARE SANDHYA ASHOK,,,,,,,1605,Indian National Congress,BJP,,2197,3,,4,28913,7.599,,,28913,,,,
Maharashtra,2017,21-02-2017, ,0,Mumbai City,BRIHAN MUMBAI,MC,6,46,PRABHAG NO 46 ,,,MORE DIPALI VILAS,,,,,,,11633,Maharashtra Navnirman Sena,MNS,,745,4,,4,28913,2.577,,,28913,,,,
Maharashtra,2017,21-02-2017, ,0,Mumbai City,BRIHAN MUMBAI,MC,6,46,PRABHAG NO 46 ,,,NOTA,,,,,,,u10003,,,,602,5,,4,28913,2.082,,,28913,,,,
Maharashtra,2017,21-02-2017, ,0,Mumbai City,BRIHAN MUMBAI,MC,6,47,PRABHAG NO 47 ,,,Tiwana Jaya SatnamSingh,,,,,,,1605,Bhartiya Janata Party,BJP,,9301,1,,8,22353,41.61,,,22353,,,,
Maharashtra,2017,21-02-2017, ,0,Mumbai City,BRIHAN MUMBAI,MC,6,47,PRABHAG NO 47 ,,,BHATIA PINKYKAUR VAJINDERSINGH,,,,,,,1605,Indian National Congress,BJP,,7486,2,,8,22353,33.49,,,22353,,,,
Maharashtra,2017,21-02-2017, ,0,Mumbai City,BRIHAN MUMBAI,MC,6,47,PRABHAG NO 47 ,,,Pawar Supriya Vijay,,,,,,,18691,Shivsena,SHS,,3463,3,,8,22353,15.492,,,22353,,,,
Maharashtra,2017,21-02-2017, ,0,Mumbai City,BRIHAN MUMBAI,MC,6,47,PRABHAG NO 47 ,,,Chetty EmilaJosephine Celistin,,,,,,,10809,Independent,IND,,672,4,,8,22353,3.006,,,22353,,,,
Maharashtra,2017,21-02-2017, ,0,Mumbai City,BRIHAN MUMBAI,MC,6,47,PRABHAG NO 47 ,,,CHOUDHARY SHEETAL RAKESH,,,,,,,11633,Maharashtra Navnirman Sena,MNS,,545,5,,8,22353,2.438,,,22353,,,,
Maharashtra,2017,21-02-2017, ,0,Mumbai City,BRIHAN MUMBAI,MC,6,47,PRABHAG NO 47 ,,,S RAJMANI SUBRAMANIAM,,,,,,,930,All India Anna Dravid Munnetra Kazhagam Party,ADMK,,283,6,,8,22353,1.266,,,22353,,,,
Maharashtra,2017,21-02-2017, ,0,Mumbai City,BRIHAN MUMBAI,MC,6,47,PRABHAG NO 47 ,,,Honawar Pooja Ganesh,,,,,,,5792,Nationalist Congress Party,NCP,,57,7,,8,22353,0.255,,,22353,,,,
Maharashtra,2017,21-02-2017, ,0,Mumbai City,BRIHAN MUMBAI,MC,6,47,PRABHAG NO 47 ,,,Kolande Kayathri Thangraj,,,,,,,10809,Independent,IND,,56,8,,8,22353,0.251,,,22353,,,,
Maharashtra,2017,21-02-2017, ,0,Mumbai City,BRIHAN MUMBAI,MC,6,47,PRABHAG NO 47 ,,,NOTA,,,,,,,u10003,,,,490,9,,8,22353,2.192,,,22353,,,,
Maharashtra,2017,21-02-2017, ,0,Mumbai City,BRIHAN MUMBAI,MC,6,48,PRABHAG NO 48 ,,,ALMELKAR SALMA SALIM,,,,,,,1605,Indian National Congress,BJP,,6655,1,,9,14996,44.379,,,14996,,,,
Maharashtra,2017,21-02-2017, ,0,Mumbai City,BRIHAN MUMBAI,MC,6,48,PRABHAG NO 48 ,,,SHAIKH MOHDISMAIL SUHAIL,,,,,,,706,All India Majlis e Ittehadul Muslimeen,AIMIM,,2347,2,,9,14996,15.651,,,14996,,,,
Maharashtra,2017,21-02-2017, ,0,Mumbai City,BRIHAN MUMBAI,MC,6,48,PRABHAG NO 48 ,,,dashapute vikas balkrishna,,दशपूते विकास बाळकृष्ण,,,,,18691,Shivsena,SHS,,2219,3,,9,14996,14.797,,,14996,,,,
Maharashtra,2017,21-02-2017, ,0,Mumbai City,BRIHAN MUMBAI,MC,6,48,PRABHAG NO 48 ,,,Radiowala MohammedShamim MohammedShafi,,,,,,,1605,Bhartiya Janata Party,BJP,,1601,4,,9,14996,10.676,,,14996,,,,
Maharashtra,2017,21-02-2017, ,0,Mumbai City,BRIHAN MUMBAI,MC,6,48,PRABHAG NO 48 ,,,SHEDGE MANGESH SADASHIV,,,,,,,10809,Independent,IND,,751,5,,9,14996,5.008,,,14996,,,,
Maharashtra,2017,21-02-2017, ,0,Mumbai City,BRIHAN MUMBAI,MC,6,48,PRABHAG NO 48 ,,,Shaikh Sharif Hanif,,,,,,,5792,Nationalist Congress Party,NCP,,572,6,,9,14996,3.814,,,14996,,,,
Maharashtra,2017,21-02-2017, ,0,Mumbai City,BRIHAN MUMBAI,MC,6,48,PRABHAG NO 48 ,,,MALAVADE SUSHANT SUNIL,,,,,,,11633,Maharashtra Navnirman Sena,MNS,,390,7,,9,14996,2.601,,,14996,,,,
Maharashtra,2017,21-02-2017, ,0,Mumbai City,BRIHAN MUMBAI,MC,6,48,PRABHAG NO 48 ,,,ANSARI MOHDFIROZ SAMIDAHMED,,,,,,,10809,Independent,IND,,165,8,,9,14996,1.1,,,14996,,,,
Maharashtra,2017,21-02-2017, ,0,Mumbai City,BRIHAN MUMBAI,MC,6,48,PRABHAG NO 48 ,,,SHAIKH SAEED SHERFUDDIN,,,,,,,7425,Samajwadi Party,SP,,139,9,,9,14996,0.927,,,14996,,,,
Maharashtra,2017,21-02-2017, ,0,Mumbai City,BRIHAN MUMBAI,MC,6,48,PRABHAG NO 48 ,,,NOTA,,,,,,,u10003,,,,157,10,,9,14996,1.047,,,14996,,,,
Maharashtra,2017,21-02-2017, ,0,Mumbai City,BRIHAN MUMBAI,MC,6,49,PRABHAG NO 49 ,,,Sutar Sangeeta Sanjay,,,,,,,18691,Shivsena,SHS,,7359,1,,15,19637,37.475,,,19637,,,,
Maharashtra,2017,21-02-2017, ,0,Mumbai City,BRIHAN MUMBAI,MC,6,49,PRABHAG NO 49 ,,,SAYYED FEMIDA IBRAHIM,,,,,,,1605,Indian National Congress,BJP,,5431,2,,15,19637,27.657,,,19637,,,,
Maharashtra,2017,21-02-2017, ,0,Mumbai City,BRIHAN MUMBAI,MC,6,49,PRABHAG NO 49 ,,,MENDES MERILA HAVEN,,,,,,,1605,Bhartiya Janata Party,BJP,,2204,3,,15,19637,11.224,,,19637,,,,
Maharashtra,2017,21-02-2017, ,0,Mumbai City,BRIHAN MUMBAI,MC,6,49,PRABHAG NO 49 ,,,GRACIOUS SARIKA AUSTIN,,,,,,,5792,Nationalist Congress Party,NCP,,1430,4,,15,19637,7.282,,,19637,,,,
Maharashtra,2017,21-02-2017, ,0,Mumbai City,BRIHAN MUMBAI,MC,6,49,PRABHAG NO 49 ,,,KHAN NAZMEEN SIKANDER,,,,,,,706,All India Majlis e Ittehadul Muslimeen,AIMIM,,1179,5,,15,19637,6.004,,,19637,,,,
Maharashtra,2017,21-02-2017, ,0,Mumbai City,BRIHAN MUMBAI,MC,6,49,PRABHAG NO 49 ,,,SHAIKH MINAZ FIROZ,,,,,,,16651,Bahujan Samaj Party,BSP,,574,6,,15,19637,2.923,,,19637,,,,
Maharashtra,2017,21-02-2017, ,0,Mumbai City,BRIHAN MUMBAI,MC,6,49,PRABHAG NO 49 ,,,DIVE RENUKA PANDURANG,,,,,,,11633,Maharashtra Navnirman Sena,MNS,,300,7,,15,19637,1.528,,,19637,,,,
Maharashtra,2017,21-02-2017, ,0,Mumbai City,BRIHAN MUMBAI,MC,6,49,PRABHAG NO 49 ,,,KHAN RESHMA IRSHAD,,,,,,,7425,Samajwadi Party,SP,,259,8,,15,19637,1.319,,,19637,,,,
Maharashtra,2017,21-02-2017, ,0,Mumbai City,BRIHAN MUMBAI,MC,6,49,PRABHAG NO 49 ,,,YADAV ANITA RAMAKBAL,,,,,,,10809,Independent,IND,,249,9,,15,19637,1.268,,,19637,,,,
Maharashtra,2017,21-02-2017, ,0,Mumbai City,BRIHAN MUMBAI,MC,6,49,PRABHAG NO 49 ,,,BHAISARE JYOTI RAMDAS,,,,,,,10809,Independent,IND,,241,10,,15,19637,1.227,,,19637,,,,
Maharashtra,2017,21-02-2017, ,0,Mumbai City,BRIHAN MUMBAI,MC,6,49,PRABHAG NO 49 ,,,shaikh sonam valimohammad,,,,,,,10809,Independent,IND,,110,11,,15,19637,0.56,,,19637,,,,
Maharashtra,2017,21-02-2017, ,0,Mumbai City,BRIHAN MUMBAI,MC,6,49,PRABHAG NO 49 ,,,SHAH ASHADEVI OMPRAKASH,,,,,,,10809,Independent,IND,,73,12,,15,19637,0.372,,,19637,,,,
Maharashtra,2017,21-02-2017, ,0,Mumbai City,BRIHAN MUMBAI,MC,6,49,PRABHAG NO 49 ,,,SINGH BEENA RAMKUBER,,,,,,,10809,Independent,IND,,72,13,,15,19637,0.367,,,19637,,,,
Maharashtra,2017,21-02-2017, ,0,Mumbai City,BRIHAN MUMBAI,MC,6,49,PRABHAG NO 49 ,,,Kalita Minakshi Bhagirath,,,,,,,24549,Sambhaji Brigade,SBBGP,,52,14,,15,19637,0.265,,,19637,,,,
Maharashtra,2017,21-02-2017, ,0,Mumbai City,BRIHAN MUMBAI,MC,6,49,PRABHAG NO 49 ,,,SAYYED NISHA BADRUDDIN,,,,,,,10809,Independent,IND,,31,15,,15,19637,0.158,,,19637,,,,
Maharashtra,2017,21-02-2017, ,0,Mumbai City,BRIHAN MUMBAI,MC,6,49,PRABHAG NO 49 ,,,NOTA,,,,,,,u10003,,,,73,16,,15,19637,0.372,,,19637,,,,
Maharashtra,2017,21-02-2017, ,0,Mumbai City,BRIHAN MUMBAI,MC,6,50,PRABHAG NO 50 ,,,THAKUR DEEPAK JAIPRAKASH,,,,,,,1605,Bhartiya Janata Party,BJP,,10645,1,,11,22945,46.394,,,22945,,,,
Maharashtra,2017,21-02-2017, ,0,Mumbai City,BRIHAN MUMBAI,MC,6,50,PRABHAG NO 50 ,,,RAO DINESH SHRIDHAR,,,,,,,18691,Shivsena,SHS,,6783,2,,11,22945,29.562,,,22945,,,,
Maharashtra,2017,21-02-2017, ,0,Mumbai City,BRIHAN MUMBAI,MC,6,50,PRABHAG NO 50 ,,,Zagade Sneha Vinayak,,,,,,,1605,Indian National Congress,BJP,,2739,3,,11,22945,11.937,,,22945,,,,
Maharashtra,2017,21-02-2017, ,0,Mumbai City,BRIHAN MUMBAI,MC,6,50,PRABHAG NO 50 ,,,SALVI HARESH DEU,,,,,,,11633,Maharashtra Navnirman Sena,MNS,,1429,4,,11,22945,6.228,,,22945,,,,
Maharashtra,2017,21-02-2017, ,0,Mumbai City,BRIHAN MUMBAI,MC,6,50,PRABHAG NO 50 ,,,Dalvi Umesh Shivaji,,,,,,,10809,Independent,IND,,347,5,,11,22945,1.512,,,22945,,,,
Maharashtra,2017,21-02-2017, ,0,Mumbai City,BRIHAN MUMBAI,MC,6,50,PRABHAG NO 50 ,,,Singh Mukesh Bindhyavasani,,,,,,,10809,Independent,IND,,269,6,,11,22945,1.172,,,22945,,,,
Maharashtra,2017,21-02-2017, ,0,Mumbai City,BRIHAN MUMBAI,MC,6,50,PRABHAG NO 50 ,,,DWIVEDI CHINTAMANI RAMSURAT,,,,,,,5792,Nationalist Congress Party,NCP,,90,7,,11,22945,0.392,,,22945,,,,
Maharashtra,2017,21-02-2017, ,0,Mumbai City,BRIHAN MUMBAI,MC,6,50,PRABHAG NO 50 ,,,Bhadrige Abhijeet Dnyaneshwar,,,,,,,10809,Independent,IND,,87,8,,11,22945,0.379,,,22945,,,,
Maharashtra,2017,21-02-2017, ,0,Mumbai City,BRIHAN MUMBAI,MC,6,50,PRABHAG NO 50 ,,,YADAV ANIL RAMAVTAR,,,,,,,10809,Independent,IND,,87,9,,11,22945,0.379,,,22945,,,,
Maharashtra,2017,21-02-2017, ,0,Mumbai City,BRIHAN MUMBAI,MC,6,50,PRABHAG NO 50 ,,,HALDE MANOJ MANOHAR,,,,,,,16651,Bahujan Samaj Party,BSP,,52,10,,11,22945,0.227,,,22945,,,,
Maharashtra,2017,21-02-2017, ,0,Mumbai City,BRIHAN MUMBAI,MC,6,50,PRABHAG NO 50 ,,,YADAV MAHENDRAPRASAD RAMASHANKAR,,,,,,,10809,Independent,IND,,38,11,,11,22945,0.166,,,22945,,,,
Maharashtra,2017,21-02-2017, ,0,Mumbai City,BRIHAN MUMBAI,MC,6,50,PRABHAG NO 50 ,,,NOTA,,,,,,,u10003,,,,379,12,,11,22945,1.652,,,22945,,,,
Maharashtra,2017,21-02-2017, ,0,Mumbai City,BRIHAN MUMBAI,MC,6,51,PRABHAG NO 51 ,,,TEMBWALKAR SWAPNIL MOHAN,,,,,,,18691,Shivsena,SHS,,7802,1,,13,21014,37.128,,,21014,,,,
Maharashtra,2017,21-02-2017, ,0,Mumbai City,BRIHAN MUMBAI,MC,6,51,PRABHAG NO 51 ,,,SHELAR VINOD BABAJI,,,,,,,1605,Bhartiya Janata Party,BJP,,6635,2,,13,21014,31.574,,,21014,,,,
Maharashtra,2017,21-02-2017, ,0,Mumbai City,BRIHAN MUMBAI,MC,6,51,PRABHAG NO 51 ,,,SINGH REKHA DILIP,,,,,,,1605,Indian National Congress,BJP,,3828,3,,13,21014,18.216,,,21014,,,,
Maharashtra,2017,21-02-2017, ,0,Mumbai City,BRIHAN MUMBAI,MC,6,51,PRABHAG NO 51 ,,,PARAB GHANSHYAM BHARAT,,,,,,,11633,Maharashtra Navnirman Sena,MNS,,1374,4,,13,21014,6.538,,,21014,,,,
Maharashtra,2017,21-02-2017, ,0,Mumbai City,BRIHAN MUMBAI,MC,6,51,PRABHAG NO 51 ,,,Jadhav Sandeep Tukaram,,,,,,,24549,Sambhaji Brigade,SBBGP,,416,5,,13,21014,1.98,,,21014,,,,
Maharashtra,2017,21-02-2017, ,0,Mumbai City,BRIHAN MUMBAI,MC,6,51,PRABHAG NO 51 ,,,PATEL MOHSIN LAL,,,,,,,7425,Samajwadi Party,SP,,285,6,,13,21014,1.356,,,21014,,,,
Maharashtra,2017,21-02-2017, ,0,Mumbai City,BRIHAN MUMBAI,MC,6,51,PRABHAG NO 51 ,,,SAWANT AMOL DASHRATH,,,,,,,16651,Bahujan Samaj Party,BSP,,70,7,,13,21014,0.333,,,21014,,,,
Maharashtra,2017,21-02-2017, ,0,Mumbai City,BRIHAN MUMBAI,MC,6,51,PRABHAG NO 51 ,,,GHAG KIRAN PANDURANG,,,,,,,10809,Independent,IND,,63,8,,13,21014,0.3,,,21014,,,,
Maharashtra,2017,21-02-2017, ,0,Mumbai City,BRIHAN MUMBAI,MC,6,51,PRABHAG NO 51 ,,,SHAIKH MOHAMMADYAKUB ABULHASAN,,,,,,,10809,Independent,IND,,55,9,,13,21014,0.262,,,21014,,,,
Maharashtra,2017,21-02-2017, ,0,Mumbai City,BRIHAN MUMBAI,MC,6,51,PRABHAG NO 51 ,,,Gupta Omprakash Rambachan,,,,,,,10809,Independent,IND,,45,10,,13,21014,0.214,,,21014,,,,
Maharashtra,2017,21-02-2017, ,0,Mumbai City,BRIHAN MUMBAI,MC,6,51,PRABHAG NO 51 ,,,PARKAR RAJENDRA KRISHNA,,,,,,,10809,Independent,IND,,39,11,,13,21014,0.186,,,21014,,,,
Maharashtra,2017,21-02-2017, ,0,Mumbai City,BRIHAN MUMBAI,MC,6,51,PRABHAG NO 51 ,,,samani saquibhussain gulamjilani,,,,,,,9677,Bahujan Vikas Aghadi,BVA,,32,12,,13,21014,0.152,,,21014,,,,
Maharashtra,2017,21-02-2017, ,0,Mumbai City,BRIHAN MUMBAI,MC,6,51,PRABHAG NO 51 ,,,JAISWAL BHANUPRATAP RAJMAN,,,,,,,10809,Independent,IND,,15,13,,13,21014,0.071,,,21014,,,,
Maharashtra,2017,21-02-2017, ,0,Mumbai City,BRIHAN MUMBAI,MC,6,51,PRABHAG NO 51 ,,,NOTA,,,,,,,u10003,,,,355,14,,13,21014,1.689,,,21014,,,,
Maharashtra,2017,21-02-2017, ,0,Mumbai City,BRIHAN MUMBAI,MC,6,52,PRABHAG NO 52 ,,,SATAM PRITI MANOJ,,,,,,,1605,Bhartiya Janata Party,BJP,,6696,1,,6,18302,36.586,,,18302,,,,
Maharashtra,2017,21-02-2017, ,0,Mumbai City,BRIHAN MUMBAI,MC,6,52,PRABHAG NO 52 ,,,Chavan Sampada Rupesh,,,,,,,18691,Shivsena,SHS,,6246,2,,6,18302,34.127,,,18302,,,,
Maharashtra,2017,21-02-2017, ,0,Mumbai City,BRIHAN MUMBAI,MC,6,52,PRABHAG NO 52 ,,,SHETYE SUGANDHA MADHUKAR,,,,,,,11633,Maharashtra Navnirman Sena,MNS,,2610,3,,6,18302,14.261,,,18302,,,,
Maharashtra,2017,21-02-2017, ,0,Mumbai City,BRIHAN MUMBAI,MC,6,52,PRABHAG NO 52 ,,,BHAVSAR RASHMI PRASHANT,,,,,,,1605,Indian National Congress,BJP,,1838,4,,6,18302,10.043,,,18302,,,,
Maharashtra,2017,21-02-2017, ,0,Mumbai City,BRIHAN MUMBAI,MC,6,52,PRABHAG NO 52 ,,,KHARAT SANGITA GANGARAM,,,,,,,10809,Independent,IND,,385,5,,6,18302,2.104,,,18302,,,,
Maharashtra,2017,21-02-2017, ,0,Mumbai City,BRIHAN MUMBAI,MC,6,52,PRABHAG NO 52 ,,,MAHAKAL BABITA NAGARAJANCHETTIAR,,,,,,,1605,Bhartiya Janata Party,BJP,,95,6,,6,18302,0.519,,,18302,,,,
Maharashtra,2017,21-02-2017, ,0,Mumbai City,BRIHAN MUMBAI,MC,6,52,PRABHAG NO 52 ,,,NOTA,,,,,,,u10003,,,,432,7,,6,18302,2.36,,,18302,,,,
Maharashtra,2017,21-02-2017, ,0,Mumbai City,BRIHAN MUMBAI,MC,6,53,PRABHAG NO 53 ,,,RAMVANSHI REKHA DADASAHEB,,,,,,,18691,Shivsena,SHS,,6088,1,,8,16393,37.138,,,16393,,,,
Maharashtra,2017,21-02-2017, ,0,Mumbai City,BRIHAN MUMBAI,MC,6,53,PRABHAG NO 53 ,,,SHINDE SANGEETA VITTHAL,,,,,,,1605,Bhartiya Janata Party,BJP,,3555,2,,8,16393,21.686,,,16393,,,,
Maharashtra,2017,21-02-2017, ,0,Mumbai City,BRIHAN MUMBAI,MC,6,53,PRABHAG NO 53 ,,,SAKPAL ROHINI SANDEEP,,,,,,,1605,Indian National Congress,BJP,,2358,3,,8,16393,14.384,,,16393,,,,
Maharashtra,2017,21-02-2017, ,0,Mumbai City,BRIHAN MUMBAI,MC,6,53,PRABHAG NO 53 ,,,KHANDAGALE DARSHANA PRAKASH,,,,,,,12285,Republican Party of India (A),RPI(A),,1822,4,,8,16393,11.115,,,16393,,,,
Maharashtra,2017,21-02-2017, ,0,Mumbai City,BRIHAN MUMBAI,MC,6,53,PRABHAG NO 53 ,,,LANDGE ALKA BHARAT,,,,,,,1875,Bharip Bahujan Mahasangh,BBM,,990,5,,8,16393,6.039,,,16393,,,,
Maharashtra,2017,21-02-2017, ,0,Mumbai City,BRIHAN MUMBAI,MC,6,53,PRABHAG NO 53 ,,,kharat poonan baban,,,,,,,11633,Maharashtra Navnirman Sena,MNS,,890,6,,8,16393,5.429,,,16393,,,,
Maharashtra,2017,21-02-2017, ,0,Mumbai City,BRIHAN MUMBAI,MC,6,53,PRABHAG NO 53 ,,,YADAV SWATI SADU,,,,,,,12285,Republican Party of India (A),RPI(A),,213,7,,8,16393,1.299,,,16393,,,,
Maharashtra,2017,21-02-2017, ,0,Mumbai City,BRIHAN MUMBAI,MC,6,53,PRABHAG NO 53 ,,,SADAFULE PUJA ARJUN,,,,,,,10809,Independent,IND,,105,8,,8,16393,0.641,,,16393,,,,
Maharashtra,2017,21-02-2017, ,0,Mumbai City,BRIHAN MUMBAI,MC,6,53,PRABHAG NO 53 ,,,NOTA,,,,,,,u10003,,,,372,9,,8,16393,2.269,,,16393,,,,
Maharashtra,2017,21-02-2017, ,0,Mumbai City,BRIHAN MUMBAI,MC,6,54,PRABHAG NO 54 ,,,MANE SADHANA SADASHIV,,,,,,,18691,Shivsena,SHS,,8363,1,,8,21718,38.507,,,21718,,,,
Maharashtra,2017,21-02-2017, ,0,Mumbai City,BRIHAN MUMBAI,MC,6,54,PRABHAG NO 54 ,,,VAZE SANIKA SATEESH,,,,,,,1605,Bhartiya Janata Party,BJP,,6901,2,,8,21718,31.775,,,21718,,,,
Maharashtra,2017,21-02-2017, ,0,Mumbai City,BRIHAN MUMBAI,MC,6,54,PRABHAG NO 54 ,,,PRAJAPATI KANCHAN VINOD,,,,,,,1605,Indian National Congress,BJP,,2903,3,,8,21718,13.367,,,21718,,,,
Maharashtra,2017,21-02-2017, ,0,Mumbai City,BRIHAN MUMBAI,MC,6,54,PRABHAG NO 54 ,,,churi sunita gajanan,,,,,,,11633,Maharashtra Navnirman Sena,MNS,,1346,4,,8,21718,6.198,,,21718,,,,
Maharashtra,2017,21-02-2017, ,0,Mumbai City,BRIHAN MUMBAI,MC,6,54,PRABHAG NO 54 ,,,VISHWASRAO RAJASHREE HARISHCHANDRA,,,,,,,10809,Independent,IND,,1036,5,,8,21718,4.77,,,21718,,,,
Maharashtra,2017,21-02-2017, ,0,Mumbai City,BRIHAN MUMBAI,MC,6,54,PRABHAG NO 54 ,,,RAUT CHHAYA RATAN,,,,,,,12285,Republican Party of India (A),RPI(A),,479,6,,8,21718,2.206,,,21718,,,,
Maharashtra,2017,21-02-2017, ,0,Mumbai City,BRIHAN MUMBAI,MC,6,54,PRABHAG NO 54 ,,,DHABALE REKHA SAKHARAM,,,,,,,16651,Bahujan Samaj Party,BSP,,174,7,,8,21718,0.801,,,21718,,,,
Maharashtra,2017,21-02-2017, ,0,Mumbai City,BRIHAN MUMBAI,MC,6,54,PRABHAG NO 54 ,,,PAGARE VAISHALI NANA,,,,,,,5792,Nationalist Congress Party,NCP,,143,8,,8,21718,0.658,,,21718,,,,
Maharashtra,2017,21-02-2017, ,0,Mumbai City,BRIHAN MUMBAI,MC,6,54,PRABHAG NO 54 ,,,NOTA,,,,,,,u10003,,,,373,9,,8,21718,1.717,,,21718,,,,
Maharashtra,2017,21-02-2017, ,0,Mumbai City,BRIHAN MUMBAI,MC,6,55,PRABHAG NO 55 ,,,PATEL HARSH BHARGAV,,,,,,,1605,Bhartiya Janata Party,BJP,,14256,1,,5,28038,50.845,,,28038,,,,
Maharashtra,2017,21-02-2017, ,0,Mumbai City,BRIHAN MUMBAI,MC,6,55,PRABHAG NO 55 ,,,LIMBACHIYA BIREN DAHYALAL,,,,,,,18691,Shivsena,SHS,,6242,2,,5,28038,22.263,,,28038,,,,
Maharashtra,2017,21-02-2017, ,0,Mumbai City,BRIHAN MUMBAI,MC,6,55,PRABHAG NO 55 ,,,PATEL KIRAN VINAY,,,,,,,1605,Indian National Congress,BJP,,4460,3,,5,28038,15.907,,,28038,,,,
Maharashtra,2017,21-02-2017, ,0,Mumbai City,BRIHAN MUMBAI,MC,6,55,PRABHAG NO 55 ,,,MHATRE MAKARAND KHANDERAO,,,,,,,11633,Maharashtra Navnirman Sena,MNS,,2244,4,,5,28038,8.003,,,28038,,,,
Maharashtra,2017,21-02-2017, ,0,Mumbai City,BRIHAN MUMBAI,MC,6,55,PRABHAG NO 55 ,,,VAINGANKAR RAJENDRA KRISHNA,,,,,,,16651,Bahujan Samaj Party,BSP,,177,5,,5,28038,0.631,,,28038,,,,
Maharashtra,2017,21-02-2017, ,0,Mumbai City,BRIHAN MUMBAI,MC,6,55,PRABHAG NO 55 ,,,NOTA,,,,,,,u10003,,,,659,6,,5,28038,2.35,,,28038,,,,
Maharashtra,2017,21-02-2017, ,0,Mumbai City,BRIHAN MUMBAI,MC,6,56,PRABHAG NO 56 ,,,Desai Rajul Sameer,,,,,,,1605,Bhartiya Janata Party,BJP,,10219,1,,15,25710,39.747,,,25710,,,,
Maharashtra,2017,21-02-2017, ,0,Mumbai City,BRIHAN MUMBAI,MC,6,56,PRABHAG NO 56 ,,,CHAVAN LOCHANA CHANDRAKANT,,,,,,,18691,Shivsena,SHS,,6961,2,,15,25710,27.075,,,25710,,,,
Maharashtra,2017,21-02-2017, ,0,Mumbai City,BRIHAN MUMBAI,MC,6,56,PRABHAG NO 56 ,,,MALBARI aRZOO HANIF,,,,,,,1605,Indian National Congress,BJP,,3982,3,,15,25710,15.488,,,25710,,,,
Maharashtra,2017,21-02-2017, ,0,Mumbai City,BRIHAN MUMBAI,MC,6,56,PRABHAG NO 56 ,,,Chavan Megha Sushil,,,,,,,10809,Independent,IND,,2301,4,,15,25710,8.95,,,25710,,,,
Maharashtra,2017,21-02-2017, ,0,Mumbai City,BRIHAN MUMBAI,MC,6,56,PRABHAG NO 56 ,,,PARMAR JYOTI PRAKASH,,,,,,,11633,Maharashtra Navnirman Sena,MNS,,599,5,,15,25710,2.33,,,25710,,,,
Maharashtra,2017,21-02-2017, ,0,Mumbai City,BRIHAN MUMBAI,MC,6,56,PRABHAG NO 56 ,,,RAMALU USHA VYANKAT,,,,,,,12285,Republican Party of India (A),RPI(A),,323,6,,15,25710,1.256,,,25710,,,,
Maharashtra,2017,21-02-2017, ,0,Mumbai City,BRIHAN MUMBAI,MC,6,56,PRABHAG NO 56 ,,,SHETTY VAIJAYANTI RAJU,,,,,,,7425,Samajwadi Party,SP,,289,7,,15,25710,1.124,,,25710,,,,
Maharashtra,2017,21-02-2017, ,0,Mumbai City,BRIHAN MUMBAI,MC,6,56,PRABHAG NO 56 ,,,JADHAV CHANDRAPRIYA CHANDRAKANT,,,,,,,16651,Bahujan Samaj Party,BSP,,184,8,,15,25710,0.716,,,25710,,,,
Maharashtra,2017,21-02-2017, ,0,Mumbai City,BRIHAN MUMBAI,MC,6,56,PRABHAG NO 56 ,,,Chavan Diksha Dinesh,,,,,,,10809,Independent,IND,,160,9,,15,25710,0.622,,,25710,,,,
Maharashtra,2017,21-02-2017, ,0,Mumbai City,BRIHAN MUMBAI,MC,6,56,PRABHAG NO 56 ,,,MORE SONALI MAHENDRA,,,,,,,1074,Bahujan Mukti Party,BMUP,,132,10,,15,25710,0.513,,,25710,,,,
Maharashtra,2017,21-02-2017, ,0,Mumbai City,BRIHAN MUMBAI,MC,6,56,PRABHAG NO 56 ,,,FERNANDEZ BHARATI ANTHONY,,,,,,,9677,Bahujan Vikas Aghadi,BVA,,118,11,,15,25710,0.459,,,25710,,,,
Maharashtra,2017,21-02-2017, ,0,Mumbai City,BRIHAN MUMBAI,MC,6,56,PRABHAG NO 56 ,,,RAJGURE PRANITA NAGESH,,,,,,,10979,Janata Dal Secular,JD(S),,106,12,,15,25710,0.412,,,25710,,,,
Maharashtra,2017,21-02-2017, ,0,Mumbai City,BRIHAN MUMBAI,MC,6,56,PRABHAG NO 56 ,,,walawalkar dipti ashok,,,,,,,10809,Independent,IND,,79,13,,15,25710,0.307,,,25710,,,,
Maharashtra,2017,21-02-2017, ,0,Mumbai City,BRIHAN MUMBAI,MC,6,56,PRABHAG NO 56 ,,,Pal Nisha Niranjan,,,,,,,6792,Rashtriya Samaj Paksha,RSPS,,63,14,,15,25710,0.245,,,25710,,,,
Maharashtra,2017,21-02-2017, ,0,Mumbai City,BRIHAN MUMBAI,MC,6,56,PRABHAG NO 56 ,,,KAMBLE USHA SONAJI,,,,,,,10809,Independent,IND,,49,15,,15,25710,0.191,,,25710,,,,
Maharashtra,2017,21-02-2017, ,0,Mumbai City,BRIHAN MUMBAI,MC,6,56,PRABHAG NO 56 ,,,NOTA,,,,,,,u10003,,,,145,16,,15,25710,0.564,,,25710,,,,
Maharashtra,2017,21-02-2017, ,0,Mumbai City,BRIHAN MUMBAI,MC,6,57,PRABHAG NO 57 ,,,PILLAI SRIKALA RAMCHANDRAN,,,,,,,1605,Bhartiya Janata Party,BJP,,10444,1,,10,22324,46.784,,,22324,,,,
Maharashtra,2017,21-02-2017, ,0,Mumbai City,BRIHAN MUMBAI,MC,6,57,PRABHAG NO 57 ,,,rane madhavi arun,,,,,,,1605,Indian National Congress,BJP,,5289,2,,10,22324,23.692,,,22324,,,,
Maharashtra,2017,21-02-2017, ,0,Mumbai City,BRIHAN MUMBAI,MC,6,57,PRABHAG NO 57 ,,,SHINDE PRAMILA DILIP,,,,,,,18691,Shivsena,SHS,,4764,3,,10,22324,21.34,,,22324,,,,
Maharashtra,2017,21-02-2017, ,0,Mumbai City,BRIHAN MUMBAI,MC,6,57,PRABHAG NO 57 ,,,KARANDE SUNITA SUKHDEV,,,,,,,5792,Nationalist Congress Party,NCP,,489,4,,10,22324,2.19,,,22324,,,,
Maharashtra,2017,21-02-2017, ,0,Mumbai City,BRIHAN MUMBAI,MC,6,57,PRABHAG NO 57 ,,,INGOLE REKHA ASHOK,,,,,,,11633,Maharashtra Navnirman Sena,MNS,,480,5,,10,22324,2.15,,,22324,,,,
Maharashtra,2017,21-02-2017, ,0,Mumbai City,BRIHAN MUMBAI,MC,6,57,PRABHAG NO 57 ,,,RATNAPARKHE CHANDRAKALA AMBADAS,,,,,,,16651,Bahujan Samaj Party,BSP,,385,6,,10,22324,1.725,,,22324,,,,
Maharashtra,2017,21-02-2017, ,0,Mumbai City,BRIHAN MUMBAI,MC,6,57,PRABHAG NO 57 ,,,NAIDU SARIKA SUNITA,,,,,,,10809,Independent,IND,,75,7,,10,22324,0.336,,,22324,,,,
Maharashtra,2017,21-02-2017, ,0,Mumbai City,BRIHAN MUMBAI,MC,6,57,PRABHAG NO 57 ,,,mhaske ashvini sudhir,,,,,,,10809,Independent,IND,,49,8,,10,22324,0.219,,,22324,,,,
Maharashtra,2017,21-02-2017, ,0,Mumbai City,BRIHAN MUMBAI,MC,6,57,PRABHAG NO 57 ,,,SHAIKH PARVEEN JAKAULLA,,,,,,,706,All India Majlis e Ittehadul Muslimeen,AIMIM,,44,9,,10,22324,0.197,,,22324,,,,
Maharashtra,2017,21-02-2017, ,0,Mumbai City,BRIHAN MUMBAI,MC,6,57,PRABHAG NO 57 ,,,KHADYE ASMITA ASHOK,,,,,,,10809,Independent,IND,,38,10,,10,22324,0.17,,,22324,,,,
Maharashtra,2017,21-02-2017, ,0,Mumbai City,BRIHAN MUMBAI,MC,6,57,PRABHAG NO 57 ,,,NOTA,,,,,,,u10003,,,,267,11,,10,22324,1.196,,,22324,,,,
Maharashtra,2017,21-02-2017, ,0,Mumbai City,BRIHAN MUMBAI,MC,6,58,PRABHAG NO 58 ,,,PATEL SANDEEP DILIP,,,,,,,1605,Bhartiya Janata Party,BJP,,7153,1,,19,23336,30.652,,,23336,,,,
Maharashtra,2017,21-02-2017, ,0,Mumbai City,BRIHAN MUMBAI,MC,6,58,PRABHAG NO 58 ,,,PADHYE RAJAN VASANT,,,,,,,18691,Shivsena,SHS,,6606,2,,19,23336,28.308,,,23336,,,,
Maharashtra,2017,21-02-2017, ,0,Mumbai City,BRIHAN MUMBAI,MC,6,58,PRABHAG NO 58 ,,,SHETTIGAR SURYAPRAKASH NARAYAN,,,,,,,1605,Indian National Congress,BJP,,3066,3,,19,23336,13.138,,,23336,,,,
Maharashtra,2017,21-02-2017, ,0,Mumbai City,BRIHAN MUMBAI,MC,6,58,PRABHAG NO 58 ,,,jadhav virendra vijay,,,,,,,11633,Maharashtra Navnirman Sena,MNS,,2756,4,,19,23336,11.81,,,23336,,,,
Maharashtra,2017,21-02-2017, ,0,Mumbai City,BRIHAN MUMBAI,MC,6,58,PRABHAG NO 58 ,,,KHAN ATIULLAH ANGREZBAHADUR,,,,,,,7425,Samajwadi Party,SP,,1320,5,,19,23336,5.656,,,23336,,,,
Maharashtra,2017,21-02-2017, ,0,Mumbai City,BRIHAN MUMBAI,MC,6,58,PRABHAG NO 58 ,,,YADAV RAMESH SHYAMDEV,,,,,,,10809,Independent,IND,,535,6,,19,23336,2.293,,,23336,,,,
Maharashtra,2017,21-02-2017, ,0,Mumbai City,BRIHAN MUMBAI,MC,6,58,PRABHAG NO 58 ,,,VICHARE AJAY DATTARAM,,,,,,,5792,Nationalist Congress Party,NCP,,263,7,,19,23336,1.127,,,23336,,,,
Maharashtra,2017,21-02-2017, ,0,Mumbai City,BRIHAN MUMBAI,MC,6,58,PRABHAG NO 58 ,,,SALVI PRADIP GOPINATH,,,,,,,14635,Communist Party Of India (Marxist),CPM,,219,8,,19,23336,0.938,,,23336,,,,
Maharashtra,2017,21-02-2017, ,0,Mumbai City,BRIHAN MUMBAI,MC,6,58,PRABHAG NO 58 ,,,PENDSE ASHISH MAHADEO,,,,,,,4941,Lokbharati,LB,,165,9,,19,23336,0.707,,,23336,,,,
Maharashtra,2017,21-02-2017, ,0,Mumbai City,BRIHAN MUMBAI,MC,6,58,PRABHAG NO 58 ,,,Pandey Rishikesh RajendraPrasad,,,,,,,10809,Independent,IND,,161,10,,19,23336,0.69,,,23336,,,,
Maharashtra,2017,21-02-2017, ,0,Mumbai City,BRIHAN MUMBAI,MC,6,58,PRABHAG NO 58 ,,,kazi salim dawood,,,,,,,24558,united congress party,UnCP,,153,11,,19,23336,0.656,,,23336,,,,
Maharashtra,2017,21-02-2017, ,0,Mumbai City,BRIHAN MUMBAI,MC,6,58,PRABHAG NO 58 ,,,MAKKAD KIRPALSINGH MANOHARSINGH,,,,,,,10809,Independent,IND,,120,12,,19,23336,0.514,,,23336,,,,
Maharashtra,2017,21-02-2017, ,0,Mumbai City,BRIHAN MUMBAI,MC,6,58,PRABHAG NO 58 ,,,SINGH DEV LAL,,,,,,,9677,Bahujan Vikas Aghadi,BVA,,107,13,,19,23336,0.459,,,23336,,,,
Maharashtra,2017,21-02-2017, ,0,Mumbai City,BRIHAN MUMBAI,MC,6,58,PRABHAG NO 58 ,,,gupta nitin narendra,,,,,,,8690,Akhil Bharatiya Sena,ABHS,,91,14,,19,23336,0.39,,,23336,,,,
Maharashtra,2017,21-02-2017, ,0,Mumbai City,BRIHAN MUMBAI,MC,6,58,PRABHAG NO 58 ,,,KHAN SALMAN AZIZ,,,,,,,12285,Republican Party of India (A),RPI(A),,87,15,,19,23336,0.373,,,23336,,,,
Maharashtra,2017,21-02-2017, ,0,Mumbai City,BRIHAN MUMBAI,MC,6,58,PRABHAG NO 58 ,,,KUNDAYIL SURAJ SUBRAMANIAN,,,,,,,16651,Bahujan Samaj Party,BSP,,74,16,,19,23336,0.317,,,23336,,,,
Maharashtra,2017,21-02-2017, ,0,Mumbai City,BRIHAN MUMBAI,MC,6,58,PRABHAG NO 58 ,,,Saroj Shailesh Ramesh,,,,,,,10809,Independent,IND,,71,17,,19,23336,0.304,,,23336,,,,
Maharashtra,2017,21-02-2017, ,0,Mumbai City,BRIHAN MUMBAI,MC,6,58,PRABHAG NO 58 ,,,KASARE VIJAY HIRU,,,,,,,10809,Independent,IND,,62,18,,19,23336,0.266,,,23336,,,,
Maharashtra,2017,21-02-2017, ,0,Mumbai City,BRIHAN MUMBAI,MC,6,58,PRABHAG NO 58 ,,,RAJPUT SANJAY BRIJPALSINGH,,,,,,,10809,Independent,IND,,18,19,,19,23336,0.077,,,23336,,,,
Maharashtra,2017,21-02-2017, ,0,Mumbai City,BRIHAN MUMBAI,MC,6,58,PRABHAG NO 58 ,,,NOTA,,,,,,,u10003,,,,309,20,,19,23336,1.324,,,23336,,,,
Maharashtra,2017,21-02-2017, ,0,Mumbai City,BRIHAN MUMBAI,MC,6,59,PRABHAG NO 59 ,,,KHOPADE PRATIMA SHAILESH,,,,,,,18691,Shivsena,SHS,,7690,1,,4,21111,36.427,,,21111,,,,
Maharashtra,2017,21-02-2017, ,0,Mumbai City,BRIHAN MUMBAI,MC,6,59,PRABHAG NO 59 ,,,BHANJI PRIYA GAJENDRA,,,,,,,1605,Bhartiya Janata Party,BJP,,6494,2,,4,21111,30.761,,,21111,,,,
Maharashtra,2017,21-02-2017, ,0,Mumbai City,BRIHAN MUMBAI,MC,6,59,PRABHAG NO 59 ,,,KUMBHAR KOKILA ASHOK,,,,,,,1605,Indian National Congress,BJP,,5823,3,,4,21111,27.583,,,21111,,,,
Maharashtra,2017,21-02-2017, ,0,Mumbai City,BRIHAN MUMBAI,MC,6,59,PRABHAG NO 59 ,,,KORGAONKAR SUHASINI PRAVIN,,,,,,,11633,Maharashtra Navnirman Sena,MNS,,619,4,,4,21111,2.932,,,21111,,,,
Maharashtra,2017,21-02-2017, ,0,Mumbai City,BRIHAN MUMBAI,MC,6,59,PRABHAG NO 59 ,,,NOTA,,,,,,,u10003,,,,485,5,,4,21111,2.297,,,21111,,,,
Maharashtra,2017,21-02-2017, ,0,Mumbai City,BRIHAN MUMBAI,MC,6,60,PRABHAG NO 60 ,,,DABHADKAR YOGIRAJ NARAYANRAO,,,,,,,1605,Bhartiya Janata Party,BJP,,6908,1,,8,17987,38.406,,,17987,,,,
Maharashtra,2017,21-02-2017, ,0,Mumbai City,BRIHAN MUMBAI,MC,6,60,PRABHAG NO 60 ,,,PHANSE YESHODHAR PADMAKAR,,,,,,,18691,Shivsena,SHS,,6406,2,,8,17987,35.615,,,17987,,,,
Maharashtra,2017,21-02-2017, ,0,Mumbai City,BRIHAN MUMBAI,MC,6,60,PRABHAG NO 60 ,,,DIGHE JYOTSNA ABHAY,,,,,,,1605,Indian National Congress,BJP,,3479,3,,8,17987,19.342,,,17987,,,,
Maharashtra,2017,21-02-2017, ,0,Mumbai City,BRIHAN MUMBAI,MC,6,60,PRABHAG NO 60 ,,,RANE PRASHANT ASHOK,,,,,,,11633,Maharashtra Navnirman Sena,MNS,,539,4,,8,17987,2.997,,,17987,,,,
Maharashtra,2017,21-02-2017, ,0,Mumbai City,BRIHAN MUMBAI,MC,6,60,PRABHAG NO 60 ,,,KANOJIA SURESH SHAMBHUPRASAD,,,,,,,24558,united congress party,UnCP,,120,5,,8,17987,0.667,,,17987,,,,
Maharashtra,2017,21-02-2017, ,0,Mumbai City,BRIHAN MUMBAI,MC,6,60,PRABHAG NO 60 ,,,jangam vikas jagdish,,,,,,,5792,Nationalist Congress Party,NCP,,98,6,,8,17987,0.545,,,17987,,,,
Maharashtra,2017,21-02-2017, ,0,Mumbai City,BRIHAN MUMBAI,MC,6,60,PRABHAG NO 60 ,,,PATEL SAIRABANO MOHAMMED,,,,,,,10809,Independent,IND,,50,7,,8,17987,0.278,,,17987,,,,
Maharashtra,2017,21-02-2017, ,0,Mumbai City,BRIHAN MUMBAI,MC,6,60,PRABHAG NO 60 ,,,MAKWANA UMER MOHAMMED,,,,,,,10809,Independent,IND,,44,8,,8,17987,0.245,,,17987,,,,
Maharashtra,2017,21-02-2017, ,0,Mumbai City,BRIHAN MUMBAI,MC,6,60,PRABHAG NO 60 ,,,NOTA,,,,,,,u10003,,,,343,9,,8,17987,1.907,,,17987,,,,
Maharashtra,2017,21-02-2017, ,0,Mumbai City,BRIHAN MUMBAI,MC,6,61,PRABHAG NO 61 ,,,PATEL RAJUL SURESH,,,,,,,18691,Shivsena,SHS,,10043,1,,11,21396,46.939,,,21396,,,,
Maharashtra,2017,21-02-2017, ,0,Mumbai City,BRIHAN MUMBAI,MC,6,61,PRABHAG NO 61 ,,,GUPTA URMILA RAVISHANKAR,,,,,,,1605,Bhartiya Janata Party,BJP,,4277,2,,11,21396,19.99,,,21396,,,,
Maharashtra,2017,21-02-2017, ,0,Mumbai City,BRIHAN MUMBAI,MC,6,61,PRABHAG NO 61 ,,,SHAIKH SAYEEDA ABDUL,,,,,,,706,All India Majlis e Ittehadul Muslimeen,AIMIM,,2268,3,,11,21396,10.6,,,21396,,,,
Maharashtra,2017,21-02-2017, ,0,Mumbai City,BRIHAN MUMBAI,MC,6,61,PRABHAG NO 61 ,,,SINGH MANORAMA UMESH,,,,,,,1605,Indian National Congress,BJP,,2224,4,,11,21396,10.394,,,21396,,,,
Maharashtra,2017,21-02-2017, ,0,Mumbai City,BRIHAN MUMBAI,MC,6,61,PRABHAG NO 61 ,,,SINGH GAYATRIDEVI RAMGOVIND,,,,,,,7425,Samajwadi Party,SP,,989,5,,11,21396,4.622,,,21396,,,,
Maharashtra,2017,21-02-2017, ,0,Mumbai City,BRIHAN MUMBAI,MC,6,61,PRABHAG NO 61 ,,,PARAB SATVASHILA UTTAM,,,,,,,11633,Maharashtra Navnirman Sena,MNS,,491,6,,11,21396,2.295,,,21396,,,,
Maharashtra,2017,21-02-2017, ,0,Mumbai City,BRIHAN MUMBAI,MC,6,61,PRABHAG NO 61 ,,,KAPADANE BHATABAI EKNATH,,,,,,,16651,Bahujan Samaj Party,BSP,,477,7,,11,21396,2.229,,,21396,,,,
Maharashtra,2017,21-02-2017, ,0,Mumbai City,BRIHAN MUMBAI,MC,6,61,PRABHAG NO 61 ,,,gupta priyanka jayprakash,,,,,,,10809,Independent,IND,,273,8,,11,21396,1.276,,,21396,,,,
Maharashtra,2017,21-02-2017, ,0,Mumbai City,BRIHAN MUMBAI,MC,6,61,PRABHAG NO 61 ,,,Qureshi razia MohdRashid,,,,,,,5792,Nationalist Congress Party,NCP,,70,9,,11,21396,0.327,,,21396,,,,
Maharashtra,2017,21-02-2017, ,0,Mumbai City,BRIHAN MUMBAI,MC,6,61,PRABHAG NO 61 ,,,KAMBLE ASHA SHIVAJI,,,,,,,1074,Bahujan Mukti Party,BMUP,,38,10,,11,21396,0.178,,,21396,,,,
Maharashtra,2017,21-02-2017, ,0,Mumbai City,BRIHAN MUMBAI,MC,6,61,PRABHAG NO 61 ,,,BHALERAO CHERANBAI HOUSAJI,,,,,,,12285,Republican Party of India (A),RPI(A),,28,11,,11,21396,0.131,,,21396,,,,
Maharashtra,2017,21-02-2017, ,0,Mumbai City,BRIHAN MUMBAI,MC,6,61,PRABHAG NO 61 ,,,NOTA,,,,,,,u10003,,,,218,12,,11,21396,1.019,,,21396,,,,
Maharashtra,2017,21-02-2017, ,0,Mumbai City,BRIHAN MUMBAI,MC,6,62,PRABHAG NO 62 ,,,Multani Changez Jamal,,,,,,,10809,Independent,IND,,10659,1,,7,22962,46.42,,,22962,,,,
Maharashtra,2017,21-02-2017, ,0,Mumbai City,BRIHAN MUMBAI,MC,6,62,PRABHAG NO 62 ,,,Pednekar Raju Shripad,,,,,,,18691,Shivsena,SHS,,4569,2,,7,22962,19.898,,,22962,,,,
Maharashtra,2017,21-02-2017, ,0,Mumbai City,BRIHAN MUMBAI,MC,6,62,PRABHAG NO 62 ,,,SHAH FIROZAHMED MEHNDIHASAN,,,,,,,1605,Indian National Congress,BJP,,2857,3,,7,22962,12.442,,,22962,,,,
Maharashtra,2017,21-02-2017, ,0,Mumbai City,BRIHAN MUMBAI,MC,6,62,PRABHAG NO 62 ,,,MEMON FOWAJ BASHIR,,,,,,,7425,Samajwadi Party,SP,,2653,4,,7,22962,11.554,,,22962,,,,
Maharashtra,2017,21-02-2017, ,0,Mumbai City,BRIHAN MUMBAI,MC,6,62,PRABHAG NO 62 ,,,BANDHERI VITTHAL TIPPANNA,,,,,,,1605,Bhartiya Janata Party,BJP,,1746,5,,7,22962,7.604,,,22962,,,,
Maharashtra,2017,21-02-2017, ,0,Mumbai City,BRIHAN MUMBAI,MC,6,62,PRABHAG NO 62 ,,,patil rajesh maruti,,,,,,,5792,Nationalist Congress Party,NCP,,170,6,,7,22962,0.74,,,22962,,,,
Maharashtra,2017,21-02-2017, ,0,Mumbai City,BRIHAN MUMBAI,MC,6,62,PRABHAG NO 62 ,,,HARYAN VISHAL RAMCHANDRA,,,,,,,11633,Maharashtra Navnirman Sena,MNS,,169,7,,7,22962,0.736,,,22962,,,,
Maharashtra,2017,21-02-2017, ,0,Mumbai City,BRIHAN MUMBAI,MC,6,62,PRABHAG NO 62 ,,,NOTA,,,,,,,u10003,,,,139,8,,7,22962,0.605,,,22962,,,,
Maharashtra,2017,21-02-2017, ,0,Mumbai City,BRIHAN MUMBAI,MC,6,63,PRABHAG NO 63 ,,,PATIL RANJANA UJWAL,,,,,,,1605,Bhartiya Janata Party,BJP,,4864,1,,10,17940,27.113,,,17940,,,,
Maharashtra,2017,21-02-2017, ,0,Mumbai City,BRIHAN MUMBAI,MC,6,63,PRABHAG NO 63 ,,,KORGAONKAR VARSHA VISHNU,,,,,,,18691,Shivsena,SHS,,4198,2,,10,17940,23.4,,,17940,,,,
Maharashtra,2017,21-02-2017, ,0,Mumbai City,BRIHAN MUMBAI,MC,6,63,PRABHAG NO 63 ,,,KHAN SABIHA ARIF,,,,,,,706,All India Majlis e Ittehadul Muslimeen,AIMIM,,4095,3,,10,17940,22.826,,,17940,,,,
Maharashtra,2017,21-02-2017, ,0,Mumbai City,BRIHAN MUMBAI,MC,6,63,PRABHAG NO 63 ,,,SINGH PRATIBHA BIPINKUMAR,,,,,,,1605,Indian National Congress,BJP,,3394,4,,10,17940,18.919,,,17940,,,,
Maharashtra,2017,21-02-2017, ,0,Mumbai City,BRIHAN MUMBAI,MC,6,63,PRABHAG NO 63 ,,,VASWANI MEENA SUNDER,,,,,,,11633,Maharashtra Navnirman Sena,MNS,,408,5,,10,17940,2.274,,,17940,,,,
Maharashtra,2017,21-02-2017, ,0,Mumbai City,BRIHAN MUMBAI,MC,6,63,PRABHAG NO 63 ,,,PENWALA ASHIYANA LAEEKAHMED,,,,,,,7425,Samajwadi Party,SP,,330,6,,10,17940,1.839,,,17940,,,,
Maharashtra,2017,21-02-2017, ,0,Mumbai City,BRIHAN MUMBAI,MC,6,63,PRABHAG NO 63 ,,,SAHAJRAO JYOTI GAUTAM,,,,,,,16651,Bahujan Samaj Party,BSP,,195,7,,10,17940,1.087,,,17940,,,,
Maharashtra,2017,21-02-2017, ,0,Mumbai City,BRIHAN MUMBAI,MC,6,63,PRABHAG NO 63 ,,,DHANGAR LAXMI BABU,,,,,,,10809,Independent,IND,,134,8,,10,17940,0.747,,,17940,,,,
Maharashtra,2017,21-02-2017, ,0,Mumbai City,BRIHAN MUMBAI,MC,6,63,PRABHAG NO 63 ,,,PATHAN SHABHAM IBRAHIM,,,,,,,1875,Bharip Bahujan Mahasangh,BBM,,54,9,,10,17940,0.301,,,17940,,,,
Maharashtra,2017,21-02-2017, ,0,Mumbai City,BRIHAN MUMBAI,MC,6,63,PRABHAG NO 63 ,,,KHAN FARHA AFTAB,,,,,,,1605,Indian National Congress,BJP,,31,10,,10,17940,0.173,,,17940,,,,
Maharashtra,2017,21-02-2017, ,0,Mumbai City,BRIHAN MUMBAI,MC,6,63,PRABHAG NO 63 ,,,NOTA,,,,,,,u10003,,,,237,11,,10,17940,1.321,,,17940,,,,
Maharashtra,2017,21-02-2017, ,0,Mumbai City,BRIHAN MUMBAI,MC,6,64,PRABHAG NO 64 ,,,KHAN SHAHEDA HAROONRASHID,,,,,,,18691,Shivsena,SHS,,7589,1,,9,23899,31.754,,,23899,,,,
Maharashtra,2017,21-02-2017, ,0,Mumbai City,BRIHAN MUMBAI,MC,6,64,PRABHAG NO 64 ,,,Patil Sangita Vijay,,,,,,,7425,Samajwadi Party,SP,,4410,2,,9,23899,18.453,,,23899,,,,
Maharashtra,2017,21-02-2017, ,0,Mumbai City,BRIHAN MUMBAI,MC,6,64,PRABHAG NO 64 ,,,KAREKAR GEETANJALI RAJU,,,,,,,1605,Indian National Congress,BJP,,3920,3,,9,23899,16.402,,,23899,,,,
Maharashtra,2017,21-02-2017, ,0,Mumbai City,BRIHAN MUMBAI,MC,6,64,PRABHAG NO 64 ,,,PRASAD AKRITI RAJIV,,,,,,,1605,Bhartiya Janata Party,BJP,,3836,4,,9,23899,16.051,,,23899,,,,
Maharashtra,2017,21-02-2017, ,0,Mumbai City,BRIHAN MUMBAI,MC,6,64,PRABHAG NO 64 ,,,KHAN HUDA ADAM SHAIKH,,,,,,,706,All India Majlis e Ittehadul Muslimeen,AIMIM,,2112,5,,9,23899,8.837,,,23899,,,,
Maharashtra,2017,21-02-2017, ,0,Mumbai City,BRIHAN MUMBAI,MC,6,64,PRABHAG NO 64 ,,,Tawde Sneha Sudhir,,,,,,,11633,Maharashtra Navnirman Sena,MNS,,1161,6,,9,23899,4.858,,,23899,,,,
Maharashtra,2017,21-02-2017, ,0,Mumbai City,BRIHAN MUMBAI,MC,6,64,PRABHAG NO 64 ,,,PARAB SHIVANI SANTOSH,,,,,,,24549,Sambhaji Brigade,SBBGP,,308,7,,9,23899,1.289,,,23899,,,,
Maharashtra,2017,21-02-2017, ,0,Mumbai City,BRIHAN MUMBAI,MC,6,64,PRABHAG NO 64 ,,,KAMBLE SHARDA LAXMAN,,,,,,,5792,Nationalist Congress Party,NCP,,113,8,,9,23899,0.473,,,23899,,,,
Maharashtra,2017,21-02-2017, ,0,Mumbai City,BRIHAN MUMBAI,MC,6,64,PRABHAG NO 64 ,,,RANE MEENA GOVIND,,,,,,,10809,Independent,IND,,82,9,,9,23899,0.343,,,23899,,,,
Maharashtra,2017,21-02-2017, ,0,Mumbai City,BRIHAN MUMBAI,MC,6,64,PRABHAG NO 64 ,,,NOTA,,,,,,,u10003,,,,368,10,,9,23899,1.54,,,23899,,,,
Maharashtra,2017,21-02-2017, ,0,Mumbai City,BRIHAN MUMBAI,MC,6,65,PRABHAG NO 65 ,,,JADHAV ALPA ASHOK,,,,,,,1605,Indian National Congress,BJP,,7820,1,,8,22935,34.096,,,22935,,,,
Maharashtra,2017,21-02-2017, ,0,Mumbai City,BRIHAN MUMBAI,MC,6,65,PRABHAG NO 65 ,,,RAJPUT MAYA SANTOSHSING,,,,,,,1605,Bhartiya Janata Party,BJP,,6515,2,,8,22935,28.406,,,22935,,,,
Maharashtra,2017,21-02-2017, ,0,Mumbai City,BRIHAN MUMBAI,MC,6,65,PRABHAG NO 65 ,,,AYARE NUTAN PRASAD,,,,,,,18691,Shivsena,SHS,,5833,3,,8,22935,25.433,,,22935,,,,
Maharashtra,2017,21-02-2017, ,0,Mumbai City,BRIHAN MUMBAI,MC,6,65,PRABHAG NO 65 ,,,QURESHI ALMAS FAZAL,,,,,,,706,All India Majlis e Ittehadul Muslimeen,AIMIM,,1178,4,,8,22935,5.136,,,22935,,,,
Maharashtra,2017,21-02-2017, ,0,Mumbai City,BRIHAN MUMBAI,MC,6,65,PRABHAG NO 65 ,,,Raut Avantika Vilas,,,,,,,11633,Maharashtra Navnirman Sena,MNS,,589,5,,8,22935,2.568,,,22935,,,,
Maharashtra,2017,21-02-2017, ,0,Mumbai City,BRIHAN MUMBAI,MC,6,65,PRABHAG NO 65 ,,,Agwan Bidul Kadar,,,,,,,14635,Communist Party Of India (Marxist),CPM,,406,6,,8,22935,1.77,,,22935,,,,
Maharashtra,2017,21-02-2017, ,0,Mumbai City,BRIHAN MUMBAI,MC,6,65,PRABHAG NO 65 ,,,LANJEKAR MANJULA DHARMA,,,,,,,10809,Independent,IND,,132,7,,8,22935,0.576,,,22935,,,,
Maharashtra,2017,21-02-2017, ,0,Mumbai City,BRIHAN MUMBAI,MC,6,65,PRABHAG NO 65 ,,,SHAIKH SUFIYA FARID,,,,,,,10809,Independent,IND,,86,8,,8,22935,0.375,,,22935,,,,
Maharashtra,2017,21-02-2017, ,0,Mumbai City,BRIHAN MUMBAI,MC,6,65,PRABHAG NO 65 ,,,NOTA,,,,,,,u10003,,,,376,9,,8,22935,1.639,,,22935,,,,
Maharashtra,2017,21-02-2017, ,0,Mumbai City,BRIHAN MUMBAI,MC,6,66,PRABHAG NO 66 ,,,HYDER MEHER MOHSIN,,,,,,,1605,Indian National Congress,BJP,,11228,1,,9,28663,39.172,,,28663,,,,
Maharashtra,2017,21-02-2017, ,0,Mumbai City,BRIHAN MUMBAI,MC,6,66,PRABHAG NO 66 ,,,SHAIKH FIRDOUS ARIF,,,,,,,706,All India Majlis e Ittehadul Muslimeen,AIMIM,,7418,2,,9,28663,25.88,,,28663,,,,
Maharashtra,2017,21-02-2017, ,0,Mumbai City,BRIHAN MUMBAI,MC,6,66,PRABHAG NO 66 ,,,SHAH SHILA JASWANTLAL,,,,,,,1605,Bhartiya Janata Party,BJP,,4719,3,,9,28663,16.464,,,28663,,,,
Maharashtra,2017,21-02-2017, ,0,Mumbai City,BRIHAN MUMBAI,MC,6,66,PRABHAG NO 66 ,,,KUSHALKAR YOGEETA YELLAPPA,,,,,,,18691,Shivsena,SHS,,3702,4,,9,28663,12.916,,,28663,,,,
Maharashtra,2017,21-02-2017, ,0,Mumbai City,BRIHAN MUMBAI,MC,6,66,PRABHAG NO 66 ,,,Valodra Karuna Hari,,,,,,,10809,Independent,IND,,497,5,,9,28663,1.734,,,28663,,,,
Maharashtra,2017,21-02-2017, ,0,Mumbai City,BRIHAN MUMBAI,MC,6,66,PRABHAG NO 66 ,,,Shaikh Noorbanu Md Yusuf,,,,,,,14635,Communist Party Of India (Marxist),CPM,,369,6,,9,28663,1.287,,,28663,,,,
Maharashtra,2017,21-02-2017, ,0,Mumbai City,BRIHAN MUMBAI,MC,6,66,PRABHAG NO 66 ,,,PAWAR SANJANA SANJOG,,,,,,,11633,Maharashtra Navnirman Sena,MNS,,339,7,,9,28663,1.183,,,28663,,,,
Maharashtra,2017,21-02-2017, ,0,Mumbai City,BRIHAN MUMBAI,MC,6,66,PRABHAG NO 66 ,,,SHAIKH KAUSAR ABUBAKAR,,,,,,,10979,Janata Dal Secular,JD(S),,66,8,,9,28663,0.23,,,28663,,,,
Maharashtra,2017,21-02-2017, ,0,Mumbai City,BRIHAN MUMBAI,MC,6,66,PRABHAG NO 66 ,,,SAHANI DURGAVATI SHANTARAM,,,,,,,10809,Independent,IND,,47,9,,9,28663,0.164,,,28663,,,,
Maharashtra,2017,21-02-2017, ,0,Mumbai City,BRIHAN MUMBAI,MC,6,66,PRABHAG NO 66 ,,,NOTA,,,,,,,u10003,,,,278,10,,9,28663,0.97,,,28663,,,,
Maharashtra,2017,21-02-2017, ,0,Mumbai City,BRIHAN MUMBAI,MC,6,67,PRABHAG NO 67 ,,,SINGH SUDHA SHAMBHUNATH,,,,,,,1605,Bhartiya Janata Party,BJP,,10719,1,,4,24105,44.468,,,24105,,,,
Maharashtra,2017,21-02-2017, ,0,Mumbai City,BRIHAN MUMBAI,MC,6,67,PRABHAG NO 67 ,,,PARAB PRACHI PRASAD,,,,,,,18691,Shivsena,SHS,,7587,2,,4,24105,31.475,,,24105,,,,
Maharashtra,2017,21-02-2017, ,0,Mumbai City,BRIHAN MUMBAI,MC,6,67,PRABHAG NO 67 ,,,MARUCHA VANITA KAILASH,,,,,,,1605,Indian National Congress,BJP,,4243,3,,4,24105,17.602,,,24105,,,,
Maharashtra,2017,21-02-2017, ,0,Mumbai City,BRIHAN MUMBAI,MC,6,67,PRABHAG NO 67 ,,,UDAIYAR RADHIKA ARMUGAM,,,,,,,11633,Maharashtra Navnirman Sena,MNS,,968,4,,4,24105,4.016,,,24105,,,,
Maharashtra,2017,21-02-2017, ,0,Mumbai City,BRIHAN MUMBAI,MC,6,67,PRABHAG NO 67 ,,,NOTA,,,,,,,u10003,,,,588,5,,4,24105,2.439,,,24105,,,,
Maharashtra,2017,21-02-2017, ,0,Mumbai City,BRIHAN MUMBAI,MC,6,68,PRABHAG NO 68 ,,,RATHOD ROHAN SHASHINDRA,,,,,,,1605,Bhartiya Janata Party,BJP,,8200,1,,13,20703,39.608,,,20703,,,,
Maharashtra,2017,21-02-2017, ,0,Mumbai City,BRIHAN MUMBAI,MC,6,68,PRABHAG NO 68 ,,,AMBERKAR DEVENDRA SHRIDHAR,,,,,,,18691,Shivsena,SHS,,6226,2,,13,20703,30.073,,,20703,,,,
Maharashtra,2017,21-02-2017, ,0,Mumbai City,BRIHAN MUMBAI,MC,6,68,PRABHAG NO 68 ,,,Sabharwal InderpalSingh ManorathSingh,,,,,,,1605,Indian National Congress,BJP,,2157,3,,13,20703,10.419,,,20703,,,,
Maharashtra,2017,21-02-2017, ,0,Mumbai City,BRIHAN MUMBAI,MC,6,68,PRABHAG NO 68 ,,,Mehta Abhijeet Vijay,,,,,,,10809,Independent,IND,,2147,4,,13,20703,10.37,,,20703,,,,
Maharashtra,2017,21-02-2017, ,0,Mumbai City,BRIHAN MUMBAI,MC,6,68,PRABHAG NO 68 ,,,TALEKAR SACHIN BHAGWAN,,,,,,,11633,Maharashtra Navnirman Sena,MNS,,784,5,,13,20703,3.787,,,20703,,,,
Maharashtra,2017,21-02-2017, ,0,Mumbai City,BRIHAN MUMBAI,MC,6,68,PRABHAG NO 68 ,,,Shejwal Sunil Dilip,,,,,,,1875,Bharip Bahujan Mahasangh,BBM,,255,6,,13,20703,1.232,,,20703,,,,
Maharashtra,2017,21-02-2017, ,0,Mumbai City,BRIHAN MUMBAI,MC,6,68,PRABHAG NO 68 ,,,SHAIKH MAHIN MOHIDDIN,,,,,,,10809,Independent,IND,,179,7,,13,20703,0.865,,,20703,,,,
Maharashtra,2017,21-02-2017, ,0,Mumbai City,BRIHAN MUMBAI,MC,6,68,PRABHAG NO 68 ,,,jadhav ujjay ramesh,,,,,,,10809,Independent,IND,,112,8,,13,20703,0.541,,,20703,,,,
Maharashtra,2017,21-02-2017, ,0,Mumbai City,BRIHAN MUMBAI,MC,6,68,PRABHAG NO 68 ,,,SADADEKAR MADHUSUDAN BAPU,,,,,,,5792,Nationalist Congress Party,NCP,,85,9,,13,20703,0.411,,,20703,,,,
Maharashtra,2017,21-02-2017, ,0,Mumbai City,BRIHAN MUMBAI,MC,6,68,PRABHAG NO 68 ,,,shaikh mehboob badshah,,,,,,,16651,Bahujan Samaj Party,BSP,,62,10,,13,20703,0.299,,,20703,,,,
Maharashtra,2017,21-02-2017, ,0,Mumbai City,BRIHAN MUMBAI,MC,6,68,PRABHAG NO 68 ,,,Tauro Robin Lubert,,,,,,,24558,united congress party,UnCP,,61,11,,13,20703,0.295,,,20703,,,,
Maharashtra,2017,21-02-2017, ,0,Mumbai City,BRIHAN MUMBAI,MC,6,68,PRABHAG NO 68 ,,,kashid pradeep Atmaram,,,,,,,24549,Sambhaji Brigade,SBBGP,,30,12,,13,20703,0.145,,,20703,,,,
Maharashtra,2017,21-02-2017, ,0,Mumbai City,BRIHAN MUMBAI,MC,6,68,PRABHAG NO 68 ,,,Jathan Mahesh Chandappa,,,,,,,10809,Independent,IND,,29,13,,13,20703,0.14,,,20703,,,,
Maharashtra,2017,21-02-2017, ,0,Mumbai City,BRIHAN MUMBAI,MC,6,68,PRABHAG NO 68 ,,,NOTA,,,,,,,u10003,,,,376,14,,13,20703,1.816,,,20703,,,,
Maharashtra,2017,21-02-2017, ,0,Mumbai City,BRIHAN MUMBAI,MC,6,69,PRABHAG NO 69 ,,,BHASIN RENU KISHORILAL,,,,,,,1605,Bhartiya Janata Party,BJP,,8266,1,,9,18718,44.161,,,18718,,,,
Maharashtra,2017,21-02-2017, ,0,Mumbai City,BRIHAN MUMBAI,MC,6,69,PRABHAG NO 69 ,,,Jain Bhavna Sikander,,,,,,,1605,Indian National Congress,BJP,,4561,2,,9,18718,24.367,,,18718,,,,
Maharashtra,2017,21-02-2017, ,0,Mumbai City,BRIHAN MUMBAI,MC,6,69,PRABHAG NO 69 ,,,PALKAR ANJALI DEEPAK,,,,,,,18691,Shivsena,SHS,,3833,3,,9,18718,20.478,,,18718,,,,
Maharashtra,2017,21-02-2017, ,0,Mumbai City,BRIHAN MUMBAI,MC,6,69,PRABHAG NO 69 ,,,Pallar Nayana Senthilkumar,,,,,,,11633,Maharashtra Navnirman Sena,MNS,,1092,4,,9,18718,5.834,,,18718,,,,
Maharashtra,2017,21-02-2017, ,0,Mumbai City,BRIHAN MUMBAI,MC,6,69,PRABHAG NO 69 ,,,Sharma Neha Kumarrampravesh,,,,,,,10809,Independent,IND,,432,5,,9,18718,2.308,,,18718,,,,
Maharashtra,2017,21-02-2017, ,0,Mumbai City,BRIHAN MUMBAI,MC,6,69,PRABHAG NO 69 ,,,CREADO MARY DOMNIC,,,,,,,10809,Independent,IND,,183,6,,9,18718,0.978,,,18718,,,,
Maharashtra,2017,21-02-2017, ,0,Mumbai City,BRIHAN MUMBAI,MC,6,69,PRABHAG NO 69 ,,,Dravid Bhanumati Shankar,,,,,,,10809,Independent,IND,,83,7,,9,18718,0.443,,,18718,,,,
Maharashtra,2017,21-02-2017, ,0,Mumbai City,BRIHAN MUMBAI,MC,6,69,PRABHAG NO 69 ,,,DEVENDRA PRIYANKA GANESH,,,,,,,10809,Independent,IND,,28,8,,9,18718,0.15,,,18718,,,,
Maharashtra,2017,21-02-2017, ,0,Mumbai City,BRIHAN MUMBAI,MC,6,69,PRABHAG NO 69 ,,,SHAIKH FARZANA AJAMAT,,,,,,,10809,Independent,IND,,28,9,,9,18718,0.15,,,18718,,,,
Maharashtra,2017,21-02-2017, ,0,Mumbai City,BRIHAN MUMBAI,MC,6,69,PRABHAG NO 69 ,,,NOTA,,,,,,,u10003,,,,212,10,,9,18718,1.133,,,18718,,,,
Maharashtra,2017,21-02-2017, ,0,Mumbai City,BRIHAN MUMBAI,MC,6,70,PRABHAG NO 70 ,,,MEHTA SUNITA RAJESH,,,,,,,1605,Bhartiya Janata Party,BJP,,13034,1,,9,23151,56.3,,,23151,,,,
Maharashtra,2017,21-02-2017, ,0,Mumbai City,BRIHAN MUMBAI,MC,6,70,PRABHAG NO 70 ,,,TAUK VEENA VIRENDRA,,,,,,,18691,Shivsena,SHS,,3760,2,,9,23151,16.241,,,23151,,,,
Maharashtra,2017,21-02-2017, ,0,Mumbai City,BRIHAN MUMBAI,MC,6,70,PRABHAG NO 70 ,,,VORA BINITA MEHUL,,,,,,,1605,Indian National Congress,BJP,,3478,3,,9,23151,15.023,,,23151,,,,
Maharashtra,2017,21-02-2017, ,0,Mumbai City,BRIHAN MUMBAI,MC,6,70,PRABHAG NO 70 ,,,YELANGE RASHMI RAVINDRA,,,,,,,11633,Maharashtra Navnirman Sena,MNS,,2076,4,,9,23151,8.967,,,23151,,,,
Maharashtra,2017,21-02-2017, ,0,Mumbai City,BRIHAN MUMBAI,MC,6,70,PRABHAG NO 70 ,,,PEREYRA SMITA LLOYD,,,,,,,5792,Nationalist Congress Party,NCP,,158,5,,9,23151,0.682,,,23151,,,,
Maharashtra,2017,21-02-2017, ,0,Mumbai City,BRIHAN MUMBAI,MC,6,70,PRABHAG NO 70 ,,,DOSHI HETAL HARSHID,,,,,,,10809,Independent,IND,,94,6,,9,23151,0.406,,,23151,,,,
Maharashtra,2017,21-02-2017, ,0,Mumbai City,BRIHAN MUMBAI,MC,6,70,PRABHAG NO 70 ,,,SAWANT SANDHYA SURYAKANT,,,,,,,24558,united congress party,UnCP,,88,7,,9,23151,0.38,,,23151,,,,
Maharashtra,2017,21-02-2017, ,0,Mumbai City,BRIHAN MUMBAI,MC,6,70,PRABHAG NO 70 ,,,YADAV MEENU BABULNATH,,,,,,,10809,Independent,IND,,62,8,,9,23151,0.268,,,23151,,,,
Maharashtra,2017,21-02-2017, ,0,Mumbai City,BRIHAN MUMBAI,MC,6,70,PRABHAG NO 70 ,,,POTNAGARI BALAMANI BALRAM,,,,,,,10809,Independent,IND,,34,9,,9,23151,0.147,,,23151,,,,
Maharashtra,2017,21-02-2017, ,0,Mumbai City,BRIHAN MUMBAI,MC,6,70,PRABHAG NO 70 ,,,NOTA,,,,,,,u10003,,,,367,10,,9,23151,1.585,,,23151,,,,
Maharashtra,2017,21-02-2017, ,0,Mumbai City,BRIHAN MUMBAI,MC,6,71,PRABHAG NO 71 ,,,Makwaney Aneesh Naval,,,,,,,1605,Bhartiya Janata Party,BJP,,7277,1,,15,20449,35.586,,,20449,,,,
Maharashtra,2017,21-02-2017, ,0,Mumbai City,BRIHAN MUMBAI,MC,6,71,PRABHAG NO 71 ,,,JANAWALE JITENDRA GUNWANT,,,,,,,18691,Shivsena,SHS,,6743,2,,15,20449,32.975,,,20449,,,,
Maharashtra,2017,21-02-2017, ,0,Mumbai City,BRIHAN MUMBAI,MC,6,71,PRABHAG NO 71 ,,,Siroya Jayanti Jivabhai,,,,,,,1605,Indian National Congress,BJP,,2609,3,,15,20449,12.759,,,20449,,,,
Maharashtra,2017,21-02-2017, ,0,Mumbai City,BRIHAN MUMBAI,MC,6,71,PRABHAG NO 71 ,,,FERNANDES LIBERALIS ALEX,,,,,,,10809,Independent,IND,,718,4,,15,20449,3.511,,,20449,,,,
Maharashtra,2017,21-02-2017, ,0,Mumbai City,BRIHAN MUMBAI,MC,6,71,PRABHAG NO 71 ,,,YADAV SHRIKANT VASANT,,,,,,,10809,Independent,IND,,635,5,,15,20449,3.105,,,20449,,,,
Maharashtra,2017,21-02-2017, ,0,Mumbai City,BRIHAN MUMBAI,MC,6,71,PRABHAG NO 71 ,,,RAJPUT MUKESH RAMCHANDRA,,,,,,,16651,Bahujan Samaj Party,BSP,,411,6,,15,20449,2.01,,,20449,,,,
Maharashtra,2017,21-02-2017, ,0,Mumbai City,BRIHAN MUMBAI,MC,6,71,PRABHAG NO 71 ,,,CASTELINO LAWRENCEROY LEO,,,,,,,12285,Republican Party of India (A),RPI(A),,399,7,,15,20449,1.951,,,20449,,,,
Maharashtra,2017,21-02-2017, ,0,Mumbai City,BRIHAN MUMBAI,MC,6,71,PRABHAG NO 71 ,,,SHAIKH ALAMGIR AJHUSSAIN,,,,,,,10809,Independent,IND,,367,8,,15,20449,1.795,,,20449,,,,
Maharashtra,2017,21-02-2017, ,0,Mumbai City,BRIHAN MUMBAI,MC,6,71,PRABHAG NO 71 ,,,GHADGE SUBHASH BALKRISHNA,,,,,,,10809,Independent,IND,,243,9,,15,20449,1.188,,,20449,,,,
Maharashtra,2017,21-02-2017, ,0,Mumbai City,BRIHAN MUMBAI,MC,6,71,PRABHAG NO 71 ,,,COUTINHO SAVIO SIMON,,,,,,,10809,Independent,IND,,179,10,,15,20449,0.875,,,20449,,,,
Maharashtra,2017,21-02-2017, ,0,Mumbai City,BRIHAN MUMBAI,MC,6,71,PRABHAG NO 71 ,,,fernandes anthony agnel,,,,,,,10809,Independent,IND,,176,11,,15,20449,0.861,,,20449,,,,
Maharashtra,2017,21-02-2017, ,0,Mumbai City,BRIHAN MUMBAI,MC,6,71,PRABHAG NO 71 ,,,KASHYAP RAJESHKUMAR KESHAV,,,,,,,10809,Independent,IND,,145,12,,15,20449,0.709,,,20449,,,,
Maharashtra,2017,21-02-2017, ,0,Mumbai City,BRIHAN MUMBAI,MC,6,71,PRABHAG NO 71 ,,,Salvi Aditi Shailesh,,,,,,,1875,Bharip Bahujan Mahasangh,BBM,,139,13,,15,20449,0.68,,,20449,,,,
Maharashtra,2017,21-02-2017, ,0,Mumbai City,BRIHAN MUMBAI,MC,6,71,PRABHAG NO 71 ,,,VALANJU NARAYAN BHASKAR,,,,,,,10809,Independent,IND,,122,14,,15,20449,0.597,,,20449,,,,
Maharashtra,2017,21-02-2017, ,0,Mumbai City,BRIHAN MUMBAI,MC,6,71,PRABHAG NO 71 ,,,DHURE KISHOR MAHADEV,,,,,,,10809,Independent,IND,,100,15,,15,20449,0.489,,,20449,,,,
Maharashtra,2017,21-02-2017, ,0,Mumbai City,BRIHAN MUMBAI,MC,6,71,PRABHAG NO 71 ,,,NOTA,,,,,,,u10003,,,,186,16,,15,20449,0.91,,,20449,,,,
Maharashtra,2017,21-02-2017, ,0,Mumbai City,BRIHAN MUMBAI,MC,6,72,PRABHAG NO 72 ,,,YADAV PANKAJ SHOBHNATH,,,,,,,1605,Bhartiya Janata Party,BJP,,12709,1,,5,29113,43.654,,,29113,,,,
Maharashtra,2017,21-02-2017, ,0,Mumbai City,BRIHAN MUMBAI,MC,6,72,PRABHAG NO 72 ,,,MANE ANIL DASHRATH,,,,,,,18691,Shivsena,SHS,,11321,2,,5,29113,38.886,,,29113,,,,
Maharashtra,2017,21-02-2017, ,0,Mumbai City,BRIHAN MUMBAI,MC,6,72,PRABHAG NO 72 ,,,SALVI SHILPA SANTOSH,,,,,,,1605,Indian National Congress,BJP,,3574,3,,5,29113,12.276,,,29113,,,,
Maharashtra,2017,21-02-2017, ,0,Mumbai City,BRIHAN MUMBAI,MC,6,72,PRABHAG NO 72 ,,,Sakhat Manoj Ramesh,,,,,,,10809,Independent,IND,,525,4,,5,29113,1.803,,,29113,,,,
Maharashtra,2017,21-02-2017, ,0,Mumbai City,BRIHAN MUMBAI,MC,6,72,PRABHAG NO 72 ,,,JADHAV SHRADDHA DILIP,,,,,,,5792,Nationalist Congress Party,NCP,,381,5,,5,29113,1.309,,,29113,,,,
Maharashtra,2017,21-02-2017, ,0,Mumbai City,BRIHAN MUMBAI,MC,6,72,PRABHAG NO 72 ,,,NOTA,,,,,,,u10003,,,,603,6,,5,29113,2.071,,,29113,,,,
Maharashtra,2017,21-02-2017, ,0,Mumbai City,BRIHAN MUMBAI,MC,6,73,PRABHAG NO 73 ,,,SHINDE PRAVIN GAJANAN,,,,,,,18691,Shivsena,SHS,,13084,1,,7,24583,53.224,,,24583,,,,
Maharashtra,2017,21-02-2017, ,0,Mumbai City,BRIHAN MUMBAI,MC,6,73,PRABHAG NO 73 ,,,Ambure Bhalchandra Gangaram,,,,,,,1605,Bhartiya Janata Party,BJP,,5579,2,,7,24583,22.695,,,24583,,,,
Maharashtra,2017,21-02-2017, ,0,Mumbai City,BRIHAN MUMBAI,MC,6,73,PRABHAG NO 73 ,,,Sawant Nitin Raviandra,,,,,,,1605,Indian National Congress,BJP,,3209,3,,7,24583,13.054,,,24583,,,,
Maharashtra,2017,21-02-2017, ,0,Mumbai City,BRIHAN MUMBAI,MC,6,73,PRABHAG NO 73 ,,,Mhaskar Pramod Vishnu,,,,,,,11633,Maharashtra Navnirman Sena,MNS,,1936,4,,7,24583,7.875,,,24583,,,,
Maharashtra,2017,21-02-2017, ,0,Mumbai City,BRIHAN MUMBAI,MC,6,73,PRABHAG NO 73 ,,,MAHALE SANJAY ANANT,,,,,,,5792,Nationalist Congress Party,NCP,,207,5,,7,24583,0.842,,,24583,,,,
Maharashtra,2017,21-02-2017, ,0,Mumbai City,BRIHAN MUMBAI,MC,6,73,PRABHAG NO 73 ,,,KHARAT RAHUL NIVRUTTI,,,,,,,16651,Bahujan Samaj Party,BSP,,52,6,,7,24583,0.212,,,24583,,,,
Maharashtra,2017,21-02-2017, ,0,Mumbai City,BRIHAN MUMBAI,MC,6,73,PRABHAG NO 73 ,,,KORI aKASH HARIKESH,,,,,,,10809,Independent,IND,,46,7,,7,24583,0.187,,,24583,,,,
Maharashtra,2017,21-02-2017, ,0,Mumbai City,BRIHAN MUMBAI,MC,6,73,PRABHAG NO 73 ,,,NOTA,,,,,,,u10003,,,,470,8,,7,24583,1.912,,,24583,,,,
Maharashtra,2017,21-02-2017, ,0,Mumbai City,BRIHAN MUMBAI,MC,6,74,PRABHAG NO 74 ,,,MODAK UJWALA SHRIKRUSHNA,,,,,,,1605,Bhartiya Janata Party,BJP,,9713,1,,8,25031,38.804,,,25031,,,,
Maharashtra,2017,21-02-2017, ,0,Mumbai City,BRIHAN MUMBAI,MC,6,74,PRABHAG NO 74 ,,,SAWANT RACHANA RAVINDRA,,,,,,,18691,Shivsena,SHS,,9255,2,,8,25031,36.974,,,25031,,,,
Maharashtra,2017,21-02-2017, ,0,Mumbai City,BRIHAN MUMBAI,MC,6,74,PRABHAG NO 74 ,,,Bhole Pushpa Milind,,,,,,,1605,Indian National Congress,BJP,,2422,3,,8,25031,9.676,,,25031,,,,
Maharashtra,2017,21-02-2017, ,0,Mumbai City,BRIHAN MUMBAI,MC,6,74,PRABHAG NO 74 ,,,More Sandhya Parasharam,,,,,,,11633,Maharashtra Navnirman Sena,MNS,,2385,4,,8,25031,9.528,,,25031,,,,
Maharashtra,2017,21-02-2017, ,0,Mumbai City,BRIHAN MUMBAI,MC,6,74,PRABHAG NO 74 ,,,UGHADE KASHIBAI CHHABBU,,,,,,,16651,Bahujan Samaj Party,BSP,,547,5,,8,25031,2.185,,,25031,,,,
Maharashtra,2017,21-02-2017, ,0,Mumbai City,BRIHAN MUMBAI,MC,6,74,PRABHAG NO 74 ,,,NAIK KALPANA RAMCHANDRA,,,,,,,5792,Nationalist Congress Party,NCP,,167,6,,8,25031,0.667,,,25031,,,,
Maharashtra,2017,21-02-2017, ,0,Mumbai City,BRIHAN MUMBAI,MC,6,74,PRABHAG NO 74 ,,,JAGDALE RATNAMALA RAMESH,,,,,,,10809,Independent,IND,,74,7,,8,25031,0.296,,,25031,,,,
Maharashtra,2017,21-02-2017, ,0,Mumbai City,BRIHAN MUMBAI,MC,6,74,PRABHAG NO 74 ,,,bane swati suhas,,,,,,,10809,Independent,IND,,64,8,,8,25031,0.256,,,25031,,,,
Maharashtra,2017,21-02-2017, ,0,Mumbai City,BRIHAN MUMBAI,MC,6,74,PRABHAG NO 74 ,,,NOTA,,,,,,,u10003,,,,404,9,,8,25031,1.614,,,25031,,,,
Maharashtra,2017,21-02-2017, ,0,Mumbai City,BRIHAN MUMBAI,MC,6,75,PRABHAG NO 75 ,,,Sawant Priyanka Pramod,,,,,,,18691,Shivsena,SHS,,10801,1,,8,23147,46.663,,,23147,,,,
Maharashtra,2017,21-02-2017, ,0,Mumbai City,BRIHAN MUMBAI,MC,6,75,PRABHAG NO 75 ,,,Mane Nirmala Dilip,,,,,,,1605,Bhartiya Janata Party,BJP,,4790,2,,8,23147,20.694,,,23147,,,,
Maharashtra,2017,21-02-2017, ,0,Mumbai City,BRIHAN MUMBAI,MC,6,75,PRABHAG NO 75 ,,,Dudwadkar Anjana Bhaskar,,,,,,,1605,Indian National Congress,BJP,,3876,3,,8,23147,16.745,,,23147,,,,
Maharashtra,2017,21-02-2017, ,0,Mumbai City,BRIHAN MUMBAI,MC,6,75,PRABHAG NO 75 ,,,KHAIRNAR NAINA SACHIN,,,,,,,5792,Nationalist Congress Party,NCP,,2347,4,,8,23147,10.14,,,23147,,,,
Maharashtra,2017,21-02-2017, ,0,Mumbai City,BRIHAN MUMBAI,MC,6,75,PRABHAG NO 75 ,,,PATIL YASHASHRI PRAMOD,,,,,,,11633,Maharashtra Navnirman Sena,MNS,,616,5,,8,23147,2.661,,,23147,,,,
Maharashtra,2017,21-02-2017, ,0,Mumbai City,BRIHAN MUMBAI,MC,6,75,PRABHAG NO 75 ,,,CHAVAN SUREKHA PANDURANG,,,,,,,10809,Independent,IND,,104,6,,8,23147,0.449,,,23147,,,,
Maharashtra,2017,21-02-2017, ,0,Mumbai City,BRIHAN MUMBAI,MC,6,75,PRABHAG NO 75 ,,,KHANDAGALE SANTOSHI PRAKASH,,,,,,,12285,Republican Party of India (A),RPI(A),,95,7,,8,23147,0.41,,,23147,,,,
Maharashtra,2017,21-02-2017, ,0,Mumbai City,BRIHAN MUMBAI,MC,6,75,PRABHAG NO 75 ,,,MHASKAR ANJALI ANKUSH,,,,,,,10809,Independent,IND,,82,8,,8,23147,0.354,,,23147,,,,
Maharashtra,2017,21-02-2017, ,0,Mumbai City,BRIHAN MUMBAI,MC,6,75,PRABHAG NO 75 ,,,NOTA,,,,,,,u10003,,,,436,9,,8,23147,1.884,,,23147,,,,
Maharashtra,2017,21-02-2017, ,0,Mumbai City,BRIHAN MUMBAI,MC,6,76,PRABHAG NO 76 ,,,PATEL KESHARBEN MURJI,,,,,,,1605,Bhartiya Janata Party,BJP,,12064,1,,5,20380,59.195,,,20380,,,,
Maharashtra,2017,21-02-2017, ,0,Mumbai City,BRIHAN MUMBAI,MC,6,76,PRABHAG NO 76 ,,,Salagre Nitin Bandopant,,,,,,,1605,Indian National Congress,BJP,,3717,2,,5,20380,18.238,,,20380,,,,
Maharashtra,2017,21-02-2017, ,0,Mumbai City,BRIHAN MUMBAI,MC,6,76,PRABHAG NO 76 ,,,MANCHEKAR SATYAWAN RAMCHANDRA,,,,,,,18691,Shivsena,SHS,,3286,3,,5,20380,16.124,,,20380,,,,
Maharashtra,2017,21-02-2017, ,0,Mumbai City,BRIHAN MUMBAI,MC,6,76,PRABHAG NO 76 ,,,BANE DEVJI TUKARAM,,,,,,,11633,Maharashtra Navnirman Sena,MNS,,814,4,,5,20380,3.994,,,20380,,,,
Maharashtra,2017,21-02-2017, ,0,Mumbai City,BRIHAN MUMBAI,MC,6,76,PRABHAG NO 76 ,,,CHALKE MINAKSHI VIJAY,,,,,,,5792,Nationalist Congress Party,NCP,,145,5,,5,20380,0.711,,,20380,,,,
Maharashtra,2017,21-02-2017, ,0,Mumbai City,BRIHAN MUMBAI,MC,6,76,PRABHAG NO 76 ,,,NOTA,,,,,,,u10003,,,,354,6,,5,20380,1.737,,,20380,,,,
Maharashtra,2017,21-02-2017, ,0,Mumbai City,BRIHAN MUMBAI,MC,6,77,PRABHAG NO 77 ,,,Nar Anant Bhiku,,,,,,,18691,Shivsena,SHS,,12854,1,,12,25813,49.797,,,25813,,,,
Maharashtra,2017,21-02-2017, ,0,Mumbai City,BRIHAN MUMBAI,MC,6,77,PRABHAG NO 77 ,,,Kulkarni Prashant Ghanshyam,,,,,,,1605,Bhartiya Janata Party,BJP,,3353,2,,12,25813,12.99,,,25813,,,,
Maharashtra,2017,21-02-2017, ,0,Mumbai City,BRIHAN MUMBAI,MC,6,77,PRABHAG NO 77 ,,,SAWANT DNYANESHWAR SAHADEV,,,,,,,10809,Independent,IND,,3102,3,,12,25813,12.017,,,25813,,,,
Maharashtra,2017,21-02-2017, ,0,Mumbai City,BRIHAN MUMBAI,MC,6,77,PRABHAG NO 77 ,,,BANE SANJAY BHASKAR,,,,,,,11633,Maharashtra Navnirman Sena,MNS,,1663,4,,12,25813,6.442,,,25813,,,,
Maharashtra,2017,21-02-2017, ,0,Mumbai City,BRIHAN MUMBAI,MC,6,77,PRABHAG NO 77 ,,,Lad Gajanan Balkrishna,,,,,,,1605,Indian National Congress,BJP,,1650,5,,12,25813,6.392,,,25813,,,,
Maharashtra,2017,21-02-2017, ,0,Mumbai City,BRIHAN MUMBAI,MC,6,77,PRABHAG NO 77 ,,,Kubal Nitin Jairam,,,,,,,10809,Independent,IND,,708,6,,12,25813,2.743,,,25813,,,,
Maharashtra,2017,21-02-2017, ,0,Mumbai City,BRIHAN MUMBAI,MC,6,77,PRABHAG NO 77 ,,,MORYE MAYUR MANOHAR,,,,,,,10809,Independent,IND,,697,7,,12,25813,2.7,,,25813,,,,
Maharashtra,2017,21-02-2017, ,0,Mumbai City,BRIHAN MUMBAI,MC,6,77,PRABHAG NO 77 ,,,KHADYE SHRIDHAR YESHWANT,,,,,,,10809,Independent,IND,,505,8,,12,25813,1.956,,,25813,,,,
Maharashtra,2017,21-02-2017, ,0,Mumbai City,BRIHAN MUMBAI,MC,6,77,PRABHAG NO 77 ,,,SHIRSAT DATTADAS SHANKAR,,,,,,,10809,Independent,IND,,393,9,,12,25813,1.522,,,25813,,,,
Maharashtra,2017,21-02-2017, ,0,Mumbai City,BRIHAN MUMBAI,MC,6,77,PRABHAG NO 77 ,,,Dalvi Pramod Bapu,,,,,,,10809,Independent,IND,,217,10,,12,25813,0.841,,,25813,,,,
Maharashtra,2017,21-02-2017, ,0,Mumbai City,BRIHAN MUMBAI,MC,6,77,PRABHAG NO 77 ,,,SAWANT NARAYAN GANPAT,,,,,,,10809,Independent,IND,,131,11,,12,25813,0.507,,,25813,,,,
Maharashtra,2017,21-02-2017, ,0,Mumbai City,BRIHAN MUMBAI,MC,6,77,PRABHAG NO 77 ,,,KASARE MANGESH DAGADU,,,,,,,16651,Bahujan Samaj Party,BSP,,123,12,,12,25813,0.477,,,25813,,,,
Maharashtra,2017,21-02-2017, ,0,Mumbai City,BRIHAN MUMBAI,MC,6,77,PRABHAG NO 77 ,,,NOTA,,,,,,,u10003,,,,417,13,,12,25813,1.615,,,25813,,,,
Maharashtra,2017,21-02-2017, ,0,Mumbai City,BRIHAN MUMBAI,MC,6,78,PRABHAG NO 78 ,,,sophy najiya abdulzabbar,,सोफी नाजीया अब्दुलजब्बार,,,,,5792,Nationalist Congress Party,NCP,,4012,1,,8,19565,20.506,,,19565,,,,
Maharashtra,2017,21-02-2017, ,0,Mumbai City,BRIHAN MUMBAI,MC,6,78,PRABHAG NO 78 ,,,SHAIKH NEHA KHURSHEEDALAM,,,,,,,18691,Shivsena,SHS,,2934,2,,8,19565,14.996,,,19565,,,,
Maharashtra,2017,21-02-2017, ,0,Mumbai City,BRIHAN MUMBAI,MC,6,78,PRABHAG NO 78 ,,,Ansari Farida Farhan,,,,,,,7425,Samajwadi Party,SP,,2788,3,,8,19565,14.25,,,19565,,,,
Maharashtra,2017,21-02-2017, ,0,Mumbai City,BRIHAN MUMBAI,MC,6,78,PRABHAG NO 78 ,,,Shah Jamila iqbal,,,,,,,1605,Indian National Congress,BJP,,2737,4,,8,19565,13.989,,,19565,,,,
Maharashtra,2017,21-02-2017, ,0,Mumbai City,BRIHAN MUMBAI,MC,6,78,PRABHAG NO 78 ,,,MEER AFROZBEGUM AFZALALI,,,,,,,706,All India Majlis e Ittehadul Muslimeen,AIMIM,,2456,5,,8,19565,12.553,,,19565,,,,
Maharashtra,2017,21-02-2017, ,0,Mumbai City,BRIHAN MUMBAI,MC,6,78,PRABHAG NO 78 ,,,SHAH FATIMA RAFIQAHMED,,,,,,,10809,Independent,IND,,1775,6,,8,19565,9.072,,,19565,,,,
Maharashtra,2017,21-02-2017, ,0,Mumbai City,BRIHAN MUMBAI,MC,6,78,PRABHAG NO 78 ,,,MHATRE SAYALI SANJAY,,,,,,,10809,Independent,IND,,1704,7,,8,19565,8.709,,,19565,,,,
Maharashtra,2017,21-02-2017, ,0,Mumbai City,BRIHAN MUMBAI,MC,6,78,PRABHAG NO 78 ,,,SHAH HEENA MEHBOOB,,,,,,,1605,Bhartiya Janata Party,BJP,,845,8,,8,19565,4.319,,,19565,,,,
Maharashtra,2017,21-02-2017, ,0,Mumbai City,BRIHAN MUMBAI,MC,6,78,PRABHAG NO 78 ,,,NOTA,,,,,,,u10003,,,,314,9,,8,19565,1.605,,,19565,,,,
Maharashtra,2017,21-02-2017, ,0,Mumbai City,BRIHAN MUMBAI,MC,6,79,PRABHAG NO 79 ,,,PARAB SADANAND WAMAN,,,,,,,18691,Shivsena,SHS,,9659,1,,7,23517,41.072,,,23517,,,,
Maharashtra,2017,21-02-2017, ,0,Mumbai City,BRIHAN MUMBAI,MC,6,79,PRABHAG NO 79 ,,,Medhekar Santosh Gangaram,,,,,,,1605,Bhartiya Janata Party,BJP,,5002,2,,7,23517,21.27,,,23517,,,,
Maharashtra,2017,21-02-2017, ,0,Mumbai City,BRIHAN MUMBAI,MC,6,79,PRABHAG NO 79 ,,,Tiwari Ajay Shivpujan,,,,,,,10809,Independent,IND,,4157,3,,7,23517,17.677,,,23517,,,,
Maharashtra,2017,21-02-2017, ,0,Mumbai City,BRIHAN MUMBAI,MC,6,79,PRABHAG NO 79 ,,,jalgaonkar purushottam baburao,,,,,,,1605,Indian National Congress,BJP,,2046,4,,7,23517,8.7,,,23517,,,,
Maharashtra,2017,21-02-2017, ,0,Mumbai City,BRIHAN MUMBAI,MC,6,79,PRABHAG NO 79 ,,,FERNANDES MONICA KAJMER,,,,,,,11633,Maharashtra Navnirman Sena,MNS,,1675,5,,7,23517,7.123,,,23517,,,,
Maharashtra,2017,21-02-2017, ,0,Mumbai City,BRIHAN MUMBAI,MC,6,79,PRABHAG NO 79 ,,,YADAV RAJESH BUDDHU,,,,,,,7425,Samajwadi Party,SP,,493,6,,7,23517,2.096,,,23517,,,,
Maharashtra,2017,21-02-2017, ,0,Mumbai City,BRIHAN MUMBAI,MC,6,79,PRABHAG NO 79 ,,,PAWAR SANDEEP DATTARAM,,,,,,,10809,Independent,IND,,162,7,,7,23517,0.689,,,23517,,,,
Maharashtra,2017,21-02-2017, ,0,Mumbai City,BRIHAN MUMBAI,MC,6,79,PRABHAG NO 79 ,,,NOTA,,,,,,,u10003,,,,323,8,,7,23517,1.373,,,23517,,,,
Maharashtra,2017,21-02-2017, ,0,Mumbai City,BRIHAN MUMBAI,MC,6,80,PRABHAG NO 80 ,,,Yadav Sunil Lalanprasad,,,,,,,1605,Bhartiya Janata Party,BJP,,12342,1,,11,27684,44.582,,,27684,,,,
Maharashtra,2017,21-02-2017, ,0,Mumbai City,BRIHAN MUMBAI,MC,6,80,PRABHAG NO 80 ,,,PANCHAL MANOHAR GANGARAM,,,,,,,18691,Shivsena,SHS,,10335,2,,11,27684,37.332,,,27684,,,,
Maharashtra,2017,21-02-2017, ,0,Mumbai City,BRIHAN MUMBAI,MC,6,80,PRABHAG NO 80 ,,,SHARMA MUKESH CHANDRANATH,,,,,,,1605,Indian National Congress,BJP,,1810,3,,11,27684,6.538,,,27684,,,,
Maharashtra,2017,21-02-2017, ,0,Mumbai City,BRIHAN MUMBAI,MC,6,80,PRABHAG NO 80 ,,,HALDANKAR VISHAL VISHWANATH,,,,,,,11633,Maharashtra Navnirman Sena,MNS,,1201,4,,11,27684,4.338,,,27684,,,,
Maharashtra,2017,21-02-2017, ,0,Mumbai City,BRIHAN MUMBAI,MC,6,80,PRABHAG NO 80 ,,,Patel Manish Dayabhai,,,,,,,16651,Bahujan Samaj Party,BSP,,723,5,,11,27684,2.612,,,27684,,,,
Maharashtra,2017,21-02-2017, ,0,Mumbai City,BRIHAN MUMBAI,MC,6,80,PRABHAG NO 80 ,,,SOLANKI AJAY JAYANTILAL,,,,,,,10809,Independent,IND,,354,6,,11,27684,1.279,,,27684,,,,
Maharashtra,2017,21-02-2017, ,0,Mumbai City,BRIHAN MUMBAI,MC,6,80,PRABHAG NO 80 ,,,madane baban ramchandra,,मदने बबन रामचंद्र,,,,,5792,Nationalist Congress Party,NCP,,163,7,,11,27684,0.589,,,27684,,,,
Maharashtra,2017,21-02-2017, ,0,Mumbai City,BRIHAN MUMBAI,MC,6,80,PRABHAG NO 80 ,,,PARAB PANDURANG ABA,,,,,,,10979,Janata Dal Secular,JD(S),,88,8,,11,27684,0.318,,,27684,,,,
Maharashtra,2017,21-02-2017, ,0,Mumbai City,BRIHAN MUMBAI,MC,6,80,PRABHAG NO 80 ,,,TAWDE RAJENDRA SHANTARAM,,,,,,,10809,Independent,IND,,66,9,,11,27684,0.238,,,27684,,,,
Maharashtra,2017,21-02-2017, ,0,Mumbai City,BRIHAN MUMBAI,MC,6,80,PRABHAG NO 80 ,,,Singh Dinesh Ranapratap,,,,,,,10809,Independent,IND,,41,10,,11,27684,0.148,,,27684,,,,
Maharashtra,2017,21-02-2017, ,0,Mumbai City,BRIHAN MUMBAI,MC,6,80,PRABHAG NO 80 ,,,Sadhu Prabhakar Tarapada,,,,,,,10809,Independent,IND,,28,11,,11,27684,0.101,,,27684,,,,
Maharashtra,2017,21-02-2017, ,0,Mumbai City,BRIHAN MUMBAI,MC,6,80,PRABHAG NO 80 ,,,NOTA,,,,,,,u10003,,,,533,12,,11,27684,1.925,,,27684,,,,
Maharashtra,2017,21-02-2017, ,0,Mumbai City,BRIHAN MUMBAI,MC,6,81,PRABHAG NO 81 ,,,PATEL MURJI KANJI,,,,,,,1605,Bhartiya Janata Party,BJP,,10867,1,,6,22355,48.611,,,22355,,,,
Maharashtra,2017,21-02-2017, ,0,Mumbai City,BRIHAN MUMBAI,MC,6,81,PRABHAG NO 81 ,,,NAIK SANDEEP RAJU,,,,,,,18691,Shivsena,SHS,,7393,2,,6,22355,33.071,,,22355,,,,
Maharashtra,2017,21-02-2017, ,0,Mumbai City,BRIHAN MUMBAI,MC,6,81,PRABHAG NO 81 ,,,Birje Jyoti Madhukar,,,,,,,1605,Indian National Congress,BJP,,2740,3,,6,22355,12.257,,,22355,,,,
Maharashtra,2017,21-02-2017, ,0,Mumbai City,BRIHAN MUMBAI,MC,6,81,PRABHAG NO 81 ,,,GIRI SANTOSH PANDURANG,,,,,,,11633,Maharashtra Navnirman Sena,MNS,,728,4,,6,22355,3.257,,,22355,,,,
Maharashtra,2017,21-02-2017, ,0,Mumbai City,BRIHAN MUMBAI,MC,6,81,PRABHAG NO 81 ,,,BANSOD SEEMA HEMANT,,,,,,,5792,Nationalist Congress Party,NCP,,206,5,,6,22355,0.921,,,22355,,,,
Maharashtra,2017,21-02-2017, ,0,Mumbai City,BRIHAN MUMBAI,MC,6,81,PRABHAG NO 81 ,,,POTUL SAGAR RAMPRASAD,,,,,,,10809,Independent,IND,,59,6,,6,22355,0.264,,,22355,,,,
Maharashtra,2017,21-02-2017, ,0,Mumbai City,BRIHAN MUMBAI,MC,6,81,PRABHAG NO 81 ,,,NOTA,,,,,,,u10003,,,,362,7,,6,22355,1.619,,,22355,,,,
Maharashtra,2017,21-02-2017, ,0,Mumbai City,BRIHAN MUMBAI,MC,6,82,PRABHAG NO 82 ,,,Amin Jagdish Kutty,,,,,,,1605,Indian National Congress,BJP,,5663,1,,15,19317,29.316,,,19317,,,,
Maharashtra,2017,21-02-2017, ,0,Mumbai City,BRIHAN MUMBAI,MC,6,82,PRABHAG NO 82 ,,,Kelkar Santosh Vasant,,,,,,,1605,Bhartiya Janata Party,BJP,,5615,2,,15,19317,29.068,,,19317,,,,
Maharashtra,2017,21-02-2017, ,0,Mumbai City,BRIHAN MUMBAI,MC,6,82,PRABHAG NO 82 ,,,Sawant Subhash Kanta,,,,,,,18691,Shivsena,SHS,,3724,3,,15,19317,19.278,,,19317,,,,
Maharashtra,2017,21-02-2017, ,0,Mumbai City,BRIHAN MUMBAI,MC,6,82,PRABHAG NO 82 ,,,SHUKLA RAJMANI GOMATIPRASAD,,,,,,,5792,Nationalist Congress Party,NCP,,1317,4,,15,19317,6.818,,,19317,,,,
Maharashtra,2017,21-02-2017, ,0,Mumbai City,BRIHAN MUMBAI,MC,6,82,PRABHAG NO 82 ,,,Gamre Bhimrao Shivram,,,,,,,10809,Independent,IND,,1227,5,,15,19317,6.352,,,19317,,,,
Maharashtra,2017,21-02-2017, ,0,Mumbai City,BRIHAN MUMBAI,MC,6,82,PRABHAG NO 82 ,,,BANWAIT HARBANSSINGH BALDEVSINGH,,,,,,,10809,Independent,IND,,373,6,,15,19317,1.931,,,19317,,,,
Maharashtra,2017,21-02-2017, ,0,Mumbai City,BRIHAN MUMBAI,MC,6,82,PRABHAG NO 82 ,,,Dhaware Sanjay Vasant,,,,,,,11633,Maharashtra Navnirman Sena,MNS,,369,7,,15,19317,1.91,,,19317,,,,
Maharashtra,2017,21-02-2017, ,0,Mumbai City,BRIHAN MUMBAI,MC,6,82,PRABHAG NO 82 ,,,Talukdar Rahulhamid Manjurali,,,,,,,14635,Communist Party Of India (Marxist),CPM,,185,8,,15,19317,0.958,,,19317,,,,
Maharashtra,2017,21-02-2017, ,0,Mumbai City,BRIHAN MUMBAI,MC,6,82,PRABHAG NO 82 ,,,GUPTA RAMNIWAS SHYAMDAS,,,,,,,1074,Bahujan Mukti Party,BMUP,,179,9,,15,19317,0.927,,,19317,,,,
Maharashtra,2017,21-02-2017, ,0,Mumbai City,BRIHAN MUMBAI,MC,6,82,PRABHAG NO 82 ,,,NADAR ARULRAJ MICHEAL,,,,,,,10809,Independent,IND,,138,10,,15,19317,0.714,,,19317,,,,
Maharashtra,2017,21-02-2017, ,0,Mumbai City,BRIHAN MUMBAI,MC,6,82,PRABHAG NO 82 ,,,Saini Naresh Shankarlal,,,,,,,10809,Independent,IND,,137,11,,15,19317,0.709,,,19317,,,,
Maharashtra,2017,21-02-2017, ,0,Mumbai City,BRIHAN MUMBAI,MC,6,82,PRABHAG NO 82 ,,,VISHWAKARMA OMPRAKASH RAMPRASAD,,,,,,,10809,Independent,IND,,60,12,,15,19317,0.311,,,19317,,,,
Maharashtra,2017,21-02-2017, ,0,Mumbai City,BRIHAN MUMBAI,MC,6,82,PRABHAG NO 82 ,,,mishra anilkumar sureshnath,,,,,,,10809,Independent,IND,,58,13,,15,19317,0.3,,,19317,,,,
Maharashtra,2017,21-02-2017, ,0,Mumbai City,BRIHAN MUMBAI,MC,6,82,PRABHAG NO 82 ,,,Gamare Prakash Yashwant,,,,,,,6067,Peoples Republican Party,PRBP,,52,14,,15,19317,0.269,,,19317,,,,
Maharashtra,2017,21-02-2017, ,0,Mumbai City,BRIHAN MUMBAI,MC,6,82,PRABHAG NO 82 ,,,ARORA JAGDEEP SHRIRAM,,,,,,,10809,Independent,IND,,35,15,,15,19317,0.181,,,19317,,,,
Maharashtra,2017,21-02-2017, ,0,Mumbai City,BRIHAN MUMBAI,MC,6,82,PRABHAG NO 82 ,,,NOTA,,,,,,,u10003,,,,185,16,,15,19317,0.958,,,19317,,,,
Maharashtra,2017,21-02-2017, ,0,Mumbai City,BRIHAN MUMBAI,MC,6,83,PRABHAG NO 83 ,,,Dsouza Winnifred Baptist,,,,,,,1605,Indian National Congress,BJP,,7558,1,,10,22839,33.093,,,22839,,,,
Maharashtra,2017,21-02-2017, ,0,Mumbai City,BRIHAN MUMBAI,MC,6,83,PRABHAG NO 83 ,,,SAWANT NIDHI NARESH,,,,,,,18691,Shivsena,SHS,,6953,2,,10,22839,30.444,,,22839,,,,
Maharashtra,2017,21-02-2017, ,0,Mumbai City,BRIHAN MUMBAI,MC,6,83,PRABHAG NO 83 ,,,Mane Poornima Ramesh,,,,,,,1605,Bhartiya Janata Party,BJP,,5548,3,,10,22839,24.292,,,22839,,,,
Maharashtra,2017,21-02-2017, ,0,Mumbai City,BRIHAN MUMBAI,MC,6,83,PRABHAG NO 83 ,,,SATPUTE SONALI SHASHIKANT,,,,,,,11633,Maharashtra Navnirman Sena,MNS,,1554,4,,10,22839,6.804,,,22839,,,,
Maharashtra,2017,21-02-2017, ,0,Mumbai City,BRIHAN MUMBAI,MC,6,83,PRABHAG NO 83 ,,,ADHIKARI ASHWINI ARVIND,,,,,,,8690,Akhil Bharatiya Sena,ABHS,,246,5,,10,22839,1.077,,,22839,,,,
Maharashtra,2017,21-02-2017, ,0,Mumbai City,BRIHAN MUMBAI,MC,6,83,PRABHAG NO 83 ,,,Athavale Sujata Dhananjay,,,,,,,5792,Nationalist Congress Party,NCP,,221,6,,10,22839,0.968,,,22839,,,,
Maharashtra,2017,21-02-2017, ,0,Mumbai City,BRIHAN MUMBAI,MC,6,83,PRABHAG NO 83 ,,,REWALE SANJEEVANI ANKUSH,,,,,,,u10004,Aghadi/Front,,,122,7,,10,22839,0.534,,,22839,,,,
Maharashtra,2017,21-02-2017, ,0,Mumbai City,BRIHAN MUMBAI,MC,6,83,PRABHAG NO 83 ,,,hate shivani sunil,,,,,,,10809,Independent,IND,,107,8,,10,22839,0.468,,,22839,,,,
Maharashtra,2017,21-02-2017, ,0,Mumbai City,BRIHAN MUMBAI,MC,6,83,PRABHAG NO 83 ,,,SURVE VASANTI JAGANNATH,,,,,,,10809,Independent,IND,,85,9,,10,22839,0.372,,,22839,,,,
Maharashtra,2017,21-02-2017, ,0,Mumbai City,BRIHAN MUMBAI,MC,6,83,PRABHAG NO 83 ,,,SAWANT SHEETAL MANGESH,,,,,,,10809,Independent,IND,,68,10,,10,22839,0.298,,,22839,,,,
Maharashtra,2017,21-02-2017, ,0,Mumbai City,BRIHAN MUMBAI,MC,6,83,PRABHAG NO 83 ,,,NOTA,,,,,,,u10003,,,,377,11,,10,22839,1.651,,,22839,,,,
Maharashtra,2017,21-02-2017, ,0,Mumbai City,BRIHAN MUMBAI,MC,6,84,PRABHAG NO 84 ,,,Samant Abhijit Ganpat,,,,,,,1605,Bhartiya Janata Party,BJP,,13501,1,,7,32691,41.299,,,32691,,,,
Maharashtra,2017,21-02-2017, ,0,Mumbai City,BRIHAN MUMBAI,MC,6,84,PRABHAG NO 84 ,,,Bhagwat Veena Chaitanya,,,,,,,18691,Shivsena,SHS,,8871,2,,7,32691,27.136,,,32691,,,,
Maharashtra,2017,21-02-2017, ,0,Mumbai City,BRIHAN MUMBAI,MC,6,84,PRABHAG NO 84 ,,,DALVI SANDEEP SITARAM,,,,,,,11633,Maharashtra Navnirman Sena,MNS,,7375,3,,7,32691,22.56,,,32691,,,,
Maharashtra,2017,21-02-2017, ,0,Mumbai City,BRIHAN MUMBAI,MC,6,84,PRABHAG NO 84 ,,,Teli Pyarelal Govind,,,,,,,1605,Indian National Congress,BJP,,2031,4,,7,32691,6.213,,,32691,,,,
Maharashtra,2017,21-02-2017, ,0,Mumbai City,BRIHAN MUMBAI,MC,6,84,PRABHAG NO 84 ,,,Choughule Raj Mahadev,,,,,,,10809,Independent,IND,,292,5,,7,32691,0.893,,,32691,,,,
Maharashtra,2017,21-02-2017, ,0,Mumbai City,BRIHAN MUMBAI,MC,6,84,PRABHAG NO 84 ,,,Verma Arvind Ramfer,,,,,,,10809,Independent,IND,,102,6,,7,32691,0.312,,,32691,,,,
Maharashtra,2017,21-02-2017, ,0,Mumbai City,BRIHAN MUMBAI,MC,6,84,PRABHAG NO 84 ,,,SHIDHORE RAGHUNATH VISHNU,,,,,,,10809,Independent,IND,,71,7,,7,32691,0.217,,,32691,,,,
Maharashtra,2017,21-02-2017, ,0,Mumbai City,BRIHAN MUMBAI,MC,6,84,PRABHAG NO 84 ,,,NOTA,,,,,,,u10003,,,,448,8,,7,32691,1.37,,,32691,,,,
Maharashtra,2017,21-02-2017, ,0,Mumbai City,BRIHAN MUMBAI,MC,6,85,PRABHAG NO 85 ,,,ALAVANI JYOTI PARAG,,,,,,,1605,Bhartiya Janata Party,BJP,,15629,1,,7,28830,54.211,,,28830,,,,
Maharashtra,2017,21-02-2017, ,0,Mumbai City,BRIHAN MUMBAI,MC,6,85,PRABHAG NO 85 ,,,PAWAR CHANDRAKANT SITARAM,,,,,,,18691,Shivsena,SHS,,5786,2,,7,28830,20.069,,,28830,,,,
Maharashtra,2017,21-02-2017, ,0,Mumbai City,BRIHAN MUMBAI,MC,6,85,PRABHAG NO 85 ,,,Hirani Narendra Chunnilal,,,,,,,1605,Indian National Congress,BJP,,5282,3,,7,28830,18.321,,,28830,,,,
Maharashtra,2017,21-02-2017, ,0,Mumbai City,BRIHAN MUMBAI,MC,6,85,PRABHAG NO 85 ,,,Korgaonkar Milind Shantaram,,,,,,,11633,Maharashtra Navnirman Sena,MNS,,1412,4,,7,28830,4.898,,,28830,,,,
Maharashtra,2017,21-02-2017, ,0,Mumbai City,BRIHAN MUMBAI,MC,6,85,PRABHAG NO 85 ,,,DADIYALA KUNALSINGH MAHENDRASINGH,,,,,,,10809,Independent,IND,,62,5,,7,28830,0.215,,,28830,,,,
Maharashtra,2017,21-02-2017, ,0,Mumbai City,BRIHAN MUMBAI,MC,6,85,PRABHAG NO 85 ,,,arora rakesh vishwanth,,,,,,,10809,Independent,IND,,49,6,,7,28830,0.17,,,28830,,,,
Maharashtra,2017,21-02-2017, ,0,Mumbai City,BRIHAN MUMBAI,MC,6,85,PRABHAG NO 85 ,,,Gathani Mukesh Amritlal,,,,,,,10809,Independent,IND,,36,7,,7,28830,0.125,,,28830,,,,
Maharashtra,2017,21-02-2017, ,0,Mumbai City,BRIHAN MUMBAI,MC,6,85,PRABHAG NO 85 ,,,NOTA,,,,,,,u10003,,,,574,8,,7,28830,1.991,,,28830,,,,
Maharashtra,2017,21-02-2017, ,0,Mumbai City,BRIHAN MUMBAI,MC,6,86,PRABHAG NO 86 ,,,RAI SUSHMA KAMLESH,,,,,,,1605,Indian National Congress,BJP,,6213,1,,11,22765,27.292,,,22765,,,,
Maharashtra,2017,21-02-2017, ,0,Mumbai City,BRIHAN MUMBAI,MC,6,86,PRABHAG NO 86 ,,,SANDHU HARPREETKAUR SARABJEETSINGH,,,,,,,1605,Bhartiya Janata Party,BJP,,5228,2,,11,22765,22.965,,,22765,,,,
Maharashtra,2017,21-02-2017, ,0,Mumbai City,BRIHAN MUMBAI,MC,6,86,PRABHAG NO 86 ,,,nikam parvati tukaram,,निकम पार्वती तुकाराम,,,,,18691,Shivsena,SHS,,4798,3,,11,22765,21.076,,,22765,,,,
Maharashtra,2017,21-02-2017, ,0,Mumbai City,BRIHAN MUMBAI,MC,6,86,PRABHAG NO 86 ,,,ALMEIDA GLADYS NICHOLAS,,,,,,,10809,Independent,IND,,4070,4,,11,22765,17.878,,,22765,,,,
Maharashtra,2017,21-02-2017, ,0,Mumbai City,BRIHAN MUMBAI,MC,6,86,PRABHAG NO 86 ,,,KHADPE SHRUTI RATNESH,,,,,,,11633,Maharashtra Navnirman Sena,MNS,,743,5,,11,22765,3.264,,,22765,,,,
Maharashtra,2017,21-02-2017, ,0,Mumbai City,BRIHAN MUMBAI,MC,6,86,PRABHAG NO 86 ,,,Kadam Pragati Prakash,,,,,,,14635,Communist Party Of India (Marxist),CPM,,346,6,,11,22765,1.52,,,22765,,,,
Maharashtra,2017,21-02-2017, ,0,Mumbai City,BRIHAN MUMBAI,MC,6,86,PRABHAG NO 86 ,,,Damrekar Maya Arvind,,,,,,,10809,Independent,IND,,346,7,,11,22765,1.52,,,22765,,,,
Maharashtra,2017,21-02-2017, ,0,Mumbai City,BRIHAN MUMBAI,MC,6,86,PRABHAG NO 86 ,,,Menon Mini Sudhakar,,,,,,,10809,Independent,IND,,198,8,,11,22765,0.87,,,22765,,,,
Maharashtra,2017,21-02-2017, ,0,Mumbai City,BRIHAN MUMBAI,MC,6,86,PRABHAG NO 86 ,,,Shinde Julie Kailash,,,,,,,10809,Independent,IND,,195,9,,11,22765,0.857,,,22765,,,,
Maharashtra,2017,21-02-2017, ,0,Mumbai City,BRIHAN MUMBAI,MC,6,86,PRABHAG NO 86 ,,,BAIG MAJU MASTAN,,,,,,,5792,Nationalist Congress Party,NCP,,172,10,,11,22765,0.756,,,22765,,,,
Maharashtra,2017,21-02-2017, ,0,Mumbai City,BRIHAN MUMBAI,MC,6,86,PRABHAG NO 86 ,,,PINTO LAVIA MABBLE,,,,,,,10809,Independent,IND,,104,11,,11,22765,0.457,,,22765,,,,
Maharashtra,2017,21-02-2017, ,0,Mumbai City,BRIHAN MUMBAI,MC,6,86,PRABHAG NO 86 ,,,NOTA,,,,,,,u10003,,,,352,12,,11,22765,1.546,,,22765,,,,
Maharashtra,2017,21-02-2017, ,0,Mumbai City,BRIHAN MUMBAI,MC,6,87,PRABHAG NO 87 ,,,MAHADESHWAR VISHWANATH PANDURANG,,,,,,,18691,Shivsena,SHS,,7250,1,,18,23819,30.438,,,23819,,,,
Maharashtra,2017,21-02-2017, ,0,Mumbai City,BRIHAN MUMBAI,MC,6,87,PRABHAG NO 87 ,,,PARKAR KRISHNA DHONDU,,,,,,,1605,Bhartiya Janata Party,BJP,,7216,2,,18,23819,30.295,,,23819,,,,
Maharashtra,2017,21-02-2017, ,0,Mumbai City,BRIHAN MUMBAI,MC,6,87,PRABHAG NO 87 ,,,VYAS DHARMESH KRISHNAKANT,,,,,,,1605,Indian National Congress,BJP,,4950,3,,18,23819,20.782,,,23819,,,,
Maharashtra,2017,21-02-2017, ,0,Mumbai City,BRIHAN MUMBAI,MC,6,87,PRABHAG NO 87 ,,,Gaikwad Sandesh Vasant,,,,,,,11633,Maharashtra Navnirman Sena,MNS,,796,4,,18,23819,3.342,,,23819,,,,
Maharashtra,2017,21-02-2017, ,0,Mumbai City,BRIHAN MUMBAI,MC,6,87,PRABHAG NO 87 ,,,SINGH PRADEEPKUMAR JOKHAN,,,,,,,7425,Samajwadi Party,SP,,672,5,,18,23819,2.821,,,23819,,,,
Maharashtra,2017,21-02-2017, ,0,Mumbai City,BRIHAN MUMBAI,MC,6,87,PRABHAG NO 87 ,,,CHOUDHARY SHARAFATHUSSAIN HABIBULLAH,,,,,,,706,All India Majlis e Ittehadul Muslimeen,AIMIM,,623,6,,18,23819,2.616,,,23819,,,,
Maharashtra,2017,21-02-2017, ,0,Mumbai City,BRIHAN MUMBAI,MC,6,87,PRABHAG NO 87 ,,,SHAIKH WASEEM ABDULHAKIM,,,,,,,10809,Independent,IND,,428,7,,18,23819,1.797,,,23819,,,,
Maharashtra,2017,21-02-2017, ,0,Mumbai City,BRIHAN MUMBAI,MC,6,87,PRABHAG NO 87 ,,,PAWAR SUSHANT GUNARATNA,,,,,,,16651,Bahujan Samaj Party,BSP,,418,8,,18,23819,1.755,,,23819,,,,
Maharashtra,2017,21-02-2017, ,0,Mumbai City,BRIHAN MUMBAI,MC,6,87,PRABHAG NO 87 ,,,Qureshi Anwar Bhura,,,,,,,5792,Nationalist Congress Party,NCP,,319,9,,18,23819,1.339,,,23819,,,,
Maharashtra,2017,21-02-2017, ,0,Mumbai City,BRIHAN MUMBAI,MC,6,87,PRABHAG NO 87 ,,,AKEVAR VIRENDRA PANDURANG,,,,,,,10809,Independent,IND,,165,10,,18,23819,0.693,,,23819,,,,
Maharashtra,2017,21-02-2017, ,0,Mumbai City,BRIHAN MUMBAI,MC,6,87,PRABHAG NO 87 ,,,CHOUDHARY SUDHIR RAVIRAI,,,,,,,1605,Indian National Congress,BJP,,109,11,,18,23819,0.458,,,23819,,,,
Maharashtra,2017,21-02-2017, ,0,Mumbai City,BRIHAN MUMBAI,MC,6,87,PRABHAG NO 87 ,,,Gamare Harishchandra Gopal,,,,,,,10809,Independent,IND,,105,12,,18,23819,0.441,,,23819,,,,
Maharashtra,2017,21-02-2017, ,0,Mumbai City,BRIHAN MUMBAI,MC,6,87,PRABHAG NO 87 ,,,VAZ JOHN FRANCIS,,,,,,,10809,Independent,IND,,100,13,,18,23819,0.42,,,23819,,,,
Maharashtra,2017,21-02-2017, ,0,Mumbai City,BRIHAN MUMBAI,MC,6,87,PRABHAG NO 87 ,,,UDHARKAR SANDEEP CHANDRAKANT,,,,,,,u10004,Aghadi/Front,,,94,14,,18,23819,0.395,,,23819,,,,
Maharashtra,2017,21-02-2017, ,0,Mumbai City,BRIHAN MUMBAI,MC,6,87,PRABHAG NO 87 ,,,Mishra Subhash Sabhapati,,,,,,,10809,Independent,IND,,92,15,,18,23819,0.386,,,23819,,,,
Maharashtra,2017,21-02-2017, ,0,Mumbai City,BRIHAN MUMBAI,MC,6,87,PRABHAG NO 87 ,,,PATKAR VILAS KRISHNA,,,,,,,10809,Independent,IND,,46,16,,18,23819,0.193,,,23819,,,,
Maharashtra,2017,21-02-2017, ,0,Mumbai City,BRIHAN MUMBAI,MC,6,87,PRABHAG NO 87 ,,,MOHITE SANDESH SAYAJI,,,,,,,880,Ambedkarite Party Of India,APoI,,46,17,,18,23819,0.193,,,23819,,,,
Maharashtra,2017,21-02-2017, ,0,Mumbai City,BRIHAN MUMBAI,MC,6,87,PRABHAG NO 87 ,,,PAWAR MAHENDRA KRISHNARAO,,,,,,,10809,Independent,IND,,17,18,,18,23819,0.071,,,23819,,,,
Maharashtra,2017,21-02-2017, ,0,Mumbai City,BRIHAN MUMBAI,MC,6,87,PRABHAG NO 87 ,,,NOTA,,,,,,,u10003,,,,373,19,,18,23819,1.566,,,23819,,,,
Maharashtra,2017,21-02-2017, ,0,Mumbai City,BRIHAN MUMBAI,MC,6,88,PRABHAG NO 88 ,,,PARAB SADANAND GAJANAN,,,,,,,18691,Shivsena,SHS,,8424,1,,12,21990,38.308,,,21990,,,,
Maharashtra,2017,21-02-2017, ,0,Mumbai City,BRIHAN MUMBAI,MC,6,88,PRABHAG NO 88 ,,,SAMANT PRASAD RAMCHANDRA,,,,,,,1605,Bhartiya Janata Party,BJP,,5534,2,,12,21990,25.166,,,21990,,,,
Maharashtra,2017,21-02-2017, ,0,Mumbai City,BRIHAN MUMBAI,MC,6,88,PRABHAG NO 88 ,,,SHINDE SUHAS NARAYAN,,,,,,,11633,Maharashtra Navnirman Sena,MNS,,3750,3,,12,21990,17.053,,,21990,,,,
Maharashtra,2017,21-02-2017, ,0,Mumbai City,BRIHAN MUMBAI,MC,6,88,PRABHAG NO 88 ,,,Rajbhar Lalmani Sinnu,,,,,,,1605,Indian National Congress,BJP,,2012,4,,12,21990,9.15,,,21990,,,,
Maharashtra,2017,21-02-2017, ,0,Mumbai City,BRIHAN MUMBAI,MC,6,88,PRABHAG NO 88 ,,,SAWANT SUBHASH MAHADEO,,,,,,,10809,Independent,IND,,556,5,,12,21990,2.528,,,21990,,,,
Maharashtra,2017,21-02-2017, ,0,Mumbai City,BRIHAN MUMBAI,MC,6,88,PRABHAG NO 88 ,,,Mrinal Nilotpal Anjani,,,,,,,10809,Independent,IND,,434,6,,12,21990,1.974,,,21990,,,,
Maharashtra,2017,21-02-2017, ,0,Mumbai City,BRIHAN MUMBAI,MC,6,88,PRABHAG NO 88 ,,,GUDHKA HARAKHCHAND LILADHAR,,,,,,,5792,Nationalist Congress Party,NCP,,326,7,,12,21990,1.482,,,21990,,,,
Maharashtra,2017,21-02-2017, ,0,Mumbai City,BRIHAN MUMBAI,MC,6,88,PRABHAG NO 88 ,,,PADWAL BALAJI ANKUSH,,,,,,,10809,Independent,IND,,315,8,,12,21990,1.432,,,21990,,,,
Maharashtra,2017,21-02-2017, ,0,Mumbai City,BRIHAN MUMBAI,MC,6,88,PRABHAG NO 88 ,,,PANDIRKAR VIJAY SHIVRAM,,,,,,,10809,Independent,IND,,113,9,,12,21990,0.514,,,21990,,,,
Maharashtra,2017,21-02-2017, ,0,Mumbai City,BRIHAN MUMBAI,MC,6,88,PRABHAG NO 88 ,,,GURAV TANAJI SAMBHAJI,,,,,,,10809,Independent,IND,,78,10,,12,21990,0.355,,,21990,,,,
Maharashtra,2017,21-02-2017, ,0,Mumbai City,BRIHAN MUMBAI,MC,6,88,PRABHAG NO 88 ,,,PANDEY ADITYA DHARMENDRA,,,,,,,10809,Independent,IND,,70,11,,12,21990,0.318,,,21990,,,,
Maharashtra,2017,21-02-2017, ,0,Mumbai City,BRIHAN MUMBAI,MC,6,88,PRABHAG NO 88 ,,,TIWARI ANJANI SUBHASH,,,,,,,10809,Independent,IND,,63,12,,12,21990,0.286,,,21990,,,,
Maharashtra,2017,21-02-2017, ,0,Mumbai City,BRIHAN MUMBAI,MC,6,88,PRABHAG NO 88 ,,,NOTA,,,,,,,u10003,,,,315,13,,12,21990,1.432,,,21990,,,,
Maharashtra,2017,21-02-2017, ,0,Mumbai City,BRIHAN MUMBAI,MC,6,89,PRABHAG NO 89 ,,,KUBAL DINESH KASHIRAM,,,,,,,18691,Shivsena,SHS,,8682,1,,5,27853,31.171,,,27853,,,,
Maharashtra,2017,21-02-2017, ,0,Mumbai City,BRIHAN MUMBAI,MC,6,89,PRABHAG NO 89 ,,,POOJARI LAXMAN CHIKKAYYA,,,,,,,10809,Independent,IND,,8031,2,,5,27853,28.834,,,27853,,,,
Maharashtra,2017,21-02-2017, ,0,Mumbai City,BRIHAN MUMBAI,MC,6,89,PRABHAG NO 89 ,,,upralkar santosh mohan,,,,,,,11633,Maharashtra Navnirman Sena,MNS,,3654,3,,5,27853,13.119,,,27853,,,,
Maharashtra,2017,21-02-2017, ,0,Mumbai City,BRIHAN MUMBAI,MC,6,89,PRABHAG NO 89 ,,,Thakur Suryavansh Balrup,,,,,,,1605,Indian National Congress,BJP,,3645,4,,5,27853,13.087,,,27853,,,,
Maharashtra,2017,21-02-2017, ,0,Mumbai City,BRIHAN MUMBAI,MC,6,89,PRABHAG NO 89 ,,,PATIL DILIP SAKHARAM,,,,,,,1605,Bhartiya Janata Party,BJP,,3473,5,,5,27853,12.469,,,27853,,,,
Maharashtra,2017,21-02-2017, ,0,Mumbai City,BRIHAN MUMBAI,MC,6,89,PRABHAG NO 89 ,,,NOTA,,,,,,,u10003,,,,368,6,,5,27853,1.321,,,27853,,,,
Maharashtra,2017,21-02-2017, ,0,Mumbai City,BRIHAN MUMBAI,MC,6,90,PRABHAG NO 90 ,,,MIRANDA TULIP BRIAN,,,,,,,1605,Indian National Congress,BJP,,5952,1,,7,20036,29.707,,,20036,,,,
Maharashtra,2017,21-02-2017, ,0,Mumbai City,BRIHAN MUMBAI,MC,6,90,PRABHAG NO 90 ,,,KINNY BENEDICT DENIS,,,,,,,7425,Samajwadi Party,SP,,4373,2,,7,20036,21.826,,,20036,,,,
Maharashtra,2017,21-02-2017, ,0,Mumbai City,BRIHAN MUMBAI,MC,6,90,PRABHAG NO 90 ,,,THORAT SHAILA KRISHNA,,,,,,,1605,Bhartiya Janata Party,BJP,,3818,3,,7,20036,19.056,,,20036,,,,
Maharashtra,2017,21-02-2017, ,0,Mumbai City,BRIHAN MUMBAI,MC,6,90,PRABHAG NO 90 ,,,Ajarekar Pratima Kalpesh,,,,,,,18691,Shivsena,SHS,,2784,4,,7,20036,13.895,,,20036,,,,
Maharashtra,2017,21-02-2017, ,0,Mumbai City,BRIHAN MUMBAI,MC,6,90,PRABHAG NO 90 ,,,kunchikorve maya jannappa,,,,,,,11633,Maharashtra Navnirman Sena,MNS,,2496,5,,7,20036,12.458,,,20036,,,,
Maharashtra,2017,21-02-2017, ,0,Mumbai City,BRIHAN MUMBAI,MC,6,90,PRABHAG NO 90 ,,,mali sujata gopal,,,,,,,10809,Independent,IND,,140,6,,7,20036,0.699,,,20036,,,,
Maharashtra,2017,21-02-2017, ,0,Mumbai City,BRIHAN MUMBAI,MC,6,90,PRABHAG NO 90 ,,,GAWANDE SEJAL RUSHIKESH,,,,,,,10809,Independent,IND,,43,7,,7,20036,0.215,,,20036,,,,
Maharashtra,2017,21-02-2017, ,0,Mumbai City,BRIHAN MUMBAI,MC,6,90,PRABHAG NO 90 ,,,NOTA,,,,,,,u10003,,,,430,8,,7,20036,2.146,,,20036,,,,
Maharashtra,2017,21-02-2017, ,0,Mumbai City,BRIHAN MUMBAI,MC,6,91,PRABHAG NO 91 ,,,NAIK SAGUN VASANT,,,,,,,18691,Shivsena,SHS,,7634,1,,7,22184,34.412,,,22184,,,,
Maharashtra,2017,21-02-2017, ,0,Mumbai City,BRIHAN MUMBAI,MC,6,91,PRABHAG NO 91 ,,,SHAIKH MOHAMMEDRAFIQUE MUSTAFAHUSAIN,,,,,,,1605,Indian National Congress,BJP,,5000,2,,7,22184,22.539,,,22184,,,,
Maharashtra,2017,21-02-2017, ,0,Mumbai City,BRIHAN MUMBAI,MC,6,91,PRABHAG NO 91 ,,,morajkar yadunath damodar,,,,,,,11633,Maharashtra Navnirman Sena,MNS,,4770,3,,7,22184,21.502,,,22184,,,,
Maharashtra,2017,21-02-2017, ,0,Mumbai City,BRIHAN MUMBAI,MC,6,91,PRABHAG NO 91 ,,,AMIN DINESH BOMMAYYA,,,,,,,5792,Nationalist Congress Party,NCP,,2953,4,,7,22184,13.311,,,22184,,,,
Maharashtra,2017,21-02-2017, ,0,Mumbai City,BRIHAN MUMBAI,MC,6,91,PRABHAG NO 91 ,,,HALDANKAR DINESH JAIRAM,,,,,,,2444,Communist Party Of India,CPI,,410,5,,7,22184,1.848,,,22184,,,,
Maharashtra,2017,21-02-2017, ,0,Mumbai City,BRIHAN MUMBAI,MC,6,91,PRABHAG NO 91 ,,,CHIPKAR SAGAR RAJENDRA,,,,,,,10809,Independent,IND,,148,6,,7,22184,0.667,,,22184,,,,
Maharashtra,2017,21-02-2017, ,0,Mumbai City,BRIHAN MUMBAI,MC,6,91,PRABHAG NO 91 ,,,sagvekar sudhir gangaram,,,,,,,10809,Independent,IND,,134,7,,7,22184,0.604,,,22184,,,,
Maharashtra,2017,21-02-2017, ,0,Mumbai City,BRIHAN MUMBAI,MC,6,91,PRABHAG NO 91 ,,,NOTA,,,,,,,u10003,,,,1135,8,,7,22184,5.116,,,22184,,,,
Maharashtra,2017,21-02-2017, ,0,Mumbai City,BRIHAN MUMBAI,MC,6,92,PRABHAG NO 92 ,,,QURESHI GULNAZ MDSALIM,,,,,,,706,All India Majlis e Ittehadul Muslimeen,AIMIM,,4882,1,,16,18130,26.928,,,18130,,,,
Maharashtra,2017,21-02-2017, ,0,Mumbai City,BRIHAN MUMBAI,MC,6,92,PRABHAG NO 92 ,,,Memon Tasleem Yusuf,,,,,,,1605,Indian National Congress,BJP,,3538,2,,16,18130,19.515,,,18130,,,,
Maharashtra,2017,21-02-2017, ,0,Mumbai City,BRIHAN MUMBAI,MC,6,92,PRABHAG NO 92 ,,,MANGWANA SHEETAL ANIL,,,,,,,1605,Bhartiya Janata Party,BJP,,2532,3,,16,18130,13.966,,,18130,,,,
Maharashtra,2017,21-02-2017, ,0,Mumbai City,BRIHAN MUMBAI,MC,6,92,PRABHAG NO 92 ,,,Khan Majidunnisa Jagir,,,,,,,11633,Maharashtra Navnirman Sena,MNS,,2236,4,,16,18130,12.333,,,18130,,,,
Maharashtra,2017,21-02-2017, ,0,Mumbai City,BRIHAN MUMBAI,MC,6,92,PRABHAG NO 92 ,,,SHINDE RUPALI RAMESH,,,,,,,18691,Shivsena,SHS,,1455,5,,16,18130,8.025,,,18130,,,,
Maharashtra,2017,21-02-2017, ,0,Mumbai City,BRIHAN MUMBAI,MC,6,92,PRABHAG NO 92 ,,,SHAIKH NIGAR ARIF,,,,,,,10809,Independent,IND,,1221,6,,16,18130,6.735,,,18130,,,,
Maharashtra,2017,21-02-2017, ,0,Mumbai City,BRIHAN MUMBAI,MC,6,92,PRABHAG NO 92 ,,,Patil Neha Suhas,,,,,,,5792,Nationalist Congress Party,NCP,,978,7,,16,18130,5.394,,,18130,,,,
Maharashtra,2017,21-02-2017, ,0,Mumbai City,BRIHAN MUMBAI,MC,6,92,PRABHAG NO 92 ,,,GAIKAWAD KIRTI DHARMA,,,,,,,16651,Bahujan Samaj Party,BSP,,430,8,,16,18130,2.372,,,18130,,,,
Maharashtra,2017,21-02-2017, ,0,Mumbai City,BRIHAN MUMBAI,MC,6,92,PRABHAG NO 92 ,,,khan shabina arshad,,,,,,,7425,Samajwadi Party,SP,,146,9,,16,18130,0.805,,,18130,,,,
Maharashtra,2017,21-02-2017, ,0,Mumbai City,BRIHAN MUMBAI,MC,6,92,PRABHAG NO 92 ,,,BASTIWALA TAHIRA KHANMOHAMMED,,,,,,,10809,Independent,IND,,143,10,,16,18130,0.789,,,18130,,,,
Maharashtra,2017,21-02-2017, ,0,Mumbai City,BRIHAN MUMBAI,MC,6,92,PRABHAG NO 92 ,,,BIDLAN MUNNI RAMSINH,,,,,,,10809,Independent,IND,,138,11,,16,18130,0.761,,,18130,,,,
Maharashtra,2017,21-02-2017, ,0,Mumbai City,BRIHAN MUMBAI,MC,6,92,PRABHAG NO 92 ,,,SHAIKH AMEENA ABDULSAEED,,,,,,,12019,Peasants & Workers Party of India,PWP,,112,12,,16,18130,0.618,,,18130,,,,
Maharashtra,2017,21-02-2017, ,0,Mumbai City,BRIHAN MUMBAI,MC,6,92,PRABHAG NO 92 ,,,SHAIKH MEHRUNNISA MOHAMMEDHANIF,,,,,,,9677,Bahujan Vikas Aghadi,BVA,,76,13,,16,18130,0.419,,,18130,,,,
Maharashtra,2017,21-02-2017, ,0,Mumbai City,BRIHAN MUMBAI,MC,6,92,PRABHAG NO 92 ,,,SHAIKH SAIRABANU IRFAN,,,,,,,10809,Independent,IND,,54,14,,16,18130,0.298,,,18130,,,,
Maharashtra,2017,21-02-2017, ,0,Mumbai City,BRIHAN MUMBAI,MC,6,92,PRABHAG NO 92 ,,,shaikh hasina lalmohammed,,,,,,,10809,Independent,IND,,47,15,,16,18130,0.259,,,18130,,,,
Maharashtra,2017,21-02-2017, ,0,Mumbai City,BRIHAN MUMBAI,MC,6,92,PRABHAG NO 92 ,,,SHAIKH RAJIYABEE MEHBOOB,,,,,,,u10014,OBC NT Party of India,,,23,16,,16,18130,0.127,,,18130,,,,
Maharashtra,2017,21-02-2017, ,0,Mumbai City,BRIHAN MUMBAI,MC,6,92,PRABHAG NO 92 ,,,NOTA,,,,,,,u10003,,,,119,17,,16,18130,0.656,,,18130,,,,
Maharashtra,2017,21-02-2017, ,0,Mumbai City,BRIHAN MUMBAI,MC,6,93,PRABHAG NO 93 ,,,KAMBLE ROHINI YOGESH,,,,,,,18691,Shivsena,SHS,,9986,1,,8,21147,47.222,,,21147,,,,
Maharashtra,2017,21-02-2017, ,0,Mumbai City,BRIHAN MUMBAI,MC,6,93,PRABHAG NO 93 ,,,DRSAWANT PRIYATAMA SHARADKUMAR,,,,,,,1605,Indian National Congress,BJP,,2748,2,,8,21147,12.995,,,21147,,,,
Maharashtra,2017,21-02-2017, ,0,Mumbai City,BRIHAN MUMBAI,MC,6,93,PRABHAG NO 93 ,,,Wajale Rani Sumit,,,,,,,12285,Republican Party of India (A),RPI(A),,2748,3,,8,21147,12.995,,,21147,,,,
Maharashtra,2017,21-02-2017, ,0,Mumbai City,BRIHAN MUMBAI,MC,6,93,PRABHAG NO 93 ,,,aykar nanda sandesh,,,,,,,11633,Maharashtra Navnirman Sena,MNS,,2022,4,,8,21147,9.562,,,21147,,,,
Maharashtra,2017,21-02-2017, ,0,Mumbai City,BRIHAN MUMBAI,MC,6,93,PRABHAG NO 93 ,,,JADHAV KAMINI DINKAR,,,,,,,5792,Nationalist Congress Party,NCP,,1810,5,,8,21147,8.559,,,21147,,,,
Maharashtra,2017,21-02-2017, ,0,Mumbai City,BRIHAN MUMBAI,MC,6,93,PRABHAG NO 93 ,,,BANSODE PRADNYA SHAILESH,,,,,,,16651,Bahujan Samaj Party,BSP,,577,6,,8,21147,2.729,,,21147,,,,
Maharashtra,2017,21-02-2017, ,0,Mumbai City,BRIHAN MUMBAI,MC,6,93,PRABHAG NO 93 ,,,khandagale anita vidhewan,,,,,,,10809,Independent,IND,,342,7,,8,21147,1.617,,,21147,,,,
Maharashtra,2017,21-02-2017, ,0,Mumbai City,BRIHAN MUMBAI,MC,6,93,PRABHAG NO 93 ,,,MESHRAM KIRTI SHESHRAO,,,,,,,10809,Independent,IND,,66,8,,8,21147,0.312,,,21147,,,,
Maharashtra,2017,21-02-2017, ,0,Mumbai City,BRIHAN MUMBAI,MC,6,93,PRABHAG NO 93 ,,,NOTA,,,,,,,u10003,,,,848,9,,8,21147,4.01,,,21147,,,,
Maharashtra,2017,21-02-2017, ,0,Mumbai City,BRIHAN MUMBAI,MC,6,94,PRABHAG NO 94 ,,,BHUTKAR PRADNYA DEEPAK,,,,,,,18691,Shivsena,SHS,,8617,1,,8,27851,30.94,,,27851,,,,
Maharashtra,2017,21-02-2017, ,0,Mumbai City,BRIHAN MUMBAI,MC,6,94,PRABHAG NO 94 ,,,MALUSARE RASHMI RUPESH,,,,,,,11633,Maharashtra Navnirman Sena,MNS,,6942,2,,8,27851,24.925,,,27851,,,,
Maharashtra,2017,21-02-2017, ,0,Mumbai City,BRIHAN MUMBAI,MC,6,94,PRABHAG NO 94 ,,,JAJU SNEHAL VIVEKANAND,,,,,,,1605,Indian National Congress,BJP,,5535,3,,8,27851,19.874,,,27851,,,,
Maharashtra,2017,21-02-2017, ,0,Mumbai City,BRIHAN MUMBAI,MC,6,94,PRABHAG NO 94 ,,,TAYSHETE SONALI SUNIL,,,,,,,1605,Bhartiya Janata Party,BJP,,5269,4,,8,27851,18.919,,,27851,,,,
Maharashtra,2017,21-02-2017, ,0,Mumbai City,BRIHAN MUMBAI,MC,6,94,PRABHAG NO 94 ,,,Panjoo Mehjabeen Sayeeda,,,,,,,5792,Nationalist Congress Party,NCP,,573,5,,8,27851,2.057,,,27851,,,,
Maharashtra,2017,21-02-2017, ,0,Mumbai City,BRIHAN MUMBAI,MC,6,94,PRABHAG NO 94 ,,,PAWAR SONAL SUDHAKAR,,,,,,,880,Ambedkarite Party Of India,APoI,,225,6,,8,27851,0.808,,,27851,,,,
Maharashtra,2017,21-02-2017, ,0,Mumbai City,BRIHAN MUMBAI,MC,6,94,PRABHAG NO 94 ,,,SHAIKH AYESHA RIYAZ,,,,,,,7425,Samajwadi Party,SP,,161,7,,8,27851,0.578,,,27851,,,,
Maharashtra,2017,21-02-2017, ,0,Mumbai City,BRIHAN MUMBAI,MC,6,94,PRABHAG NO 94 ,,,Girkar Manisha Shantaram,,,,,,,2444,Communist Party Of India,CPI,,147,8,,8,27851,0.528,,,27851,,,,
Maharashtra,2017,21-02-2017, ,0,Mumbai City,BRIHAN MUMBAI,MC,6,94,PRABHAG NO 94 ,,,NOTA,,,,,,,u10003,,,,382,9,,8,27851,1.372,,,27851,,,,
Maharashtra,2017,21-02-2017, ,0,Mumbai City,BRIHAN MUMBAI,MC,6,95,PRABHAG NO 95 ,,,WAINGANKAR CHANDRASHEKHAR VASUDEO,,,,,,,18691,Shivsena,SHS,,6426,1,,11,19798,32.458,,,19798,,,,
Maharashtra,2017,21-02-2017, ,0,Mumbai City,BRIHAN MUMBAI,MC,6,95,PRABHAG NO 95 ,,,ADIWAREKAR SUHAS RAJARAM,,,,,,,1605,Bhartiya Janata Party,BJP,,5529,2,,11,19798,27.927,,,19798,,,,
Maharashtra,2017,21-02-2017, ,0,Mumbai City,BRIHAN MUMBAI,MC,6,95,PRABHAG NO 95 ,,,NALAWDE PRAVEN aNANT,,,,,,,1605,Indian National Congress,BJP,,3973,3,,11,19798,20.068,,,19798,,,,
Maharashtra,2017,21-02-2017, ,0,Mumbai City,BRIHAN MUMBAI,MC,6,95,PRABHAG NO 95 ,,,BADSIWAL BHUPENDRA TARACHAND,,,,,,,10809,Independent,IND,,1210,4,,11,19798,6.112,,,19798,,,,
Maharashtra,2017,21-02-2017, ,0,Mumbai City,BRIHAN MUMBAI,MC,6,95,PRABHAG NO 95 ,,,TARI SUMANT VISHNU,,,,,,,11633,Maharashtra Navnirman Sena,MNS,,849,5,,11,19798,4.288,,,19798,,,,
Maharashtra,2017,21-02-2017, ,0,Mumbai City,BRIHAN MUMBAI,MC,6,95,PRABHAG NO 95 ,,,DAMANIA KIRAN FAKIRBHAI,,,,,,,10809,Independent,IND,,594,6,,11,19798,3,,,19798,,,,
Maharashtra,2017,21-02-2017, ,0,Mumbai City,BRIHAN MUMBAI,MC,6,95,PRABHAG NO 95 ,,,GAIKWAD PRAMOD RAMCHANDRA,,,,,,,5792,Nationalist Congress Party,NCP,,413,7,,11,19798,2.086,,,19798,,,,
Maharashtra,2017,21-02-2017, ,0,Mumbai City,BRIHAN MUMBAI,MC,6,95,PRABHAG NO 95 ,,,SALVI SUMIT ULHAS,,,,,,,16651,Bahujan Samaj Party,BSP,,241,8,,11,19798,1.217,,,19798,,,,
Maharashtra,2017,21-02-2017, ,0,Mumbai City,BRIHAN MUMBAI,MC,6,95,PRABHAG NO 95 ,,,SAWANT JITENDRA DASHARATH,,,,,,,10809,Independent,IND,,84,9,,11,19798,0.424,,,19798,,,,
Maharashtra,2017,21-02-2017, ,0,Mumbai City,BRIHAN MUMBAI,MC,6,95,PRABHAG NO 95 ,,,sayyed kajamohiddin abuthahir,,,,,,,10809,Independent,IND,,76,10,,11,19798,0.384,,,19798,,,,
Maharashtra,2017,21-02-2017, ,0,Mumbai City,BRIHAN MUMBAI,MC,6,95,PRABHAG NO 95 ,,,BANSODE KAMAL RAM,,,,,,,10809,Independent,IND,,38,11,,11,19798,0.192,,,19798,,,,
Maharashtra,2017,21-02-2017, ,0,Mumbai City,BRIHAN MUMBAI,MC,6,95,PRABHAG NO 95 ,,,NOTA,,,,,,,u10003,,,,365,12,,11,19798,1.844,,,19798,,,,
Maharashtra,2017,21-02-2017, ,0,Mumbai City,BRIHAN MUMBAI,MC,6,96,PRABHAG NO 96 ,,,KHAN MOHAMMEDHALIM MOHAMMEDSHAMIM,,,,,,,18691,Shivsena,SHS,,4052,1,,14,19135,21.176,,,19135,,,,
Maharashtra,2017,21-02-2017, ,0,Mumbai City,BRIHAN MUMBAI,MC,6,96,PRABHAG NO 96 ,,,Qadri MohdShareef HayatUmar,,,,,,,1605,Indian National Congress,BJP,,3681,2,,14,19135,19.237,,,19135,,,,
Maharashtra,2017,21-02-2017, ,0,Mumbai City,BRIHAN MUMBAI,MC,6,96,PRABHAG NO 96 ,,,SHAIKH SHAHIDHUSSAIN WAHIDHUSSAIN,,,,,,,706,All India Majlis e Ittehadul Muslimeen,AIMIM,,3248,3,,14,19135,16.974,,,19135,,,,
Maharashtra,2017,21-02-2017, ,0,Mumbai City,BRIHAN MUMBAI,MC,6,96,PRABHAG NO 96 ,,,shaikh mohussain arehman,,,,,,,10809,Independent,IND,,2821,4,,14,19135,14.743,,,19135,,,,
Maharashtra,2017,21-02-2017, ,0,Mumbai City,BRIHAN MUMBAI,MC,6,96,PRABHAG NO 96 ,,,SHAIKH SHAKIL SWALEH,,,,,,,7425,Samajwadi Party,SP,,2004,5,,14,19135,10.473,,,19135,,,,
Maharashtra,2017,21-02-2017, ,0,Mumbai City,BRIHAN MUMBAI,MC,6,96,PRABHAG NO 96 ,,,SHAIKH GULISTAN AHRARAHMED,,,,,,,10809,Independent,IND,,803,6,,14,19135,4.196,,,19135,,,,
Maharashtra,2017,21-02-2017, ,0,Mumbai City,BRIHAN MUMBAI,MC,6,96,PRABHAG NO 96 ,,,sayyed yusuf mohdmustafa,,,,,,,5792,Nationalist Congress Party,NCP,,656,7,,14,19135,3.428,,,19135,,,,
Maharashtra,2017,21-02-2017, ,0,Mumbai City,BRIHAN MUMBAI,MC,6,96,PRABHAG NO 96 ,,,Rajput Jitesh KisanSingh,,,,,,,11633,Maharashtra Navnirman Sena,MNS,,646,8,,14,19135,3.376,,,19135,,,,
Maharashtra,2017,21-02-2017, ,0,Mumbai City,BRIHAN MUMBAI,MC,6,96,PRABHAG NO 96 ,,,Shaikh LiyakatAli Hasan,,,,,,,10809,Independent,IND,,628,9,,14,19135,3.282,,,19135,,,,
Maharashtra,2017,21-02-2017, ,0,Mumbai City,BRIHAN MUMBAI,MC,6,96,PRABHAG NO 96 ,,,MOMIN MOHAMMEDAYUB JAHANGIR,,,,,,,10979,Janata Dal Secular,JD(S),,237,10,,14,19135,1.239,,,19135,,,,
Maharashtra,2017,21-02-2017, ,0,Mumbai City,BRIHAN MUMBAI,MC,6,96,PRABHAG NO 96 ,,,KHANJADA MEHMOOD AHMED,,,,,,,10809,Independent,IND,,80,11,,14,19135,0.418,,,19135,,,,
Maharashtra,2017,21-02-2017, ,0,Mumbai City,BRIHAN MUMBAI,MC,6,96,PRABHAG NO 96 ,,,KHAN BANNE YAKUB,,,,,,,10809,Independent,IND,,52,12,,14,19135,0.272,,,19135,,,,
Maharashtra,2017,21-02-2017, ,0,Mumbai City,BRIHAN MUMBAI,MC,6,96,PRABHAG NO 96 ,,,SHAIKH LIYAKATIALI MODHUSSAIN,,,,,,,10809,Independent,IND,,33,13,,14,19135,0.172,,,19135,,,,
Maharashtra,2017,21-02-2017, ,0,Mumbai City,BRIHAN MUMBAI,MC,6,96,PRABHAG NO 96 ,,,SHAIKH TABREZ ALIJaN,,,,,,,10809,Independent,IND,,32,14,,14,19135,0.167,,,19135,,,,
Maharashtra,2017,21-02-2017, ,0,Mumbai City,BRIHAN MUMBAI,MC,6,96,PRABHAG NO 96 ,,,NOTA,,,,,,,u10003,,,,162,15,,14,19135,0.847,,,19135,,,,
Maharashtra,2017,21-02-2017, ,0,Mumbai City,BRIHAN MUMBAI,MC,6,97,PRABHAG NO 97 ,,,GALA HETAL VIMAL,,,,,,,1605,Bhartiya Janata Party,BJP,,9244,1,,17,25216,36.659,,,25216,,,,
Maharashtra,2017,21-02-2017, ,0,Mumbai City,BRIHAN MUMBAI,MC,6,97,PRABHAG NO 97 ,,,MORE SUNIL VASANT,,,,,,,18691,Shivsena,SHS,,4124,2,,17,25216,16.355,,,25216,,,,
Maharashtra,2017,21-02-2017, ,0,Mumbai City,BRIHAN MUMBAI,MC,6,97,PRABHAG NO 97 ,,,SINGH ARJUN UJALA,,,,,,,1605,Indian National Congress,BJP,,3960,3,,17,25216,15.704,,,25216,,,,
Maharashtra,2017,21-02-2017, ,0,Mumbai City,BRIHAN MUMBAI,MC,6,97,PRABHAG NO 97 ,,,Tanwar Asif Amin,,,,,,,706,All India Majlis e Ittehadul Muslimeen,AIMIM,,2242,4,,17,25216,8.891,,,25216,,,,
Maharashtra,2017,21-02-2017, ,0,Mumbai City,BRIHAN MUMBAI,MC,6,97,PRABHAG NO 97 ,,,LOKEGAONKAR MOHAN VITHOBA,,,,,,,10809,Independent,IND,,1928,5,,17,25216,7.646,,,25216,,,,
Maharashtra,2017,21-02-2017, ,0,Mumbai City,BRIHAN MUMBAI,MC,6,97,PRABHAG NO 97 ,,,MANDLIK SACHIN RAMCHANDRA,,,,,,,10809,Independent,IND,,1208,6,,17,25216,4.791,,,25216,,,,
Maharashtra,2017,21-02-2017, ,0,Mumbai City,BRIHAN MUMBAI,MC,6,97,PRABHAG NO 97 ,,,KATE VIJAY SURESH,,,,,,,11633,Maharashtra Navnirman Sena,MNS,,830,7,,17,25216,3.292,,,25216,,,,
Maharashtra,2017,21-02-2017, ,0,Mumbai City,BRIHAN MUMBAI,MC,6,97,PRABHAG NO 97 ,,,SOLANKI UMER DAWOOD,,,,,,,5792,Nationalist Congress Party,NCP,,424,8,,17,25216,1.681,,,25216,,,,
Maharashtra,2017,21-02-2017, ,0,Mumbai City,BRIHAN MUMBAI,MC,6,97,PRABHAG NO 97 ,,,INAMDAR BABULAL KADER,,,,,,,10809,Independent,IND,,180,9,,17,25216,0.714,,,25216,,,,
Maharashtra,2017,21-02-2017, ,0,Mumbai City,BRIHAN MUMBAI,MC,6,97,PRABHAG NO 97 ,,,SHAIKH MOHDZAHEER MOHDANWAR,,,,,,,7425,Samajwadi Party,SP,,178,10,,17,25216,0.706,,,25216,,,,
Maharashtra,2017,21-02-2017, ,0,Mumbai City,BRIHAN MUMBAI,MC,6,97,PRABHAG NO 97 ,,,RAZAK ZAFARSHAH MOHAMMADSHAFIQUE,,,,,,,16651,Bahujan Samaj Party,BSP,,145,11,,17,25216,0.575,,,25216,,,,
Maharashtra,2017,21-02-2017, ,0,Mumbai City,BRIHAN MUMBAI,MC,6,97,PRABHAG NO 97 ,,,GAMRE SUDESH LAXMAN,,,,,,,1096,bahujan republican sociolist party,BARESP,,108,12,,17,25216,0.428,,,25216,,,,
Maharashtra,2017,21-02-2017, ,0,Mumbai City,BRIHAN MUMBAI,MC,6,97,PRABHAG NO 97 ,,,SINGH AJAY LALJI,,,,,,,10809,Independent,IND,,99,13,,17,25216,0.393,,,25216,,,,
Maharashtra,2017,21-02-2017, ,0,Mumbai City,BRIHAN MUMBAI,MC,6,97,PRABHAG NO 97 ,,,THATHERA NIRMALADEVI VINDHYACHAL,,,,,,,10809,Independent,IND,,93,14,,17,25216,0.369,,,25216,,,,
Maharashtra,2017,21-02-2017, ,0,Mumbai City,BRIHAN MUMBAI,MC,6,97,PRABHAG NO 97 ,,,MANDLE SANJAY EKNATH,,,,,,,10809,Independent,IND,,47,15,,17,25216,0.186,,,25216,,,,
Maharashtra,2017,21-02-2017, ,0,Mumbai City,BRIHAN MUMBAI,MC,6,97,PRABHAG NO 97 ,,,TARI SANTOSH SHANKAR,,,,,,,1605,Indian National Congress,BJP,,45,16,,17,25216,0.178,,,25216,,,,
Maharashtra,2017,21-02-2017, ,0,Mumbai City,BRIHAN MUMBAI,MC,6,97,PRABHAG NO 97 ,,,KHAN MOHSIN JAVED,,,,,,,1875,Bharip Bahujan Mahasangh,BBM,,40,17,,17,25216,0.159,,,25216,,,,
Maharashtra,2017,21-02-2017, ,0,Mumbai City,BRIHAN MUMBAI,MC,6,97,PRABHAG NO 97 ,,,NOTA,,,,,,,u10003,,,,321,18,,17,25216,1.273,,,25216,,,,
Maharashtra,2017,21-02-2017, ,0,Mumbai City,BRIHAN MUMBAI,MC,6,98,PRABHAG NO 98 ,,,KERKAR ALKA SUBHASH,,,,,,,1605,Bhartiya Janata Party,BJP,,12581,1,,10,22571,55.74,,,22571,,,,
Maharashtra,2017,21-02-2017, ,0,Mumbai City,BRIHAN MUMBAI,MC,6,98,PRABHAG NO 98 ,,,SHISATKAR ARVIND RAMCHANDRA,,,,,,,18691,Shivsena,SHS,,4002,2,,10,22571,17.731,,,22571,,,,
Maharashtra,2017,21-02-2017, ,0,Mumbai City,BRIHAN MUMBAI,MC,6,98,PRABHAG NO 98 ,,,CHADHA HARPREETKAUR DEVENDERSINGH,,,,,,,1605,Indian National Congress,BJP,,3617,3,,10,22571,16.025,,,22571,,,,
Maharashtra,2017,21-02-2017, ,0,Mumbai City,BRIHAN MUMBAI,MC,6,98,PRABHAG NO 98 ,,,YADAV PANKAJ GOVIND,,,,,,,16651,Bahujan Samaj Party,BSP,,738,4,,10,22571,3.27,,,22571,,,,
Maharashtra,2017,21-02-2017, ,0,Mumbai City,BRIHAN MUMBAI,MC,6,98,PRABHAG NO 98 ,,,Kadam Sanjay Namdeo,,,,,,,1875,Bharip Bahujan Mahasangh,BBM,,384,5,,10,22571,1.701,,,22571,,,,
Maharashtra,2017,21-02-2017, ,0,Mumbai City,BRIHAN MUMBAI,MC,6,98,PRABHAG NO 98 ,,,MALHOTRA SURAINA NILESH,,,,,,,5792,Nationalist Congress Party,NCP,,329,6,,10,22571,1.458,,,22571,,,,
Maharashtra,2017,21-02-2017, ,0,Mumbai City,BRIHAN MUMBAI,MC,6,98,PRABHAG NO 98 ,,,JAISWAR SHYAM PYARELAL,,,,,,,10809,Independent,IND,,203,7,,10,22571,0.899,,,22571,,,,
Maharashtra,2017,21-02-2017, ,0,Mumbai City,BRIHAN MUMBAI,MC,6,98,PRABHAG NO 98 ,,,Dabhi Suresh Giga,,,,,,,10809,Independent,IND,,86,8,,10,22571,0.381,,,22571,,,,
Maharashtra,2017,21-02-2017, ,0,Mumbai City,BRIHAN MUMBAI,MC,6,98,PRABHAG NO 98 ,,,PAWAR RAJESH DHANRAJ,,,,,,,1096,bahujan republican sociolist party,BARESP,,63,9,,10,22571,0.279,,,22571,,,,
Maharashtra,2017,21-02-2017, ,0,Mumbai City,BRIHAN MUMBAI,MC,6,98,PRABHAG NO 98 ,,,DURGE JAGDISH DAGDU,,,,,,,10809,Independent,IND,,51,10,,10,22571,0.226,,,22571,,,,
Maharashtra,2017,21-02-2017, ,0,Mumbai City,BRIHAN MUMBAI,MC,6,98,PRABHAG NO 98 ,,,NOTA,,,,,,,u10003,,,,517,11,,10,22571,2.291,,,22571,,,,
Maharashtra,2017,21-02-2017, ,0,Mumbai City,BRIHAN MUMBAI,MC,6,99,PRABHAG NO 99 ,,,AGALDARE SANJAY GULABRAO,,,,,,,18691,Shivsena,SHS,,9360,1,,4,24226,38.636,,,24226,,,,
Maharashtra,2017,21-02-2017, ,0,Mumbai City,BRIHAN MUMBAI,MC,6,99,PRABHAG NO 99 ,,,BHANJI JAYENDRA GAJENDRA,,,,,,,1605,Bhartiya Janata Party,BJP,,7712,2,,4,24226,31.834,,,24226,,,,
Maharashtra,2017,21-02-2017, ,0,Mumbai City,BRIHAN MUMBAI,MC,6,99,PRABHAG NO 99 ,,,SAMBUTWAD VENKATESH NAGNATHRAO,,,,,,,1605,Indian National Congress,BJP,,6476,3,,4,24226,26.732,,,24226,,,,
Maharashtra,2017,21-02-2017, ,0,Mumbai City,BRIHAN MUMBAI,MC,6,99,PRABHAG NO 99 ,,,KILNAKE RAJENDRA SHYAMRAO,,,,,,,5792,Nationalist Congress Party,NCP,,191,4,,4,24226,0.788,,,24226,,,,
Maharashtra,2017,21-02-2017, ,0,Mumbai City,BRIHAN MUMBAI,MC,6,99,PRABHAG NO 99 ,,,NOTA,,,,,,,u10003,,,,487,5,,4,24226,2.01,,,24226,,,,
Maharashtra,2017,21-02-2017, ,0,Mumbai City,BRIHAN MUMBAI,MC,6,100,PRABHAG NO 100 ,,,MHATRE SWAPNA VIRENDRA,,,,,,,1605,Bhartiya Janata Party,BJP,,9717,1,,3,22043,44.082,,,22043,,,,
Maharashtra,2017,21-02-2017, ,0,Mumbai City,BRIHAN MUMBAI,MC,6,100,PRABHAG NO 100 ,,,DMELLO KARENCECILIA ALLEN,,,,,,,1605,Indian National Congress,BJP,,8971,2,,3,22043,40.698,,,22043,,,,
Maharashtra,2017,21-02-2017, ,0,Mumbai City,BRIHAN MUMBAI,MC,6,100,PRABHAG NO 100 ,,,FERNANDES BRINALE GEORGE,,,,,,,18691,Shivsena,SHS,,2718,3,,3,22043,12.33,,,22043,,,,
Maharashtra,2017,21-02-2017, ,0,Mumbai City,BRIHAN MUMBAI,MC,6,100,PRABHAG NO 100 ,,,NOTA,,,,,,,u10003,,,,637,4,,3,22043,2.89,,,22043,,,,
Maharashtra,2017,21-02-2017, ,0,Mumbai City,BRIHAN MUMBAI,MC,6,101,PRABHAG NO 101 ,,,ZAKARIA ASIF AHMED,,,,,,,1605,Indian National Congress,BJP,,10587,1,,9,23563,44.931,,,23563,,,,
Maharashtra,2017,21-02-2017, ,0,Mumbai City,BRIHAN MUMBAI,MC,6,101,PRABHAG NO 101 ,,,TALKER DEREYK MARK,,,,,,,1605,Bhartiya Janata Party,BJP,,6563,2,,9,23563,27.853,,,23563,,,,
Maharashtra,2017,21-02-2017, ,0,Mumbai City,BRIHAN MUMBAI,MC,6,101,PRABHAG NO 101 ,,,JADHAV SUNIL BALKRISHNA,,,,,,,18691,Shivsena,SHS,,3433,3,,9,23563,14.569,,,23563,,,,
Maharashtra,2017,21-02-2017, ,0,Mumbai City,BRIHAN MUMBAI,MC,6,101,PRABHAG NO 101 ,,,KHAN RAHEBAR SIRAJ,,,,,,,10809,Independent,IND,,844,4,,9,23563,3.582,,,23563,,,,
Maharashtra,2017,21-02-2017, ,0,Mumbai City,BRIHAN MUMBAI,MC,6,101,PRABHAG NO 101 ,,,Singh Sitara Dinesh,,,,,,,5792,Nationalist Congress Party,NCP,,595,5,,9,23563,2.525,,,23563,,,,
Maharashtra,2017,21-02-2017, ,0,Mumbai City,BRIHAN MUMBAI,MC,6,101,PRABHAG NO 101 ,,,Cardoz Shane Clifford,,,,,,,10809,Independent,IND,,575,6,,9,23563,2.44,,,23563,,,,
Maharashtra,2017,21-02-2017, ,0,Mumbai City,BRIHAN MUMBAI,MC,6,101,PRABHAG NO 101 ,,,Ghone Atul Waman,,,,,,,11633,Maharashtra Navnirman Sena,MNS,,344,7,,9,23563,1.46,,,23563,,,,
Maharashtra,2017,21-02-2017, ,0,Mumbai City,BRIHAN MUMBAI,MC,6,101,PRABHAG NO 101 ,,,dalvi sayali haresh,,,,,,,10809,Independent,IND,,83,8,,9,23563,0.352,,,23563,,,,
Maharashtra,2017,21-02-2017, ,0,Mumbai City,BRIHAN MUMBAI,MC,6,101,PRABHAG NO 101 ,,,SHAIKH TABREZ ALIJaN,,,,,,,10809,Independent,IND,,46,9,,9,23563,0.195,,,23563,,,,
Maharashtra,2017,21-02-2017, ,0,Mumbai City,BRIHAN MUMBAI,MC,6,101,PRABHAG NO 101 ,,,NOTA,,,,,,,u10003,,,,493,10,,9,23563,2.092,,,23563,,,,
Maharashtra,2017,21-02-2017, ,0,Mumbai City,BRIHAN MUMBAI,MC,6,102,PRABHAG NO 102 ,,,KHAN MUMTAZ RAHEBAR,,,,,,,10809,Independent,IND,,6617,1,,9,23107,28.636,,,23107,,,,
Maharashtra,2017,21-02-2017, ,0,Mumbai City,BRIHAN MUMBAI,MC,6,102,PRABHAG NO 102 ,,,RODRICKS KAVITA HARVEY,,,,,,,1605,Indian National Congress,BJP,,6230,2,,9,23107,26.962,,,23107,,,,
Maharashtra,2017,21-02-2017, ,0,Mumbai City,BRIHAN MUMBAI,MC,6,102,PRABHAG NO 102 ,,,DSILVA FAHMIDA CLINT,,,,,,,10809,Independent,IND,,4304,3,,9,23107,18.626,,,23107,,,,
Maharashtra,2017,21-02-2017, ,0,Mumbai City,BRIHAN MUMBAI,MC,6,102,PRABHAG NO 102 ,,,RAUT RANJANA PRASHANT,,,,,,,1605,Bhartiya Janata Party,BJP,,3863,4,,9,23107,16.718,,,23107,,,,
Maharashtra,2017,21-02-2017, ,0,Mumbai City,BRIHAN MUMBAI,MC,6,102,PRABHAG NO 102 ,,,PHONDE MANISHA SUBHASH,,,,,,,18691,Shivsena,SHS,,1466,5,,9,23107,6.344,,,23107,,,,
Maharashtra,2017,21-02-2017, ,0,Mumbai City,BRIHAN MUMBAI,MC,6,102,PRABHAG NO 102 ,,,Shaikh Reshma Faiyaz,,,,,,,5792,Nationalist Congress Party,NCP,,155,6,,9,23107,0.671,,,23107,,,,
Maharashtra,2017,21-02-2017, ,0,Mumbai City,BRIHAN MUMBAI,MC,6,102,PRABHAG NO 102 ,,,QURESHI SEEMIN ASHAD,,,,,,,7425,Samajwadi Party,SP,,94,7,,9,23107,0.407,,,23107,,,,
Maharashtra,2017,21-02-2017, ,0,Mumbai City,BRIHAN MUMBAI,MC,6,102,PRABHAG NO 102 ,,,SHAIKH ANJUM ABBASALI,,,,,,,10809,Independent,IND,,49,8,,9,23107,0.212,,,23107,,,,
Maharashtra,2017,21-02-2017, ,0,Mumbai City,BRIHAN MUMBAI,MC,6,102,PRABHAG NO 102 ,,,RAISA AKBAR KHAN,,,,,,,10809,Independent,IND,,37,9,,9,23107,0.16,,,23107,,,,
Maharashtra,2017,21-02-2017, ,0,Mumbai City,BRIHAN MUMBAI,MC,6,102,PRABHAG NO 102 ,,,NOTA,,,,,,,u10003,,,,292,10,,9,23107,1.264,,,23107,,,,
Maharashtra,2017,21-02-2017, ,0,Mumbai City,BRIHAN MUMBAI,MC,6,103,PRABHAG NO 103 ,,,KOTAK MANOJ KISHORBHAI,,,,,,,1605,Bhartiya Janata Party,BJP,,14063,1,,15,26904,52.271,,,26904,,,,
Maharashtra,2017,21-02-2017, ,0,Mumbai City,BRIHAN MUMBAI,MC,6,103,PRABHAG NO 103 ,,,SANSARE GOPINATH SHRIKANT,,,,,,,18691,Shivsena,SHS,,6426,2,,15,26904,23.885,,,26904,,,,
Maharashtra,2017,21-02-2017, ,0,Mumbai City,BRIHAN MUMBAI,MC,6,103,PRABHAG NO 103 ,,,SINGH RAJENDRAPRASAD RAMCHARITRA,,,,,,,1605,Indian National Congress,BJP,,3332,3,,15,26904,12.385,,,26904,,,,
Maharashtra,2017,21-02-2017, ,0,Mumbai City,BRIHAN MUMBAI,MC,6,103,PRABHAG NO 103 ,,,PAWAR MANGESH BAPU,,,,,,,5792,Nationalist Congress Party,NCP,,781,4,,15,26904,2.903,,,26904,,,,
Maharashtra,2017,21-02-2017, ,0,Mumbai City,BRIHAN MUMBAI,MC,6,103,PRABHAG NO 103 ,,,PATIL NILESH VASANTRAO,,,,,,,11633,Maharashtra Navnirman Sena,MNS,,653,5,,15,26904,2.427,,,26904,,,,
Maharashtra,2017,21-02-2017, ,0,Mumbai City,BRIHAN MUMBAI,MC,6,103,PRABHAG NO 103 ,,,Thawani Rakesh Kishan,,,,,,,10809,Independent,IND,,552,6,,15,26904,2.052,,,26904,,,,
Maharashtra,2017,21-02-2017, ,0,Mumbai City,BRIHAN MUMBAI,MC,6,103,PRABHAG NO 103 ,,,NARULA ARUNA RAMANBHAI,,,,,,,16651,Bahujan Samaj Party,BSP,,155,7,,15,26904,0.576,,,26904,,,,
Maharashtra,2017,21-02-2017, ,0,Mumbai City,BRIHAN MUMBAI,MC,6,103,PRABHAG NO 103 ,,,joshi keshav madhukar,,,,,,,1875,Bharip Bahujan Mahasangh,BBM,,122,8,,15,26904,0.453,,,26904,,,,
Maharashtra,2017,21-02-2017, ,0,Mumbai City,BRIHAN MUMBAI,MC,6,103,PRABHAG NO 103 ,,,YADAV SUBHASHCHANDRA SHILVANTPRASAD,,,,,,,7425,Samajwadi Party,SP,,122,9,,15,26904,0.453,,,26904,,,,
Maharashtra,2017,21-02-2017, ,0,Mumbai City,BRIHAN MUMBAI,MC,6,103,PRABHAG NO 103 ,,,JAGTAP MANOHAR SUNDAR,,,,,,,10809,Independent,IND,,113,10,,15,26904,0.42,,,26904,,,,
Maharashtra,2017,21-02-2017, ,0,Mumbai City,BRIHAN MUMBAI,MC,6,103,PRABHAG NO 103 ,,,MANIAR NITIN LALITKUMAR,,,,,,,10809,Independent,IND,,74,11,,15,26904,0.275,,,26904,,,,
Maharashtra,2017,21-02-2017, ,0,Mumbai City,BRIHAN MUMBAI,MC,6,103,PRABHAG NO 103 ,,,Shinde Santosh Bandu,,,,,,,10809,Independent,IND,,72,12,,15,26904,0.268,,,26904,,,,
Maharashtra,2017,21-02-2017, ,0,Mumbai City,BRIHAN MUMBAI,MC,6,103,PRABHAG NO 103 ,,,PAWAR SALU YADAV,,,,,,,10809,Independent,IND,,63,13,,15,26904,0.234,,,26904,,,,
Maharashtra,2017,21-02-2017, ,0,Mumbai City,BRIHAN MUMBAI,MC,6,103,PRABHAG NO 103 ,,,KANGANE KARBHARI VITHOBA,,,,,,,10809,Independent,IND,,54,14,,15,26904,0.201,,,26904,,,,
Maharashtra,2017,21-02-2017, ,0,Mumbai City,BRIHAN MUMBAI,MC,6,103,PRABHAG NO 103 ,,,Gupta Rajesh Purushottam,,,,,,,5029,Lok Janshakti Party,LJP,,39,15,,15,26904,0.145,,,26904,,,,
Maharashtra,2017,21-02-2017, ,0,Mumbai City,BRIHAN MUMBAI,MC,6,103,PRABHAG NO 103 ,,,NOTA,,,,,,,u10003,,,,283,16,,15,26904,1.052,,,26904,,,,
Maharashtra,2017,21-02-2017, ,0,Mumbai City,BRIHAN MUMBAI,MC,6,104,PRABHAG NO 104 ,,,GANGADHARE PRAKASH KASHINATH,,,,,,,1605,Bhartiya Janata Party,BJP,,12546,1,,7,30167,41.588,,,30167,,,,
Maharashtra,2017,21-02-2017, ,0,Mumbai City,BRIHAN MUMBAI,MC,6,104,PRABHAG NO 104 ,,,Gite Uttam Ramnath,,,,,,,1605,Indian National Congress,BJP,,5550,2,,7,30167,18.398,,,30167,,,,
Maharashtra,2017,21-02-2017, ,0,Mumbai City,BRIHAN MUMBAI,MC,6,104,PRABHAG NO 104 ,,,PATIL MEENAKSHI SURESH,,,,,,,5792,Nationalist Congress Party,NCP,,5294,3,,7,30167,17.549,,,30167,,,,
Maharashtra,2017,21-02-2017, ,0,Mumbai City,BRIHAN MUMBAI,MC,6,104,PRABHAG NO 104 ,,,DEWADE ROHIDAS NAMDEO,,,,,,,18691,Shivsena,SHS,,3705,4,,7,30167,12.282,,,30167,,,,
Maharashtra,2017,21-02-2017, ,0,Mumbai City,BRIHAN MUMBAI,MC,6,104,PRABHAG NO 104 ,,,GUNJAL NAVITA SHIVRAM,,,,,,,11633,Maharashtra Navnirman Sena,MNS,,1328,5,,7,30167,4.402,,,30167,,,,
Maharashtra,2017,21-02-2017, ,0,Mumbai City,BRIHAN MUMBAI,MC,6,104,PRABHAG NO 104 ,,,Barve Shubhangi Shyam,,,,,,,16651,Bahujan Samaj Party,BSP,,777,6,,7,30167,2.576,,,30167,,,,
Maharashtra,2017,21-02-2017, ,0,Mumbai City,BRIHAN MUMBAI,MC,6,104,PRABHAG NO 104 ,,,THORAT AVINASH SUBRAV,,,,,,,1875,Bharip Bahujan Mahasangh,BBM,,313,7,,7,30167,1.038,,,30167,,,,
Maharashtra,2017,21-02-2017, ,0,Mumbai City,BRIHAN MUMBAI,MC,6,104,PRABHAG NO 104 ,,,NOTA,,,,,,,u10003,,,,654,8,,7,30167,2.168,,,30167,,,,
Maharashtra,2017,21-02-2017, ,0,Mumbai City,BRIHAN MUMBAI,MC,6,105,PRABHAG NO 105 ,,,KENI RAJANI NARESH,,,,,,,1605,Bhartiya Janata Party,BJP,,9866,1,,12,26586,37.11,,,26586,,,,
Maharashtra,2017,21-02-2017, ,0,Mumbai City,BRIHAN MUMBAI,MC,6,105,PRABHAG NO 105 ,,,TONDWALKAR RASIKA RAM,,,,,,,18691,Shivsena,SHS,,8385,2,,12,26586,31.539,,,26586,,,,
Maharashtra,2017,21-02-2017, ,0,Mumbai City,BRIHAN MUMBAI,MC,6,105,PRABHAG NO 105 ,,,Pathak Sujata Rajesh,,,,,,,11633,Maharashtra Navnirman Sena,MNS,,3376,3,,12,26586,12.698,,,26586,,,,
Maharashtra,2017,21-02-2017, ,0,Mumbai City,BRIHAN MUMBAI,MC,6,105,PRABHAG NO 105 ,,,VAITY BHAVESHRI JAYESH,,,,,,,5792,Nationalist Congress Party,NCP,,1814,4,,12,26586,6.823,,,26586,,,,
Maharashtra,2017,21-02-2017, ,0,Mumbai City,BRIHAN MUMBAI,MC,6,105,PRABHAG NO 105 ,,,PATIL MALTI DIGAMBAR,,,,,,,1605,Indian National Congress,BJP,,1482,5,,12,26586,5.574,,,26586,,,,
Maharashtra,2017,21-02-2017, ,0,Mumbai City,BRIHAN MUMBAI,MC,6,105,PRABHAG NO 105 ,,,KADAM DHANISHTA ARUN,,,,,,,8690,Akhil Bharatiya Sena,ABHS,,213,6,,12,26586,0.801,,,26586,,,,
Maharashtra,2017,21-02-2017, ,0,Mumbai City,BRIHAN MUMBAI,MC,6,105,PRABHAG NO 105 ,,,Vaity Karuna Sanjay,,,,,,,u10008,Bhartiya Shetkari Kamgar Paksh,,,192,7,,12,26586,0.722,,,26586,,,,
Maharashtra,2017,21-02-2017, ,0,Mumbai City,BRIHAN MUMBAI,MC,6,105,PRABHAG NO 105 ,,,JADHAV ANITA ALANKAR,,,,,,,12285,Republican Party of India (A),RPI(A),,131,8,,12,26586,0.493,,,26586,,,,
Maharashtra,2017,21-02-2017, ,0,Mumbai City,BRIHAN MUMBAI,MC,6,105,PRABHAG NO 105 ,,,VAITI PRAJAKTI VINOD,,,,,,,24549,Sambhaji Brigade,SBBGP,,108,9,,12,26586,0.406,,,26586,,,,
Maharashtra,2017,21-02-2017, ,0,Mumbai City,BRIHAN MUMBAI,MC,6,105,PRABHAG NO 105 ,,,GAJARE CHANDRALEKHA RAJHANS,,,,,,,16651,Bahujan Samaj Party,BSP,,98,10,,12,26586,0.369,,,26586,,,,
Maharashtra,2017,21-02-2017, ,0,Mumbai City,BRIHAN MUMBAI,MC,6,105,PRABHAG NO 105 ,,,PAWAR VIJAYA RAMESH,,,,,,,10809,Independent,IND,,84,11,,12,26586,0.316,,,26586,,,,
Maharashtra,2017,21-02-2017, ,0,Mumbai City,BRIHAN MUMBAI,MC,6,105,PRABHAG NO 105 ,,,RAUT MANISHA ASHOK,,,,,,,16651,Bahujan Samaj Party,BSP,,27,12,,12,26586,0.102,,,26586,,,,
Maharashtra,2017,21-02-2017, ,0,Mumbai City,BRIHAN MUMBAI,MC,6,105,PRABHAG NO 105 ,,,NOTA,,,,,,,u10003,,,,810,13,,12,26586,3.047,,,26586,,,,
Maharashtra,2017,21-02-2017, ,0,Mumbai City,BRIHAN MUMBAI,MC,6,106,PRABHAG NO 106 ,,,SHINDE PRABHAKAR TUKARAM,,,,,,,1605,Bhartiya Janata Party,BJP,,6818,1,,18,23878,28.553,,,23878,,,,
Maharashtra,2017,21-02-2017, ,0,Mumbai City,BRIHAN MUMBAI,MC,6,106,PRABHAG NO 106 ,,,KADAM ABHIJEET MADHUKAR,,,,,,,18691,Shivsena,SHS,,4841,2,,18,23878,20.274,,,23878,,,,
Maharashtra,2017,21-02-2017, ,0,Mumbai City,BRIHAN MUMBAI,MC,6,106,PRABHAG NO 106 ,,,DALVI SATYAWAN GANPAT,,,,,,,11633,Maharashtra Navnirman Sena,MNS,,3142,3,,18,23878,13.159,,,23878,,,,
Maharashtra,2017,21-02-2017, ,0,Mumbai City,BRIHAN MUMBAI,MC,6,106,PRABHAG NO 106 ,,,VAITY NANDKUMAR ATMARAM,,,,,,,5792,Nationalist Congress Party,NCP,,3073,4,,18,23878,12.87,,,23878,,,,
Maharashtra,2017,21-02-2017, ,0,Mumbai City,BRIHAN MUMBAI,MC,6,106,PRABHAG NO 106 ,,,SALVI RAJENDRA CHINTAMAN,,,,,,,1605,Indian National Congress,BJP,,3071,5,,18,23878,12.861,,,23878,,,,
Maharashtra,2017,21-02-2017, ,0,Mumbai City,BRIHAN MUMBAI,MC,6,106,PRABHAG NO 106 ,,,NAIK SAKHARAM BHASKAR,,,,,,,10809,Independent,IND,,932,6,,18,23878,3.903,,,23878,,,,
Maharashtra,2017,21-02-2017, ,0,Mumbai City,BRIHAN MUMBAI,MC,6,106,PRABHAG NO 106 ,,,OVHAL ASHOK DADARAO,,,,,,,16651,Bahujan Samaj Party,BSP,,396,7,,18,23878,1.658,,,23878,,,,
Maharashtra,2017,21-02-2017, ,0,Mumbai City,BRIHAN MUMBAI,MC,6,106,PRABHAG NO 106 ,,,KARNIK SULESH SHASHIKUMAR,,,,,,,10809,Independent,IND,,326,8,,18,23878,1.365,,,23878,,,,
Maharashtra,2017,21-02-2017, ,0,Mumbai City,BRIHAN MUMBAI,MC,6,106,PRABHAG NO 106 ,,,Kurup Ramesh Eranna,,,,,,,10809,Independent,IND,,206,9,,18,23878,0.863,,,23878,,,,
Maharashtra,2017,21-02-2017, ,0,Mumbai City,BRIHAN MUMBAI,MC,6,106,PRABHAG NO 106 ,,,Yadav Prakash Harishchandra,,,,,,,10809,Independent,IND,,156,10,,18,23878,0.653,,,23878,,,,
Maharashtra,2017,21-02-2017, ,0,Mumbai City,BRIHAN MUMBAI,MC,6,106,PRABHAG NO 106 ,,,Chittiyala Harikrishna Yallaya,,,,,,,10809,Independent,IND,,90,11,,18,23878,0.377,,,23878,,,,
Maharashtra,2017,21-02-2017, ,0,Mumbai City,BRIHAN MUMBAI,MC,6,106,PRABHAG NO 106 ,,,BOBADE MANISHA SADASHIV,,,,,,,1875,Bharip Bahujan Mahasangh,BBM,,70,12,,18,23878,0.293,,,23878,,,,
Maharashtra,2017,21-02-2017, ,0,Mumbai City,BRIHAN MUMBAI,MC,6,106,PRABHAG NO 106 ,,,HANDE SAKHARAM BALU,,,,,,,10809,Independent,IND,,70,13,,18,23878,0.293,,,23878,,,,
Maharashtra,2017,21-02-2017, ,0,Mumbai City,BRIHAN MUMBAI,MC,6,106,PRABHAG NO 106 ,,,Dangle Suhas Prakash,,,,,,,10809,Independent,IND,,68,14,,18,23878,0.285,,,23878,,,,
Maharashtra,2017,21-02-2017, ,0,Mumbai City,BRIHAN MUMBAI,MC,6,106,PRABHAG NO 106 ,,,HILE NITIN MADHUKAR,,,,,,,8690,Akhil Bharatiya Sena,ABHS,,54,15,,18,23878,0.226,,,23878,,,,
Maharashtra,2017,21-02-2017, ,0,Mumbai City,BRIHAN MUMBAI,MC,6,106,PRABHAG NO 106 ,,,KONDE GANESH BALU,,,,,,,10809,Independent,IND,,54,16,,18,23878,0.226,,,23878,,,,
Maharashtra,2017,21-02-2017, ,0,Mumbai City,BRIHAN MUMBAI,MC,6,106,PRABHAG NO 106 ,,,parab chandrakant dattaram,,,,,,,10809,Independent,IND,,51,17,,18,23878,0.214,,,23878,,,,
Maharashtra,2017,21-02-2017, ,0,Mumbai City,BRIHAN MUMBAI,MC,6,106,PRABHAG NO 106 ,,,Shinde Vilas Raghunath,,,,,,,u10008,Bhartiya Shetkari Kamgar Paksh,,,23,18,,18,23878,0.096,,,23878,,,,
Maharashtra,2017,21-02-2017, ,0,Mumbai City,BRIHAN MUMBAI,MC,6,106,PRABHAG NO 106 ,,,NOTA,,,,,,,u10003,,,,437,19,,18,23878,1.83,,,23878,,,,
Maharashtra,2017,21-02-2017, ,0,Mumbai City,BRIHAN MUMBAI,MC,6,107,PRABHAG NO 107 ,,,KAMBLE SAMITA VINOD,,,,,,,1605,Bhartiya Janata Party,BJP,,10505,1,,10,28921,36.323,,,28921,,,,
Maharashtra,2017,21-02-2017, ,0,Mumbai City,BRIHAN MUMBAI,MC,6,107,PRABHAG NO 107 ,,,SHETTY MALATHI JAGDISH,,,,,,,18691,Shivsena,SHS,,5518,2,,10,28921,19.08,,,28921,,,,
Maharashtra,2017,21-02-2017, ,0,Mumbai City,BRIHAN MUMBAI,MC,6,107,PRABHAG NO 107 ,,,SHAH VAISHALI VIRAL,,,,,,,10809,Independent,IND,,4705,3,,10,28921,16.268,,,28921,,,,
Maharashtra,2017,21-02-2017, ,0,Mumbai City,BRIHAN MUMBAI,MC,6,107,PRABHAG NO 107 ,,,Mirekar Madhuri Satish,,,,,,,1605,Indian National Congress,BJP,,3785,4,,10,28921,13.087,,,28921,,,,
Maharashtra,2017,21-02-2017, ,0,Mumbai City,BRIHAN MUMBAI,MC,6,107,PRABHAG NO 107 ,,,Chavan Harshala Rajesh,,,,,,,11633,Maharashtra Navnirman Sena,MNS,,2327,5,,10,28921,8.046,,,28921,,,,
Maharashtra,2017,21-02-2017, ,0,Mumbai City,BRIHAN MUMBAI,MC,6,107,PRABHAG NO 107 ,,,SUBHEDAR RUPALI PANKAJ,,,,,,,5792,Nationalist Congress Party,NCP,,984,6,,10,28921,3.402,,,28921,,,,
Maharashtra,2017,21-02-2017, ,0,Mumbai City,BRIHAN MUMBAI,MC,6,107,PRABHAG NO 107 ,,,DHIVAR KALPANA KISHOR,,,,,,,16651,Bahujan Samaj Party,BSP,,218,7,,10,28921,0.754,,,28921,,,,
Maharashtra,2017,21-02-2017, ,0,Mumbai City,BRIHAN MUMBAI,MC,6,107,PRABHAG NO 107 ,,,PASHTE RENUKA KAILASH,,,,,,,10809,Independent,IND,,87,8,,10,28921,0.301,,,28921,,,,
Maharashtra,2017,21-02-2017, ,0,Mumbai City,BRIHAN MUMBAI,MC,6,107,PRABHAG NO 107 ,,,Salve Sanjana Ashok,,,,,,,10809,Independent,IND,,83,9,,10,28921,0.287,,,28921,,,,
Maharashtra,2017,21-02-2017, ,0,Mumbai City,BRIHAN MUMBAI,MC,6,107,PRABHAG NO 107 ,,,SOLANKI GITA JAGDISH,,,,,,,12285,Republican Party of India (A),RPI(A),,80,10,,10,28921,0.277,,,28921,,,,
Maharashtra,2017,21-02-2017, ,0,Mumbai City,BRIHAN MUMBAI,MC,6,107,PRABHAG NO 107 ,,,NOTA,,,,,,,u10003,,,,629,11,,10,28921,2.175,,,28921,,,,
Maharashtra,2017,21-02-2017, ,0,Mumbai City,BRIHAN MUMBAI,MC,6,108,PRABHAG NO 108 ,,,Somaiya Neil Kirit,,,,,,,1605,Bhartiya Janata Party,BJP,,9586,1,,21,27271,35.151,,,27271,,,,
Maharashtra,2017,21-02-2017, ,0,Mumbai City,BRIHAN MUMBAI,MC,6,108,PRABHAG NO 108 ,,,Karia Mukesh Ghelabhai,,,,,,,18691,Shivsena,SHS,,5516,2,,21,27271,20.227,,,27271,,,,
Maharashtra,2017,21-02-2017, ,0,Mumbai City,BRIHAN MUMBAI,MC,6,108,PRABHAG NO 108 ,,,Tiwari Balkrishna Ramnarayan,,,,,,,1605,Indian National Congress,BJP,,5013,3,,21,27271,18.382,,,27271,,,,
Maharashtra,2017,21-02-2017, ,0,Mumbai City,BRIHAN MUMBAI,MC,6,108,PRABHAG NO 108 ,,,DESHMUKH RAJENDRA DATTATRAY,,,,,,,11633,Maharashtra Navnirman Sena,MNS,,3356,4,,21,27271,12.306,,,27271,,,,
Maharashtra,2017,21-02-2017, ,0,Mumbai City,BRIHAN MUMBAI,MC,6,108,PRABHAG NO 108 ,,,Gawai Vijay Pandhari,,,,,,,5792,Nationalist Congress Party,NCP,,806,5,,21,27271,2.956,,,27271,,,,
Maharashtra,2017,21-02-2017, ,0,Mumbai City,BRIHAN MUMBAI,MC,6,108,PRABHAG NO 108 ,,,PATIL RAJENDRA JAYRAM,,,,,,,1605,Indian National Congress,BJP,,385,6,,21,27271,1.412,,,27271,,,,
Maharashtra,2017,21-02-2017, ,0,Mumbai City,BRIHAN MUMBAI,MC,6,108,PRABHAG NO 108 ,,,DESHPANDE SANJAY SAOJI,,,,,,,16651,Bahujan Samaj Party,BSP,,291,7,,21,27271,1.067,,,27271,,,,
Maharashtra,2017,21-02-2017, ,0,Mumbai City,BRIHAN MUMBAI,MC,6,108,PRABHAG NO 108 ,,,Rajbhar Pramod Loknath,,,,,,,1875,Bharip Bahujan Mahasangh,BBM,,207,8,,21,27271,0.759,,,27271,,,,
Maharashtra,2017,21-02-2017, ,0,Mumbai City,BRIHAN MUMBAI,MC,6,108,PRABHAG NO 108 ,,,GHADGE ARUNA PRADIP,,,,,,,10809,Independent,IND,,196,9,,21,27271,0.719,,,27271,,,,
Maharashtra,2017,21-02-2017, ,0,Mumbai City,BRIHAN MUMBAI,MC,6,108,PRABHAG NO 108 ,,,THAKKAR VINOD PATHAI,,,,,,,10809,Independent,IND,,188,10,,21,27271,0.689,,,27271,,,,
Maharashtra,2017,21-02-2017, ,0,Mumbai City,BRIHAN MUMBAI,MC,6,108,PRABHAG NO 108 ,,,ARYA AMIT VISHWANATH,,,,,,,10809,Independent,IND,,152,11,,21,27271,0.557,,,27271,,,,
Maharashtra,2017,21-02-2017, ,0,Mumbai City,BRIHAN MUMBAI,MC,6,108,PRABHAG NO 108 ,,,CHHATWANI PRATAP VASHUMAL,,,,,,,10809,Independent,IND,,135,12,,21,27271,0.495,,,27271,,,,
Maharashtra,2017,21-02-2017, ,0,Mumbai City,BRIHAN MUMBAI,MC,6,108,PRABHAG NO 108 ,,,KARAYIL BABURAJ ITTY,,,,,,,u10015,Swabhimani Republican Party,,,125,13,,21,27271,0.458,,,27271,,,,
Maharashtra,2017,21-02-2017, ,0,Mumbai City,BRIHAN MUMBAI,MC,6,108,PRABHAG NO 108 ,,,SINGH FAUJDAR MAHANGU,,,,,,,10809,Independent,IND,,114,14,,21,27271,0.418,,,27271,,,,
Maharashtra,2017,21-02-2017, ,0,Mumbai City,BRIHAN MUMBAI,MC,6,108,PRABHAG NO 108 ,,,Jadhav Ramdhan Maruti,,,,,,,10809,Independent,IND,,110,15,,21,27271,0.403,,,27271,,,,
Maharashtra,2017,21-02-2017, ,0,Mumbai City,BRIHAN MUMBAI,MC,6,108,PRABHAG NO 108 ,,,Bhaskar Ramkewal Ramtirath,,,,,,,10809,Independent,IND,,85,16,,21,27271,0.312,,,27271,,,,
Maharashtra,2017,21-02-2017, ,0,Mumbai City,BRIHAN MUMBAI,MC,6,108,PRABHAG NO 108 ,,,Sonawane Praveen Shankar,,,,,,,10809,Independent,IND,,80,17,,21,27271,0.293,,,27271,,,,
Maharashtra,2017,21-02-2017, ,0,Mumbai City,BRIHAN MUMBAI,MC,6,108,PRABHAG NO 108 ,,,Dadwal DilbaghSingh SukhdevSingh,,,,,,,5029,Lok Janshakti Party,LJP,,76,18,,21,27271,0.279,,,27271,,,,
Maharashtra,2017,21-02-2017, ,0,Mumbai City,BRIHAN MUMBAI,MC,6,108,PRABHAG NO 108 ,,,KAMBLE PRABHAKAR DYNANOBA,,,,,,,12285,Republican Party of India (A),RPI(A),,72,19,,21,27271,0.264,,,27271,,,,
Maharashtra,2017,21-02-2017, ,0,Mumbai City,BRIHAN MUMBAI,MC,6,108,PRABHAG NO 108 ,,,Gemavat Goutam Mohanraj,,,,,,,10809,Independent,IND,,66,20,,21,27271,0.242,,,27271,,,,
Maharashtra,2017,21-02-2017, ,0,Mumbai City,BRIHAN MUMBAI,MC,6,108,PRABHAG NO 108 ,,,KADAM MARUTI MANSING,,,,,,,10809,Independent,IND,,64,21,,21,27271,0.235,,,27271,,,,
Maharashtra,2017,21-02-2017, ,0,Mumbai City,BRIHAN MUMBAI,MC,6,108,PRABHAG NO 108 ,,,NOTA,,,,,,,u10003,,,,648,22,,21,27271,2.376,,,27271,,,,
Maharashtra,2017,21-02-2017, ,0,Mumbai City,BRIHAN MUMBAI,MC,6,109,PRABHAG NO 109 ,,,Gosavi Deepali Deepak,,,,,,,18691,Shivsena,SHS,,8707,1,,8,20649,42.167,,,20649,,,,
Maharashtra,2017,21-02-2017, ,0,Mumbai City,BRIHAN MUMBAI,MC,6,109,PRABHAG NO 109 ,,,jadhav rajani shridhar,,जाधव रजनी श्रीधर,,,,,10809,Independent,IND,,3919,2,,8,20649,18.979,,,20649,,,,
Maharashtra,2017,21-02-2017, ,0,Mumbai City,BRIHAN MUMBAI,MC,6,109,PRABHAG NO 109 ,,,SHARMA VIDHA HARISHANKAR,,,,,,,1605,Bhartiya Janata Party,BJP,,2929,3,,8,20649,14.185,,,20649,,,,
Maharashtra,2017,21-02-2017, ,0,Mumbai City,BRIHAN MUMBAI,MC,6,109,PRABHAG NO 109 ,,,BHARATI ANANDI HANUMANT,,,,,,,11633,Maharashtra Navnirman Sena,MNS,,2025,4,,8,20649,9.807,,,20649,,,,
Maharashtra,2017,21-02-2017, ,0,Mumbai City,BRIHAN MUMBAI,MC,6,109,PRABHAG NO 109 ,,,Pandey Priya Anil,,,,,,,1605,Indian National Congress,BJP,,1615,5,,8,20649,7.821,,,20649,,,,
Maharashtra,2017,21-02-2017, ,0,Mumbai City,BRIHAN MUMBAI,MC,6,109,PRABHAG NO 109 ,,,Rajeshirke Savita Pratap,,,,,,,5792,Nationalist Congress Party,NCP,,774,6,,8,20649,3.748,,,20649,,,,
Maharashtra,2017,21-02-2017, ,0,Mumbai City,BRIHAN MUMBAI,MC,6,109,PRABHAG NO 109 ,,,KHAN KHALIDA MOHAMMADIQBAL,,,,,,,10809,Independent,IND,,328,7,,8,20649,1.588,,,20649,,,,
Maharashtra,2017,21-02-2017, ,0,Mumbai City,BRIHAN MUMBAI,MC,6,109,PRABHAG NO 109 ,,,Mandvilkar Rajashree Rajendra,,,,,,,18691,Shivsena,SHS,,42,8,,8,20649,0.203,,,20649,,,,
Maharashtra,2017,21-02-2017, ,0,Mumbai City,BRIHAN MUMBAI,MC,6,109,PRABHAG NO 109 ,,,NOTA,,,,,,,u10003,,,,310,9,,8,20649,1.501,,,20649,,,,
Maharashtra,2017,21-02-2017, ,0,Mumbai City,BRIHAN MUMBAI,MC,6,110,PRABHAG NO 110 ,,,KOPARKAR ASHA SURESH,,,,,,,1605,Indian National Congress,BJP,,5174,1,,10,20116,25.721,,,20116,,,,
Maharashtra,2017,21-02-2017, ,0,Mumbai City,BRIHAN MUMBAI,MC,6,110,PRABHAG NO 110 ,,,Tripathi Sandhya Suraj,,,,,,,1605,Bhartiya Janata Party,BJP,,4696,2,,10,20116,23.345,,,20116,,,,
Maharashtra,2017,21-02-2017, ,0,Mumbai City,BRIHAN MUMBAI,MC,6,110,PRABHAG NO 110 ,,,CHIRATH HARINAKSHI MOHAN,,,,,,,11633,Maharashtra Navnirman Sena,MNS,,3752,3,,10,20116,18.652,,,20116,,,,
Maharashtra,2017,21-02-2017, ,0,Mumbai City,BRIHAN MUMBAI,MC,6,110,PRABHAG NO 110 ,,,Patil Sangeeta Gopinath,,,,,,,18691,Shivsena,SHS,,3340,4,,10,20116,16.604,,,20116,,,,
Maharashtra,2017,21-02-2017, ,0,Mumbai City,BRIHAN MUMBAI,MC,6,110,PRABHAG NO 110 ,,,SINGH SUSHILA DHURANDHAR,,,,,,,14635,Communist Party Of India (Marxist),CPM,,1085,5,,10,20116,5.394,,,20116,,,,
Maharashtra,2017,21-02-2017, ,0,Mumbai City,BRIHAN MUMBAI,MC,6,110,PRABHAG NO 110 ,,,Shaikh FarheenBegum NasirAli,,,,,,,5792,Nationalist Congress Party,NCP,,987,6,,10,20116,4.907,,,20116,,,,
Maharashtra,2017,21-02-2017, ,0,Mumbai City,BRIHAN MUMBAI,MC,6,110,PRABHAG NO 110 ,,,shaikh hafizabano mohamoodhasan,,,,,,,16651,Bahujan Samaj Party,BSP,,322,7,,10,20116,1.601,,,20116,,,,
Maharashtra,2017,21-02-2017, ,0,Mumbai City,BRIHAN MUMBAI,MC,6,110,PRABHAG NO 110 ,,,UMALE SUJATA SANJAY,,,,,,,1875,Bharip Bahujan Mahasangh,BBM,,312,8,,10,20116,1.551,,,20116,,,,
Maharashtra,2017,21-02-2017, ,0,Mumbai City,BRIHAN MUMBAI,MC,6,110,PRABHAG NO 110 ,,,MISHRA DURGESHNANDINI ARVIND,,,,,,,10809,Independent,IND,,114,9,,10,20116,0.567,,,20116,,,,
Maharashtra,2017,21-02-2017, ,0,Mumbai City,BRIHAN MUMBAI,MC,6,110,PRABHAG NO 110 ,,,Sayyed Nasima Azim,,,,,,,10809,Independent,IND,,47,10,,10,20116,0.234,,,20116,,,,
Maharashtra,2017,21-02-2017, ,0,Mumbai City,BRIHAN MUMBAI,MC,6,110,PRABHAG NO 110 ,,,NOTA,,,,,,,u10003,,,,287,11,,10,20116,1.427,,,20116,,,,
Maharashtra,2017,21-02-2017, ,0,Mumbai City,BRIHAN MUMBAI,MC,6,111,PRABHAG NO 111 ,,,Pawar Sarika Mangesh,,,,,,,1605,Bhartiya Janata Party,BJP,,7646,1,,7,26300,29.072,,,26300,,,,
Maharashtra,2017,21-02-2017, ,0,Mumbai City,BRIHAN MUMBAI,MC,6,111,PRABHAG NO 111 ,,,PISAL BHARTI DHANANJAY,,,,,,,5792,Nationalist Congress Party,NCP,,6577,2,,7,26300,25.008,,,26300,,,,
Maharashtra,2017,21-02-2017, ,0,Mumbai City,BRIHAN MUMBAI,MC,6,111,PRABHAG NO 111 ,,,TUPE SANJIVANI VISHWAS,,,,,,,18691,Shivsena,SHS,,6443,3,,7,26300,24.498,,,26300,,,,
Maharashtra,2017,21-02-2017, ,0,Mumbai City,BRIHAN MUMBAI,MC,6,111,PRABHAG NO 111 ,,,CHAVAN MANISHA MANOJ,,,,,,,11633,Maharashtra Navnirman Sena,MNS,,2954,4,,7,26300,11.232,,,26300,,,,
Maharashtra,2017,21-02-2017, ,0,Mumbai City,BRIHAN MUMBAI,MC,6,111,PRABHAG NO 111 ,,,PATEKAR KANTA SHALIRAM,,,,,,,1605,Indian National Congress,BJP,,959,5,,7,26300,3.646,,,26300,,,,
Maharashtra,2017,21-02-2017, ,0,Mumbai City,BRIHAN MUMBAI,MC,6,111,PRABHAG NO 111 ,,,NIKAM SHEETAL MANOHAR,,,,,,,16651,Bahujan Samaj Party,BSP,,897,6,,7,26300,3.411,,,26300,,,,
Maharashtra,2017,21-02-2017, ,0,Mumbai City,BRIHAN MUMBAI,MC,6,111,PRABHAG NO 111 ,,,GANGAWANE VAISHALI PRASHANT,,,,,,,1875,Bharip Bahujan Mahasangh,BBM,,303,7,,7,26300,1.152,,,26300,,,,
Maharashtra,2017,21-02-2017, ,0,Mumbai City,BRIHAN MUMBAI,MC,6,111,PRABHAG NO 111 ,,,NOTA,,,,,,,u10003,,,,521,8,,7,26300,1.981,,,26300,,,,
Maharashtra,2017,21-02-2017, ,0,Mumbai City,BRIHAN MUMBAI,MC,6,112,PRABHAG NO 112 ,,,Dalvi Sakshi Deepak,,,,,,,1605,Bhartiya Janata Party,BJP,,7691,1,,7,20855,36.878,,,20855,,,,
Maharashtra,2017,21-02-2017, ,0,Mumbai City,BRIHAN MUMBAI,MC,6,112,PRABHAG NO 112 ,,,Patil Jayshree Jaywant,,,,,,,18691,Shivsena,SHS,,5845,2,,7,20855,28.027,,,20855,,,,
Maharashtra,2017,21-02-2017, ,0,Mumbai City,BRIHAN MUMBAI,MC,6,112,PRABHAG NO 112 ,,,MOKAL RUCHIRA RAJENDRA,,,,,,,5792,Nationalist Congress Party,NCP,,2970,3,,7,20855,14.241,,,20855,,,,
Maharashtra,2017,21-02-2017, ,0,Mumbai City,BRIHAN MUMBAI,MC,6,112,PRABHAG NO 112 ,,,VICHARE ABOLI BIPINDRA,,,,,,,1605,Indian National Congress,BJP,,2122,4,,7,20855,10.175,,,20855,,,,
Maharashtra,2017,21-02-2017, ,0,Mumbai City,BRIHAN MUMBAI,MC,6,112,PRABHAG NO 112 ,,,Dhurat Supriya Sujay,,,,,,,11633,Maharashtra Navnirman Sena,MNS,,1492,5,,7,20855,7.154,,,20855,,,,
Maharashtra,2017,21-02-2017, ,0,Mumbai City,BRIHAN MUMBAI,MC,6,112,PRABHAG NO 112 ,,,SHAIKH RASHIDA GULAB,,,,,,,10809,Independent,IND,,129,6,,7,20855,0.619,,,20855,,,,
Maharashtra,2017,21-02-2017, ,0,Mumbai City,BRIHAN MUMBAI,MC,6,112,PRABHAG NO 112 ,,,SHINDE VIDYA MANOHAR,,,,,,,24549,Sambhaji Brigade,SBBGP,,88,7,,7,20855,0.422,,,20855,,,,
Maharashtra,2017,21-02-2017, ,0,Mumbai City,BRIHAN MUMBAI,MC,6,112,PRABHAG NO 112 ,,,NOTA,,,,,,,u10003,,,,518,8,,7,20855,2.484,,,20855,,,,
Maharashtra,2017,21-02-2017, ,0,Mumbai City,BRIHAN MUMBAI,MC,6,113,PRABHAG NO 113 ,,,Badhe Deepmala Baban,,,,,,,18691,Shivsena,SHS,,8361,1,,12,23138,36.135,,,23138,,,,
Maharashtra,2017,21-02-2017, ,0,Mumbai City,BRIHAN MUMBAI,MC,6,113,PRABHAG NO 113 ,,,MUKHIYA SITA TIKARAM,,,,,,,1605,Bhartiya Janata Party,BJP,,4115,2,,12,23138,17.785,,,23138,,,,
Maharashtra,2017,21-02-2017, ,0,Mumbai City,BRIHAN MUMBAI,MC,6,113,PRABHAG NO 113 ,,,SAWANT NIVEDITA NILESH,,,,,,,1605,Indian National Congress,BJP,,2808,3,,12,23138,12.136,,,23138,,,,
Maharashtra,2017,21-02-2017, ,0,Mumbai City,BRIHAN MUMBAI,MC,6,113,PRABHAG NO 113 ,,,Ghogale Namrata Narayan,,,,,,,11633,Maharashtra Navnirman Sena,MNS,,2348,4,,12,23138,10.148,,,23138,,,,
Maharashtra,2017,21-02-2017, ,0,Mumbai City,BRIHAN MUMBAI,MC,6,113,PRABHAG NO 113 ,,,Jaiswal Manju Ravindra,,,,,,,10809,Independent,IND,,2093,5,,12,23138,9.046,,,23138,,,,
Maharashtra,2017,21-02-2017, ,0,Mumbai City,BRIHAN MUMBAI,MC,6,113,PRABHAG NO 113 ,,,Rajbhoj Jyoti Anil,,,,,,,10809,Independent,IND,,829,6,,12,23138,3.583,,,23138,,,,
Maharashtra,2017,21-02-2017, ,0,Mumbai City,BRIHAN MUMBAI,MC,6,113,PRABHAG NO 113 ,,,Mane Sweta Santosh,,,,,,,10809,Independent,IND,,759,7,,12,23138,3.28,,,23138,,,,
Maharashtra,2017,21-02-2017, ,0,Mumbai City,BRIHAN MUMBAI,MC,6,113,PRABHAG NO 113 ,,,DHURI JIVITA JAYWANT,,,,,,,10809,Independent,IND,,473,8,,12,23138,2.044,,,23138,,,,
Maharashtra,2017,21-02-2017, ,0,Mumbai City,BRIHAN MUMBAI,MC,6,113,PRABHAG NO 113 ,,,Kamble Sangita Netaji,,,,,,,10809,Independent,IND,,439,9,,12,23138,1.897,,,23138,,,,
Maharashtra,2017,21-02-2017, ,0,Mumbai City,BRIHAN MUMBAI,MC,6,113,PRABHAG NO 113 ,,,TAYADE MANISHA UDEBHAN,,,,,,,1875,Bharip Bahujan Mahasangh,BBM,,248,10,,12,23138,1.072,,,23138,,,,
Maharashtra,2017,21-02-2017, ,0,Mumbai City,BRIHAN MUMBAI,MC,6,113,PRABHAG NO 113 ,,,CHAVAN REVATI MAHESH,,,,,,,10809,Independent,IND,,152,11,,12,23138,0.657,,,23138,,,,
Maharashtra,2017,21-02-2017, ,0,Mumbai City,BRIHAN MUMBAI,MC,6,113,PRABHAG NO 113 ,,,THATE VIJAYA RAJU,,,,,,,16651,Bahujan Samaj Party,BSP,,101,12,,12,23138,0.437,,,23138,,,,
Maharashtra,2017,21-02-2017, ,0,Mumbai City,BRIHAN MUMBAI,MC,6,113,PRABHAG NO 113 ,,,NOTA,,,,,,,u10003,,,,412,13,,12,23138,1.781,,,23138,,,,
Maharashtra,2017,21-02-2017, ,0,Mumbai City,BRIHAN MUMBAI,MC,6,114,PRABHAG NO 114 ,,,Korgaonkar Ramesh Gajanan,,,,,,,18691,Shivsena,SHS,,9887,1,,15,25781,38.35,,,25781,,,,
Maharashtra,2017,21-02-2017, ,0,Mumbai City,BRIHAN MUMBAI,MC,6,114,PRABHAG NO 114 ,,,Majgaonkar Anisha Amol,,,,,,,11633,Maharashtra Navnirman Sena,MNS,,8302,2,,15,25781,32.202,,,25781,,,,
Maharashtra,2017,21-02-2017, ,0,Mumbai City,BRIHAN MUMBAI,MC,6,114,PRABHAG NO 114 ,,,KORGAONKAR MILIND TUKARAM,,,,,,,1605,Bhartiya Janata Party,BJP,,1773,3,,15,25781,6.877,,,25781,,,,
Maharashtra,2017,21-02-2017, ,0,Mumbai City,BRIHAN MUMBAI,MC,6,114,PRABHAG NO 114 ,,,Margaj Vilas Manohar,,,,,,,5792,Nationalist Congress Party,NCP,,1405,4,,15,25781,5.45,,,25781,,,,
Maharashtra,2017,21-02-2017, ,0,Mumbai City,BRIHAN MUMBAI,MC,6,114,PRABHAG NO 114 ,,,Sawant Subhash Sawant,,,,,,,10809,Independent,IND,,1290,5,,15,25781,5.004,,,25781,,,,
Maharashtra,2017,21-02-2017, ,0,Mumbai City,BRIHAN MUMBAI,MC,6,114,PRABHAG NO 114 ,,,Kasle Santosh Narayan,,,,,,,10809,Independent,IND,,639,6,,15,25781,2.479,,,25781,,,,
Maharashtra,2017,21-02-2017, ,0,Mumbai City,BRIHAN MUMBAI,MC,6,114,PRABHAG NO 114 ,,,VISHWASRAO VIDHYADHAR PANDURANG,,,,,,,14635,Communist Party Of India (Marxist),CPM,,531,7,,15,25781,2.06,,,25781,,,,
Maharashtra,2017,21-02-2017, ,0,Mumbai City,BRIHAN MUMBAI,MC,6,114,PRABHAG NO 114 ,,,Sawant Rajendra Sahadev,,,,,,,1605,Indian National Congress,BJP,,437,8,,15,25781,1.695,,,25781,,,,
Maharashtra,2017,21-02-2017, ,0,Mumbai City,BRIHAN MUMBAI,MC,6,114,PRABHAG NO 114 ,,,UMALE PRAKASH ASHOK,,,,,,,10809,Independent,IND,,424,9,,15,25781,1.645,,,25781,,,,
Maharashtra,2017,21-02-2017, ,0,Mumbai City,BRIHAN MUMBAI,MC,6,114,PRABHAG NO 114 ,,,PATIL CHANDRAKANT VAMAN,,,,,,,10809,Independent,IND,,369,10,,15,25781,1.431,,,25781,,,,
Maharashtra,2017,21-02-2017, ,0,Mumbai City,BRIHAN MUMBAI,MC,6,114,PRABHAG NO 114 ,,,Vichare Prashant Tukaram,,,,,,,10809,Independent,IND,,257,11,,15,25781,0.997,,,25781,,,,
Maharashtra,2017,21-02-2017, ,0,Mumbai City,BRIHAN MUMBAI,MC,6,114,PRABHAG NO 114 ,,,GAWDE KESHAV SURYAKANT,,,,,,,10809,Independent,IND,,140,12,,15,25781,0.543,,,25781,,,,
Maharashtra,2017,21-02-2017, ,0,Mumbai City,BRIHAN MUMBAI,MC,6,114,PRABHAG NO 114 ,,,Lokhande Ajay Sudhakar,,,,,,,16651,Bahujan Samaj Party,BSP,,131,13,,15,25781,0.508,,,25781,,,,
Maharashtra,2017,21-02-2017, ,0,Mumbai City,BRIHAN MUMBAI,MC,6,114,PRABHAG NO 114 ,,,KHALSODE SANDEEP DIGAMBAR,,,,,,,10809,Independent,IND,,57,14,,15,25781,0.221,,,25781,,,,
Maharashtra,2017,21-02-2017, ,0,Mumbai City,BRIHAN MUMBAI,MC,6,114,PRABHAG NO 114 ,,,DOMBE PRATIK VISHWANATH,,,,,,,10809,Independent,IND,,34,15,,15,25781,0.132,,,25781,,,,
Maharashtra,2017,21-02-2017, ,0,Mumbai City,BRIHAN MUMBAI,MC,6,114,PRABHAG NO 114 ,,,NOTA,,,,,,,u10003,,,,105,16,,15,25781,0.407,,,25781,,,,
Maharashtra,2017,21-02-2017, ,0,Mumbai City,BRIHAN MUMBAI,MC,6,115,PRABHAG NO 115 ,,,MANE UMESH SUBHASH,,,,,,,18691,Shivsena,SHS,,8232,1,,14,24084,34.18,,,24084,,,,
Maharashtra,2017,21-02-2017, ,0,Mumbai City,BRIHAN MUMBAI,MC,6,115,PRABHAG NO 115 ,,,GHADIGAONKAR JITENDRA DATTATRAY,,,,,,,1605,Bhartiya Janata Party,BJP,,4949,2,,14,24084,20.549,,,24084,,,,
Maharashtra,2017,21-02-2017, ,0,Mumbai City,BRIHAN MUMBAI,MC,6,115,PRABHAG NO 115 ,,,Sarfare Vaishnavi Vijay,,,,,,,11633,Maharashtra Navnirman Sena,MNS,,2678,3,,14,24084,11.119,,,24084,,,,
Maharashtra,2017,21-02-2017, ,0,Mumbai City,BRIHAN MUMBAI,MC,6,115,PRABHAG NO 115 ,,,Rajbhoj Anil Pandit,,,,,,,10809,Independent,IND,,2503,4,,14,24084,10.393,,,24084,,,,
Maharashtra,2017,21-02-2017, ,0,Mumbai City,BRIHAN MUMBAI,MC,6,115,PRABHAG NO 115 ,,,Karadkar Kashinath Damoji,,,,,,,1605,Indian National Congress,BJP,,2353,5,,14,24084,9.77,,,24084,,,,
Maharashtra,2017,21-02-2017, ,0,Mumbai City,BRIHAN MUMBAI,MC,6,115,PRABHAG NO 115 ,,,QURESHI YASIN FAHIM,,,,,,,5792,Nationalist Congress Party,NCP,,1335,6,,14,24084,5.543,,,24084,,,,
Maharashtra,2017,21-02-2017, ,0,Mumbai City,BRIHAN MUMBAI,MC,6,115,PRABHAG NO 115 ,,,JADHAV KISHOR BAPU,,,,,,,14635,Communist Party Of India (Marxist),CPM,,831,7,,14,24084,3.45,,,24084,,,,
Maharashtra,2017,21-02-2017, ,0,Mumbai City,BRIHAN MUMBAI,MC,6,115,PRABHAG NO 115 ,,,KHARAT ASHOK SHANKAR,,,,,,,5029,Lok Janshakti Party,LJP,,445,8,,14,24084,1.848,,,24084,,,,
Maharashtra,2017,21-02-2017, ,0,Mumbai City,BRIHAN MUMBAI,MC,6,115,PRABHAG NO 115 ,,,QURESHI NAWAZ JAMIL,,,,,,,16651,Bahujan Samaj Party,BSP,,191,9,,14,24084,0.793,,,24084,,,,
Maharashtra,2017,21-02-2017, ,0,Mumbai City,BRIHAN MUMBAI,MC,6,115,PRABHAG NO 115 ,,,Pathare Raju Muktaram,,,,,,,10809,Independent,IND,,95,10,,14,24084,0.394,,,24084,,,,
Maharashtra,2017,21-02-2017, ,0,Mumbai City,BRIHAN MUMBAI,MC,6,115,PRABHAG NO 115 ,,,WAGH RAJENDRA BHASKAR,,,,,,,10809,Independent,IND,,56,11,,14,24084,0.233,,,24084,,,,
Maharashtra,2017,21-02-2017, ,0,Mumbai City,BRIHAN MUMBAI,MC,6,115,PRABHAG NO 115 ,,,Chavan Pradeep Pratap,,,,,,,10809,Independent,IND,,55,12,,14,24084,0.228,,,24084,,,,
Maharashtra,2017,21-02-2017, ,0,Mumbai City,BRIHAN MUMBAI,MC,6,115,PRABHAG NO 115 ,,,Dube Dhiraj Rampyare,,,,,,,10809,Independent,IND,,45,13,,14,24084,0.187,,,24084,,,,
Maharashtra,2017,21-02-2017, ,0,Mumbai City,BRIHAN MUMBAI,MC,6,115,PRABHAG NO 115 ,,,KASAR PRAKASH VASANT,,,,,,,10809,Independent,IND,,26,14,,14,24084,0.108,,,24084,,,,
Maharashtra,2017,21-02-2017, ,0,Mumbai City,BRIHAN MUMBAI,MC,6,115,PRABHAG NO 115 ,,,NOTA,,,,,,,u10003,,,,290,15,,14,24084,1.204,,,24084,,,,
Maharashtra,2017,21-02-2017, ,0,Mumbai City,BRIHAN MUMBAI,MC,6,116,PRABHAG NO 116 ,,,PATIL PRAMILA KAMLAKAR,,,,,,,1605,Indian National Congress,BJP,,8326,1,,11,23084,36.068,,,23084,,,,
Maharashtra,2017,21-02-2017, ,1,Mumbai City,BRIHAN MUMBAI,MC,6,116,Ward No.116 ,,,PATIL JAGRUTI PRATIK,,,,,,,1605,Bhartiya Janata Party,BJP,,11129,1,,7,19296,57.675,,,19296,,,,
Maharashtra,2017,21-02-2017, ,0,Mumbai City,BRIHAN MUMBAI,MC,6,116,PRABHAG NO 116 ,,,PATIL MEENAKSHI ASHOK,,,,,,,18691,Shivsena,SHS,,7857,2,,11,23084,34.037,,,23084,,,,
Maharashtra,2017,21-02-2017, ,1,Mumbai City,BRIHAN MUMBAI,MC,6,116,Ward No.116 ,,,Patil Minakshi Ashok,,,,,,,18691,Shivsena,SHS,,6337,2,,7,19296,32.841,,,19296,,,,
Maharashtra,2017,21-02-2017, ,0,Mumbai City,BRIHAN MUMBAI,MC,6,116,PRABHAG NO 116 ,,,DIXIT MEERA ANAND,,,,,,,1605,Bhartiya Janata Party,BJP,,3625,3,,11,23084,15.704,,,23084,,,,
Maharashtra,2017,21-02-2017, ,1,Mumbai City,BRIHAN MUMBAI,MC,6,116,Ward No.116 ,,,SINGH PRAMILA PREM,,,,,,,1605,Indian National Congress,BJP,,972,3,,7,19296,5.037,,,19296,,,,
Maharashtra,2017,21-02-2017, ,0,Mumbai City,BRIHAN MUMBAI,MC,6,116,PRABHAG NO 116 ,,,Mahadik Shweta Shyam,,,,,,,11633,Maharashtra Navnirman Sena,MNS,,804,4,,11,23084,3.483,,,23084,,,,
Maharashtra,2017,21-02-2017, ,1,Mumbai City,BRIHAN MUMBAI,MC,6,116,Ward No.116 ,,,SAWANT BABY CHHABU,,,,,,,16651,Bahujan Samaj Party,BSP,,339,4,,7,19296,1.757,,,19296,,,,
Maharashtra,2017,21-02-2017, ,0,Mumbai City,BRIHAN MUMBAI,MC,6,116,PRABHAG NO 116 ,,,SAWANT BABY CHHABU,,,,,,,16651,Bahujan Samaj Party,BSP,,774,5,,11,23084,3.353,,,23084,,,,
Maharashtra,2017,21-02-2017, ,1,Mumbai City,BRIHAN MUMBAI,MC,6,116,Ward No.116 ,,,GAJDHANE VAISHALI SATISH,,,,,,,1074,Bahujan Mukti Party,BMUP,,206,5,,7,19296,1.068,,,19296,,,,
Maharashtra,2017,21-02-2017, ,0,Mumbai City,BRIHAN MUMBAI,MC,6,116,PRABHAG NO 116 ,,,TUPE MANISHA ANIL,,,,,,,5792,Nationalist Congress Party,NCP,,714,6,,11,23084,3.093,,,23084,,,,
Maharashtra,2017,21-02-2017, ,1,Mumbai City,BRIHAN MUMBAI,MC,6,116,Ward No.116 ,,,Jadhav Deepika Vijay,,,,,,,24549,Sambhaji Brigade,SBBGP,,51,6,,7,19296,0.264,,,19296,,,,
Maharashtra,2017,21-02-2017, ,0,Mumbai City,BRIHAN MUMBAI,MC,6,116,PRABHAG NO 116 ,,,Gajdhane Vaishali Satish,,,,,,,1074,Bahujan Mukti Party,BMUP,,256,7,,11,23084,1.109,,,23084,,,,
Maharashtra,2017,21-02-2017, ,1,Mumbai City,BRIHAN MUMBAI,MC,6,116,Ward No.116 ,,,JADHAV SMRUTEE TULSHIDAS,,,,,,,10979,Janata Dal Secular,JD(S),,49,7,,7,19296,0.254,,,19296,,,,
Maharashtra,2017,21-02-2017, ,0,Mumbai City,BRIHAN MUMBAI,MC,6,116,PRABHAG NO 116 ,,,Sawant Jayshree Arjun,,,,,,,10809,Independent,IND,,176,8,,11,23084,0.762,,,23084,,,,
Maharashtra,2017,21-02-2017, ,1,Mumbai City,BRIHAN MUMBAI,MC,6,116,Ward No.116 ,,,NOTA,,,,,,,u10003,,,,213,8,,7,19296,1.104,,,19296,,,,
Maharashtra,2017,21-02-2017, ,0,Mumbai City,BRIHAN MUMBAI,MC,6,116,PRABHAG NO 116 ,,,SHINDE VIDYA ANAND,,,,,,,1875,Bharip Bahujan Mahasangh,BBM,,152,9,,11,23084,0.658,,,23084,,,,
Maharashtra,2017,21-02-2017, ,0,Mumbai City,BRIHAN MUMBAI,MC,6,116,PRABHAG NO 116 ,,,BAWA MEENAKSHI JAGANNATH,,,,,,,12285,Republican Party of India (A),RPI(A),,63,10,,11,23084,0.273,,,23084,,,,
Maharashtra,2017,21-02-2017, ,0,Mumbai City,BRIHAN MUMBAI,MC,6,116,PRABHAG NO 116 ,,,SAWANT MANISHA BALU,,,,,,,10809,Independent,IND,,37,11,,11,23084,0.16,,,23084,,,,
Maharashtra,2017,21-02-2017, ,0,Mumbai City,BRIHAN MUMBAI,MC,6,116,PRABHAG NO 116 ,,,NOTA,,,,,,,u10003,,,,300,12,,11,23084,1.3,,,23084,,,,
Maharashtra,2017,21-02-2017, ,0,Mumbai City,BRIHAN MUMBAI,MC,6,117,PRABHAG NO 117 ,,,KARANJE SUVARNA SAHADEV,,,,,,,18691,Shivsena,SHS,,7315,1,,6,23673,30.9,,,23673,,,,
Maharashtra,2017,21-02-2017, ,0,Mumbai City,BRIHAN MUMBAI,MC,6,117,PRABHAG NO 117 ,,,KARADE ASHWINI SANTOSH,,,,,,,1605,Bhartiya Janata Party,BJP,,5413,2,,6,23673,22.866,,,23673,,,,
Maharashtra,2017,21-02-2017, ,0,Mumbai City,BRIHAN MUMBAI,MC,6,117,PRABHAG NO 117 ,,,MANCHEKAR SUSHILA BABU,,,,,,,5792,Nationalist Congress Party,NCP,,4229,3,,6,23673,17.864,,,23673,,,,
Maharashtra,2017,21-02-2017, ,0,Mumbai City,BRIHAN MUMBAI,MC,6,117,PRABHAG NO 117 ,,,PAWASKAR SHWETA RAJESH,,,,,,,1605,Indian National Congress,BJP,,3483,4,,6,23673,14.713,,,23673,,,,
Maharashtra,2017,21-02-2017, ,0,Mumbai City,BRIHAN MUMBAI,MC,6,117,PRABHAG NO 117 ,,,PATIL DEEPALI DILIP,,,,,,,11633,Maharashtra Navnirman Sena,MNS,,2319,5,,6,23673,9.796,,,23673,,,,
Maharashtra,2017,21-02-2017, ,0,Mumbai City,BRIHAN MUMBAI,MC,6,117,PRABHAG NO 117 ,,,PATIL DIPIKA SANTOSH,,,,,,,10809,Independent,IND,,354,6,,6,23673,1.495,,,23673,,,,
Maharashtra,2017,21-02-2017, ,0,Mumbai City,BRIHAN MUMBAI,MC,6,117,PRABHAG NO 117 ,,,NOTA,,,,,,,u10003,,,,560,7,,6,23673,2.366,,,23673,,,,
Maharashtra,2017,21-02-2017, ,0,Mumbai City,BRIHAN MUMBAI,MC,6,118,PRABHAG NO 118 ,,,SAWANT UPENDRA DATTARAM,,,,,,,18691,Shivsena,SHS,,9092,1,,15,28629,31.758,,,28629,,,,
Maharashtra,2017,21-02-2017, ,0,Mumbai City,BRIHAN MUMBAI,MC,6,118,PRABHAG NO 118 ,,,dandekar jayant vasudev,,,,,,,11633,Maharashtra Navnirman Sena,MNS,,8852,2,,15,28629,30.92,,,28629,,,,
Maharashtra,2017,21-02-2017, ,0,Mumbai City,BRIHAN MUMBAI,MC,6,118,PRABHAG NO 118 ,,,SANGLE MANGESH EKNATH,,,,,,,1605,Bhartiya Janata Party,BJP,,4379,3,,15,28629,15.296,,,28629,,,,
Maharashtra,2017,21-02-2017, ,0,Mumbai City,BRIHAN MUMBAI,MC,6,118,PRABHAG NO 118 ,,,WAGHDHARE RAHUL DATTARAM,,,,,,,1605,Indian National Congress,BJP,,2974,4,,15,28629,10.388,,,28629,,,,
Maharashtra,2017,21-02-2017, ,0,Mumbai City,BRIHAN MUMBAI,MC,6,118,PRABHAG NO 118 ,,,KOTHAWALE SURENDRA SAMBHAJI,,,,,,,10809,Independent,IND,,609,5,,15,28629,2.127,,,28629,,,,
Maharashtra,2017,21-02-2017, ,0,Mumbai City,BRIHAN MUMBAI,MC,6,118,PRABHAG NO 118 ,,,BODAKE SACHIN MARUTI,,,,,,,5792,Nationalist Congress Party,NCP,,607,6,,15,28629,2.12,,,28629,,,,
Maharashtra,2017,21-02-2017, ,0,Mumbai City,BRIHAN MUMBAI,MC,6,118,PRABHAG NO 118 ,,,WAGHMARE SURESH HANUMANT,,,,,,,1875,Bharip Bahujan Mahasangh,BBM,,459,7,,15,28629,1.603,,,28629,,,,
Maharashtra,2017,21-02-2017, ,0,Mumbai City,BRIHAN MUMBAI,MC,6,118,PRABHAG NO 118 ,,,BHALERAO SURESH HARICHANDRA,,,,,,,12285,Republican Party of India (A),RPI(A),,450,8,,15,28629,1.572,,,28629,,,,
Maharashtra,2017,21-02-2017, ,0,Mumbai City,BRIHAN MUMBAI,MC,6,118,PRABHAG NO 118 ,,,Chandanshive Siddharth Sandipan,,,,,,,1096,bahujan republican sociolist party,BARESP,,416,9,,15,28629,1.453,,,28629,,,,
Maharashtra,2017,21-02-2017, ,0,Mumbai City,BRIHAN MUMBAI,MC,6,118,PRABHAG NO 118 ,,,JADHAV VIKEY BALASAHEB,,,,,,,10809,Independent,IND,,176,10,,15,28629,0.615,,,28629,,,,
Maharashtra,2017,21-02-2017, ,0,Mumbai City,BRIHAN MUMBAI,MC,6,118,PRABHAG NO 118 ,,,Ahire Chetan Chandrakant,,,,,,,10809,Independent,IND,,81,11,,15,28629,0.283,,,28629,,,,
Maharashtra,2017,21-02-2017, ,0,Mumbai City,BRIHAN MUMBAI,MC,6,118,PRABHAG NO 118 ,,,BHOSALE BHUPENDRA VIJAY,,,,,,,24549,Sambhaji Brigade,SBBGP,,78,12,,15,28629,0.272,,,28629,,,,
Maharashtra,2017,21-02-2017, ,0,Mumbai City,BRIHAN MUMBAI,MC,6,118,PRABHAG NO 118 ,,,SUNCHU ANAND BALRAJ,,,,,,,8690,Akhil Bharatiya Sena,ABHS,,59,13,,15,28629,0.206,,,28629,,,,
Maharashtra,2017,21-02-2017, ,0,Mumbai City,BRIHAN MUMBAI,MC,6,118,PRABHAG NO 118 ,,,GAIKWAD RAJESH JAIWANT,,,,,,,10809,Independent,IND,,57,14,,15,28629,0.199,,,28629,,,,
Maharashtra,2017,21-02-2017, ,0,Mumbai City,BRIHAN MUMBAI,MC,6,118,PRABHAG NO 118 ,,,GANGAWANE PRASHANT DNYANESHWAR,,,,,,,10809,Independent,IND,,21,15,,15,28629,0.073,,,28629,,,,
Maharashtra,2017,21-02-2017, ,0,Mumbai City,BRIHAN MUMBAI,MC,6,118,PRABHAG NO 118 ,,,NOTA,,,,,,,u10003,,,,319,16,,15,28629,1.114,,,28629,,,,
Maharashtra,2017,21-02-2017, ,0,Mumbai City,BRIHAN MUMBAI,MC,6,119,PRABHAG NO 119 ,,,Rahate Manisha Harishchandra,,,,,,,5792,Nationalist Congress Party,NCP,,6979,1,,5,22991,30.355,,,22991,,,,
Maharashtra,2017,21-02-2017, ,0,Mumbai City,BRIHAN MUMBAI,MC,6,119,PRABHAG NO 119 ,,,HANDE SUNITA RAJAN,,,,,,,18691,Shivsena,SHS,,6669,2,,5,22991,29.007,,,22991,,,,
Maharashtra,2017,21-02-2017, ,0,Mumbai City,BRIHAN MUMBAI,MC,6,119,PRABHAG NO 119 ,,,BHASKAR SANGITA SATYAWAN,,,,,,,1605,Bhartiya Janata Party,BJP,,4039,3,,5,22991,17.568,,,22991,,,,
Maharashtra,2017,21-02-2017, ,0,Mumbai City,BRIHAN MUMBAI,MC,6,119,PRABHAG NO 119 ,,,FULARI POOJA VISHWANATH,,,,,,,1605,Indian National Congress,BJP,,3656,4,,5,22991,15.902,,,22991,,,,
Maharashtra,2017,21-02-2017, ,0,Mumbai City,BRIHAN MUMBAI,MC,6,119,PRABHAG NO 119 ,,,Sarang Jayashree Pandurang,,,,,,,11633,Maharashtra Navnirman Sena,MNS,,1181,5,,5,22991,5.137,,,22991,,,,
Maharashtra,2017,21-02-2017, ,0,Mumbai City,BRIHAN MUMBAI,MC,6,119,PRABHAG NO 119 ,,,NOTA,,,,,,,u10003,,,,467,6,,5,22991,2.031,,,22991,,,,
Maharashtra,2017,21-02-2017, ,0,Mumbai City,BRIHAN MUMBAI,MC,6,120,PRABHAG NO 120 ,,,Redkar Rajrajeshwari Anil,,,,,,,18691,Shivsena,SHS,,7770,1,,8,19853,39.138,,,19853,,,,
Maharashtra,2017,21-02-2017, ,0,Mumbai City,BRIHAN MUMBAI,MC,6,120,PRABHAG NO 120 ,,,SHARMA CHARU CHANDAN,,,,,,,5792,Nationalist Congress Party,NCP,,3688,2,,8,19853,18.577,,,19853,,,,
Maharashtra,2017,21-02-2017, ,0,Mumbai City,BRIHAN MUMBAI,MC,6,120,PRABHAG NO 120 ,,,Sarkar Soma Rajesh,,,,,,,12285,Republican Party of India (A),RPI(A),,3297,3,,8,19853,16.607,,,19853,,,,
Maharashtra,2017,21-02-2017, ,0,Mumbai City,BRIHAN MUMBAI,MC,6,120,PRABHAG NO 120 ,,,MANE PRAGATI SHIVAJI,,,,,,,1605,Indian National Congress,BJP,,2020,4,,8,19853,10.175,,,19853,,,,
Maharashtra,2017,21-02-2017, ,0,Mumbai City,BRIHAN MUMBAI,MC,6,120,PRABHAG NO 120 ,,,PATIL NEELAM ANANDA,,,,,,,11633,Maharashtra Navnirman Sena,MNS,,1649,5,,8,19853,8.306,,,19853,,,,
Maharashtra,2017,21-02-2017, ,0,Mumbai City,BRIHAN MUMBAI,MC,6,120,PRABHAG NO 120 ,,,KASBE ASHWINI KAMLESH,,,,,,,1096,bahujan republican sociolist party,BARESP,,675,6,,8,19853,3.4,,,19853,,,,
Maharashtra,2017,21-02-2017, ,0,Mumbai City,BRIHAN MUMBAI,MC,6,120,PRABHAG NO 120 ,,,Sarode Sujata Madhukar,,,,,,,1074,Bahujan Mukti Party,BMUP,,133,7,,8,19853,0.67,,,19853,,,,
Maharashtra,2017,21-02-2017, ,0,Mumbai City,BRIHAN MUMBAI,MC,6,120,PRABHAG NO 120 ,,,Qureshi Faridabi ShakilAhmad,,,,,,,10809,Independent,IND,,74,8,,8,19853,0.373,,,19853,,,,
Maharashtra,2017,21-02-2017, ,0,Mumbai City,BRIHAN MUMBAI,MC,6,120,PRABHAG NO 120 ,,,NOTA,,,,,,,u10003,,,,547,9,,8,19853,2.755,,,19853,,,,
Maharashtra,2017,21-02-2017, ,0,Mumbai City,BRIHAN MUMBAI,MC,6,121,PRABHAG NO 121 ,,,More Chandravati Shivaji,,,,,,,18691,Shivsena,SHS,,4769,1,,13,13928,34.24,,,13928,,,,
Maharashtra,2017,21-02-2017, ,0,Mumbai City,BRIHAN MUMBAI,MC,6,121,PRABHAG NO 121 ,,,Sakte Vaishali Sachin,,,,,,,11633,Maharashtra Navnirman Sena,MNS,,2274,2,,13,13928,16.327,,,13928,,,,
Maharashtra,2017,21-02-2017, ,0,Mumbai City,BRIHAN MUMBAI,MC,6,121,PRABHAG NO 121 ,,,KHAN ANNUM SHERJADA,,,,,,,1605,Indian National Congress,BJP,,2010,3,,13,13928,14.431,,,13928,,,,
Maharashtra,2017,21-02-2017, ,0,Mumbai City,BRIHAN MUMBAI,MC,6,121,PRABHAG NO 121 ,,,GAIKWAD PRADNYA SUKHDEV,,,,,,,1605,Bhartiya Janata Party,BJP,,1417,4,,13,13928,10.174,,,13928,,,,
Maharashtra,2017,21-02-2017, ,0,Mumbai City,BRIHAN MUMBAI,MC,6,121,PRABHAG NO 121 ,,,BIRHADE SUSHAMA PRAKASH,,,,,,,16651,Bahujan Samaj Party,BSP,,1158,5,,13,13928,8.314,,,13928,,,,
Maharashtra,2017,21-02-2017, ,0,Mumbai City,BRIHAN MUMBAI,MC,6,121,PRABHAG NO 121 ,,,DAWANDE VARSHA KARBHARI,,,,,,,706,All India Majlis e Ittehadul Muslimeen,AIMIM,,492,6,,13,13928,3.532,,,13928,,,,
Maharashtra,2017,21-02-2017, ,0,Mumbai City,BRIHAN MUMBAI,MC,6,121,PRABHAG NO 121 ,,,BANSODE JAGDEVI RATANDEEP,,,,,,,12285,Republican Party of India (A),RPI(A),,334,7,,13,13928,2.398,,,13928,,,,
Maharashtra,2017,21-02-2017, ,0,Mumbai City,BRIHAN MUMBAI,MC,6,121,PRABHAG NO 121 ,,,SONAWANE VANDANA SANTOSH,,,,,,,1875,Bharip Bahujan Mahasangh,BBM,,300,8,,13,13928,2.154,,,13928,,,,
Maharashtra,2017,21-02-2017, ,0,Mumbai City,BRIHAN MUMBAI,MC,6,121,PRABHAG NO 121 ,,,JADHAV DEEPIKA VIJAY,,,,,,,24549,Sambhaji Brigade,SBBGP,,266,9,,13,13928,1.91,,,13928,,,,
Maharashtra,2017,21-02-2017, ,0,Mumbai City,BRIHAN MUMBAI,MC,6,121,PRABHAG NO 121 ,,,Palwankar Hemlata Prashant,,,,,,,5792,Nationalist Congress Party,NCP,,212,10,,13,13928,1.522,,,13928,,,,
Maharashtra,2017,21-02-2017, ,0,Mumbai City,BRIHAN MUMBAI,MC,6,121,PRABHAG NO 121 ,,,PAIKRAO INDU DAMODAR,,,,,,,10809,Independent,IND,,191,11,,13,13928,1.371,,,13928,,,,
Maharashtra,2017,21-02-2017, ,0,Mumbai City,BRIHAN MUMBAI,MC,6,121,PRABHAG NO 121 ,,,BHAVIR PRATIMA RAJIV,,,,,,,1074,Bahujan Mukti Party,BMUP,,153,12,,13,13928,1.099,,,13928,,,,
Maharashtra,2017,21-02-2017, ,0,Mumbai City,BRIHAN MUMBAI,MC,6,121,PRABHAG NO 121 ,,,SORTE JYOTSNA VIJAY,,,,,,,10809,Independent,IND,,27,13,,13,13928,0.194,,,13928,,,,
Maharashtra,2017,21-02-2017, ,0,Mumbai City,BRIHAN MUMBAI,MC,6,121,PRABHAG NO 121 ,,,NOTA,,,,,,,u10003,,,,325,14,,13,13928,2.333,,,13928,,,,
Maharashtra,2017,21-02-2017, ,0,Mumbai City,BRIHAN MUMBAI,MC,6,122,PRABHAG NO 122 ,,,Patil Vaishali Shrikant,,,,,,,1605,Bhartiya Janata Party,BJP,,4942,1,,8,16715,29.566,,,16715,,,,
Maharashtra,2017,21-02-2017, ,0,Mumbai City,BRIHAN MUMBAI,MC,6,122,PRABHAG NO 122 ,,,Venkatgiri Jaya Hanumantha,,,,,,,5792,Nationalist Congress Party,NCP,,4220,2,,8,16715,25.247,,,16715,,,,
Maharashtra,2017,21-02-2017, ,0,Mumbai City,BRIHAN MUMBAI,MC,6,122,PRABHAG NO 122 ,,,Mande Snehal Deepak,,,,,,,18691,Shivsena,SHS,,3749,3,,8,16715,22.429,,,16715,,,,
Maharashtra,2017,21-02-2017, ,0,Mumbai City,BRIHAN MUMBAI,MC,6,122,PRABHAG NO 122 ,,,DARADE ANJALI VASANT,,,,,,,1605,Indian National Congress,BJP,,1552,4,,8,16715,9.285,,,16715,,,,
Maharashtra,2017,21-02-2017, ,0,Mumbai City,BRIHAN MUMBAI,MC,6,122,PRABHAG NO 122 ,,,SHITRE MANISHA SANTOSH,,,,,,,14635,Communist Party Of India (Marxist),CPM,,655,5,,8,16715,3.919,,,16715,,,,
Maharashtra,2017,21-02-2017, ,0,Mumbai City,BRIHAN MUMBAI,MC,6,122,PRABHAG NO 122 ,,,Chavan Surekha Suresh,,,,,,,10809,Independent,IND,,542,6,,8,16715,3.243,,,16715,,,,
Maharashtra,2017,21-02-2017, ,0,Mumbai City,BRIHAN MUMBAI,MC,6,122,PRABHAG NO 122 ,,,RANKHABE PALLAVI VIPUL,,,,,,,1096,bahujan republican sociolist party,BARESP,,359,7,,8,16715,2.148,,,16715,,,,
Maharashtra,2017,21-02-2017, ,0,Mumbai City,BRIHAN MUMBAI,MC,6,122,PRABHAG NO 122 ,,,Chawan Sujata Ashwin,,,,,,,11633,Maharashtra Navnirman Sena,MNS,,318,8,,8,16715,1.902,,,16715,,,,
Maharashtra,2017,21-02-2017, ,0,Mumbai City,BRIHAN MUMBAI,MC,6,122,PRABHAG NO 122 ,,,NOTA,,,,,,,u10003,,,,378,9,,8,16715,2.261,,,16715,,,,
Maharashtra,2017,21-02-2017, ,0,Mumbai City,BRIHAN MUMBAI,MC,6,123,PRABHAG NO 123 ,,,MORE SNEHAL SUNIL,,,,,,,10809,Independent,IND,,9322,1,,10,25956,35.915,,,25956,,,,
Maharashtra,2017,21-02-2017, ,0,Mumbai City,BRIHAN MUMBAI,MC,6,123,PRABHAG NO 123 ,,,BAWDANE BHARATI SUBODH,,,,,,,18691,Shivsena,SHS,,8567,2,,10,25956,33.006,,,25956,,,,
Maharashtra,2017,21-02-2017, ,0,Mumbai City,BRIHAN MUMBAI,MC,6,123,PRABHAG NO 123 ,,,PADWAL SANGITA VIJAY,,,,,,,1605,Bhartiya Janata Party,BJP,,4004,3,,10,25956,15.426,,,25956,,,,
Maharashtra,2017,21-02-2017, ,0,Mumbai City,BRIHAN MUMBAI,MC,6,123,PRABHAG NO 123 ,,,JADHAV SUNITA PRAMOD,,,,,,,10809,Independent,IND,,2062,4,,10,25956,7.944,,,25956,,,,
Maharashtra,2017,21-02-2017, ,0,Mumbai City,BRIHAN MUMBAI,MC,6,123,PRABHAG NO 123 ,,,Bondarde Snehalata Kailas,,,,,,,1605,Indian National Congress,BJP,,680,5,,10,25956,2.62,,,25956,,,,
Maharashtra,2017,21-02-2017, ,0,Mumbai City,BRIHAN MUMBAI,MC,6,123,PRABHAG NO 123 ,,,mohite anita gangadhar,,,,,,,11633,Maharashtra Navnirman Sena,MNS,,517,6,,10,25956,1.992,,,25956,,,,
Maharashtra,2017,21-02-2017, ,0,Mumbai City,BRIHAN MUMBAI,MC,6,123,PRABHAG NO 123 ,,,NAVELE PRIYANKA DEEPAK,,,,,,,16651,Bahujan Samaj Party,BSP,,192,7,,10,25956,0.74,,,25956,,,,
Maharashtra,2017,21-02-2017, ,0,Mumbai City,BRIHAN MUMBAI,MC,6,123,PRABHAG NO 123 ,,,PATIL ARUNA ASHOK,,,,,,,10809,Independent,IND,,153,8,,10,25956,0.589,,,25956,,,,
Maharashtra,2017,21-02-2017, ,0,Mumbai City,BRIHAN MUMBAI,MC,6,123,PRABHAG NO 123 ,,,CHAUGULE JAYASHREE VINOD,,,,,,,10809,Independent,IND,,100,9,,10,25956,0.385,,,25956,,,,
Maharashtra,2017,21-02-2017, ,0,Mumbai City,BRIHAN MUMBAI,MC,6,123,PRABHAG NO 123 ,,,MOHITE ASHA RAMAKANT,,,,,,,10809,Independent,IND,,59,10,,10,25956,0.227,,,25956,,,,
Maharashtra,2017,21-02-2017, ,0,Mumbai City,BRIHAN MUMBAI,MC,6,123,PRABHAG NO 123 ,,,NOTA,,,,,,,u10003,,,,300,11,,10,25956,1.156,,,25956,,,,
Maharashtra,2017,21-02-2017, ,0,Mumbai City,BRIHAN MUMBAI,MC,6,124,PRABHAG NO 124 ,,,Khan Jyoti Harun,,,,,,,5792,Nationalist Congress Party,NCP,,6686,1,,12,20190,33.115,,,20190,,,,
Maharashtra,2017,21-02-2017, ,0,Mumbai City,BRIHAN MUMBAI,MC,6,124,PRABHAG NO 124 ,,,kini Namita Jeevan,,,,,,,1605,Bhartiya Janata Party,BJP,,3906,2,,12,20190,19.346,,,20190,,,,
Maharashtra,2017,21-02-2017, ,0,Mumbai City,BRIHAN MUMBAI,MC,6,124,PRABHAG NO 124 ,,,TALEKAR SHAMLI SHAILESH,,,,,,,18691,Shivsena,SHS,,3569,3,,12,20190,17.677,,,20190,,,,
Maharashtra,2017,21-02-2017, ,0,Mumbai City,BRIHAN MUMBAI,MC,6,124,PRABHAG NO 124 ,,,TAMBE LALITA ROHIT,,,,,,,10809,Independent,IND,,2715,4,,12,20190,13.447,,,20190,,,,
Maharashtra,2017,21-02-2017, ,0,Mumbai City,BRIHAN MUMBAI,MC,6,124,PRABHAG NO 124 ,,,Shaikh Shamira Mukhtar,,,,,,,706,All India Majlis e Ittehadul Muslimeen,AIMIM,,1017,5,,12,20190,5.037,,,20190,,,,
Maharashtra,2017,21-02-2017, ,0,Mumbai City,BRIHAN MUMBAI,MC,6,124,PRABHAG NO 124 ,,,CHHEDA KALPANA PIYUSH,,,,,,,11633,Maharashtra Navnirman Sena,MNS,,848,6,,12,20190,4.2,,,20190,,,,
Maharashtra,2017,21-02-2017, ,0,Mumbai City,BRIHAN MUMBAI,MC,6,124,PRABHAG NO 124 ,,,khot rashida khalil,,,,,,,1605,Indian National Congress,BJP,,846,7,,12,20190,4.19,,,20190,,,,
Maharashtra,2017,21-02-2017, ,0,Mumbai City,BRIHAN MUMBAI,MC,6,124,PRABHAG NO 124 ,,,JADHAV SANJANA SANJAY,,,,,,,16651,Bahujan Samaj Party,BSP,,161,8,,12,20190,0.797,,,20190,,,,
Maharashtra,2017,21-02-2017, ,0,Mumbai City,BRIHAN MUMBAI,MC,6,124,PRABHAG NO 124 ,,,Shaikh Farida Hayat,,,,,,,7425,Samajwadi Party,SP,,62,9,,12,20190,0.307,,,20190,,,,
Maharashtra,2017,21-02-2017, ,0,Mumbai City,BRIHAN MUMBAI,MC,6,124,PRABHAG NO 124 ,,,RAUL SARITA SAMBHAJI,,,,,,,10809,Independent,IND,,61,10,,12,20190,0.302,,,20190,,,,
Maharashtra,2017,21-02-2017, ,0,Mumbai City,BRIHAN MUMBAI,MC,6,124,PRABHAG NO 124 ,,,JADHAV SANJANA RAJENDRA,,,,,,,10809,Independent,IND,,57,11,,12,20190,0.282,,,20190,,,,
Maharashtra,2017,21-02-2017, ,0,Mumbai City,BRIHAN MUMBAI,MC,6,124,PRABHAG NO 124 ,,,KAMBLE UJWALA RAMESH,,,,,,,10809,Independent,IND,,29,12,,12,20190,0.144,,,20190,,,,
Maharashtra,2017,21-02-2017, ,0,Mumbai City,BRIHAN MUMBAI,MC,6,124,PRABHAG NO 124 ,,,NOTA,,,,,,,u10003,,,,233,13,,12,20190,1.154,,,20190,,,,
Maharashtra,2017,21-02-2017, ,0,Mumbai City,BRIHAN MUMBAI,MC,6,125,PRABHAG NO 125 ,,,Awale Rupali Suresh,,,,,,,18691,Shivsena,SHS,,10652,1,,14,26069,40.861,,,26069,,,,
Maharashtra,2017,21-02-2017, ,0,Mumbai City,BRIHAN MUMBAI,MC,6,125,PRABHAG NO 125 ,,,Pawar Sakshi Sachin,,,,,,,1605,Bhartiya Janata Party,BJP,,7608,2,,14,26069,29.184,,,26069,,,,
Maharashtra,2017,21-02-2017, ,0,Mumbai City,BRIHAN MUMBAI,MC,6,125,PRABHAG NO 125 ,,,KAMBLE VAISHALI RAJENDRA,,,,,,,1605,Indian National Congress,BJP,,1745,3,,14,26069,6.694,,,26069,,,,
Maharashtra,2017,21-02-2017, ,0,Mumbai City,BRIHAN MUMBAI,MC,6,125,PRABHAG NO 125 ,,,chavan chetna chandrakant,,,,,,,16651,Bahujan Samaj Party,BSP,,1522,4,,14,26069,5.838,,,26069,,,,
Maharashtra,2017,21-02-2017, ,0,Mumbai City,BRIHAN MUMBAI,MC,6,125,PRABHAG NO 125 ,,,PAWAR SUCHITA SATISH,,,,,,,10809,Independent,IND,,1239,5,,14,26069,4.753,,,26069,,,,
Maharashtra,2017,21-02-2017, ,0,Mumbai City,BRIHAN MUMBAI,MC,6,125,PRABHAG NO 125 ,,,Ghuge Surekha Uttam,,,,,,,11633,Maharashtra Navnirman Sena,MNS,,969,6,,14,26069,3.717,,,26069,,,,
Maharashtra,2017,21-02-2017, ,0,Mumbai City,BRIHAN MUMBAI,MC,6,125,PRABHAG NO 125 ,,,More Vaishali Chandrakant,,,,,,,5792,Nationalist Congress Party,NCP,,746,7,,14,26069,2.862,,,26069,,,,
Maharashtra,2017,21-02-2017, ,0,Mumbai City,BRIHAN MUMBAI,MC,6,125,PRABHAG NO 125 ,,,TELANG SANGEETA VITTHAL,,,,,,,1875,Bharip Bahujan Mahasangh,BBM,,437,8,,14,26069,1.676,,,26069,,,,
Maharashtra,2017,21-02-2017, ,0,Mumbai City,BRIHAN MUMBAI,MC,6,125,PRABHAG NO 125 ,,,UBALE SHEELA NAMDEV,,,,,,,10809,Independent,IND,,250,9,,14,26069,0.959,,,26069,,,,
Maharashtra,2017,21-02-2017, ,0,Mumbai City,BRIHAN MUMBAI,MC,6,125,PRABHAG NO 125 ,,,KARDAK SARIKA KISHOR,,,,,,,10979,Janata Dal Secular,JD(S),,127,10,,14,26069,0.487,,,26069,,,,
Maharashtra,2017,21-02-2017, ,0,Mumbai City,BRIHAN MUMBAI,MC,6,125,PRABHAG NO 125 ,,,RAIGAONKAR JYOTI MILIND,,,,,,,7425,Samajwadi Party,SP,,108,11,,14,26069,0.414,,,26069,,,,
Maharashtra,2017,21-02-2017, ,0,Mumbai City,BRIHAN MUMBAI,MC,6,125,PRABHAG NO 125 ,,,SATHE SMIITA MALHARI,,,,,,,10809,Independent,IND,,74,12,,14,26069,0.284,,,26069,,,,
Maharashtra,2017,21-02-2017, ,0,Mumbai City,BRIHAN MUMBAI,MC,6,125,PRABHAG NO 125 ,,,THAKKAR DIMPLE DHARMESH,,,,,,,10809,Independent,IND,,67,13,,14,26069,0.257,,,26069,,,,
Maharashtra,2017,21-02-2017, ,0,Mumbai City,BRIHAN MUMBAI,MC,6,125,PRABHAG NO 125 ,,,BANSODE KOMAL DHAMMADEEP,,,,,,,12285,Republican Party of India (A),RPI(A),,31,14,,14,26069,0.119,,,26069,,,,
Maharashtra,2017,21-02-2017, ,0,Mumbai City,BRIHAN MUMBAI,MC,6,125,PRABHAG NO 125 ,,,NOTA,,,,,,,u10003,,,,494,15,,14,26069,1.895,,,26069,,,,
Maharashtra,2017,21-02-2017, ,0,Mumbai City,BRIHAN MUMBAI,MC,6,126,PRABHAG NO 126 ,,,BHALERAO ARCHANA SANJAY,,,,,,,11633,Maharashtra Navnirman Sena,MNS,,12759,1,,3,24986,51.065,,,24986,,,,
Maharashtra,2017,21-02-2017, ,0,Mumbai City,BRIHAN MUMBAI,MC,6,126,PRABHAG NO 126 ,,,Chankadan Shraddha Rajendra,,,,,,,1605,Bhartiya Janata Party,BJP,,6089,2,,3,24986,24.37,,,24986,,,,
Maharashtra,2017,21-02-2017, ,0,Mumbai City,BRIHAN MUMBAI,MC,6,126,PRABHAG NO 126 ,,,SHITAP SWATI SUNIL,,,,,,,18691,Shivsena,SHS,,5623,3,,3,24986,22.505,,,24986,,,,
Maharashtra,2017,21-02-2017, ,0,Mumbai City,BRIHAN MUMBAI,MC,6,126,PRABHAG NO 126 ,,,NOTA,,,,,,,u10003,,,,515,4,,3,24986,2.061,,,24986,,,,
Maharashtra,2017,21-02-2017, ,0,Mumbai City,BRIHAN MUMBAI,MC,6,127,PRABHAG NO 127 ,,,PATIL TUKARAM KRISHNA,,,,,,,18691,Shivsena,SHS,,8596,1,,22,23004,37.367,,,23004,,,,
Maharashtra,2017,21-02-2017, ,0,Mumbai City,BRIHAN MUMBAI,MC,6,127,PRABHAG NO 127 ,,,TAWDE RITU RAJESH,,,,,,,1605,Bhartiya Janata Party,BJP,,4572,2,,22,23004,19.875,,,23004,,,,
Maharashtra,2017,21-02-2017, ,0,Mumbai City,BRIHAN MUMBAI,MC,6,127,PRABHAG NO 127 ,,,BHAGAT GANESH VASANT,,,,,,,11633,Maharashtra Navnirman Sena,MNS,,4458,3,,22,23004,19.379,,,23004,,,,
Maharashtra,2017,21-02-2017, ,0,Mumbai City,BRIHAN MUMBAI,MC,6,127,PRABHAG NO 127 ,,,SHAH KETAN PRAFUL,,,,,,,1605,Indian National Congress,BJP,,1589,4,,22,23004,6.907,,,23004,,,,
Maharashtra,2017,21-02-2017, ,0,Mumbai City,BRIHAN MUMBAI,MC,6,127,PRABHAG NO 127 ,,,SHEJWAL NAVNATH SHANKAR,,,,,,,10809,Independent,IND,,827,5,,22,23004,3.595,,,23004,,,,
Maharashtra,2017,21-02-2017, ,0,Mumbai City,BRIHAN MUMBAI,MC,6,127,PRABHAG NO 127 ,,,JADHAV SANJAY MOTIRAM,,,,,,,1875,Bharip Bahujan Mahasangh,BBM,,559,6,,22,23004,2.43,,,23004,,,,
Maharashtra,2017,21-02-2017, ,0,Mumbai City,BRIHAN MUMBAI,MC,6,127,PRABHAG NO 127 ,,,KEDARE JYOTI PRAMOD,,,,,,,16651,Bahujan Samaj Party,BSP,,541,7,,22,23004,2.352,,,23004,,,,
Maharashtra,2017,21-02-2017, ,0,Mumbai City,BRIHAN MUMBAI,MC,6,127,PRABHAG NO 127 ,,,JADHAV CHANDRAMANI CHANDRAKANT,,,,,,,5792,Nationalist Congress Party,NCP,,425,8,,22,23004,1.848,,,23004,,,,
Maharashtra,2017,21-02-2017, ,0,Mumbai City,BRIHAN MUMBAI,MC,6,127,PRABHAG NO 127 ,,,GORE VIJAY VITTHAL,,,,,,,10809,Independent,IND,,322,9,,22,23004,1.4,,,23004,,,,
Maharashtra,2017,21-02-2017, ,0,Mumbai City,BRIHAN MUMBAI,MC,6,127,PRABHAG NO 127 ,,,LOKHANDE SATISH SAMPAT,,,,,,,10809,Independent,IND,,222,10,,22,23004,0.965,,,23004,,,,
Maharashtra,2017,21-02-2017, ,0,Mumbai City,BRIHAN MUMBAI,MC,6,127,PRABHAG NO 127 ,,,SHELAR DINESH DILIP,,,,,,,10809,Independent,IND,,104,11,,22,23004,0.452,,,23004,,,,
Maharashtra,2017,21-02-2017, ,0,Mumbai City,BRIHAN MUMBAI,MC,6,127,PRABHAG NO 127 ,,,Pawar Yogesh Raghunath,,,,,,,10809,Independent,IND,,96,12,,22,23004,0.417,,,23004,,,,
Maharashtra,2017,21-02-2017, ,0,Mumbai City,BRIHAN MUMBAI,MC,6,127,PRABHAG NO 127 ,,,KAMBLE PRAKASH SHANKAR,,,,,,,10809,Independent,IND,,79,13,,22,23004,0.343,,,23004,,,,
Maharashtra,2017,21-02-2017, ,0,Mumbai City,BRIHAN MUMBAI,MC,6,127,PRABHAG NO 127 ,,,Patade Sachin Harishchandra,,,,,,,10809,Independent,IND,,69,14,,22,23004,0.3,,,23004,,,,
Maharashtra,2017,21-02-2017, ,0,Mumbai City,BRIHAN MUMBAI,MC,6,127,PRABHAG NO 127 ,,,SAWANT SANJAY VASUDEO,,,,,,,10809,Independent,IND,,64,15,,22,23004,0.278,,,23004,,,,
Maharashtra,2017,21-02-2017, ,0,Mumbai City,BRIHAN MUMBAI,MC,6,127,PRABHAG NO 127 ,,,BHOSALE SURESH MAHADEV,,,,,,,10809,Independent,IND,,45,16,,22,23004,0.196,,,23004,,,,
Maharashtra,2017,21-02-2017, ,0,Mumbai City,BRIHAN MUMBAI,MC,6,127,PRABHAG NO 127 ,,,Salunke Santosh Vitthal,,,,,,,10809,Independent,IND,,42,17,,22,23004,0.183,,,23004,,,,
Maharashtra,2017,21-02-2017, ,0,Mumbai City,BRIHAN MUMBAI,MC,6,127,PRABHAG NO 127 ,,,PARKHE RAJESH MADHUKAR,,,,,,,14880,Republican Party of India (Khobragade),RPK,,40,18,,22,23004,0.174,,,23004,,,,
Maharashtra,2017,21-02-2017, ,0,Mumbai City,BRIHAN MUMBAI,MC,6,127,PRABHAG NO 127 ,,,Ahire Sudarshan Kisan,,,,,,,10809,Independent,IND,,35,19,,22,23004,0.152,,,23004,,,,
Maharashtra,2017,21-02-2017, ,0,Mumbai City,BRIHAN MUMBAI,MC,6,127,PRABHAG NO 127 ,,,SURVE SHRIKANT YASHWANT,,,,,,,10809,Independent,IND,,30,20,,22,23004,0.13,,,23004,,,,
Maharashtra,2017,21-02-2017, ,0,Mumbai City,BRIHAN MUMBAI,MC,6,127,PRABHAG NO 127 ,,,KANK DATTARAM NARAYAN,,,,,,,8690,Akhil Bharatiya Sena,ABHS,,27,21,,22,23004,0.117,,,23004,,,,
Maharashtra,2017,21-02-2017, ,0,Mumbai City,BRIHAN MUMBAI,MC,6,127,PRABHAG NO 127 ,,,Kagade Jairam Haridas,,,,,,,24549,Sambhaji Brigade,SBBGP,,10,22,,22,23004,0.043,,,23004,,,,
Maharashtra,2017,21-02-2017, ,0,Mumbai City,BRIHAN MUMBAI,MC,6,127,PRABHAG NO 127 ,,,NOTA,,,,,,,u10003,,,,252,23,,22,23004,1.095,,,23004,,,,
Maharashtra,2017,21-02-2017, ,0,Mumbai City,BRIHAN MUMBAI,MC,6,128,PRABHAG NO 128 ,,,HANDE ASHWINI DEEPAK,,,,,,,18691,Shivsena,SHS,,12980,1,,10,25197,51.514,,,25197,,,,
Maharashtra,2017,21-02-2017, ,0,Mumbai City,BRIHAN MUMBAI,MC,6,128,PRABHAG NO 128 ,,,SHIRKE SHUBHANGI DASHRATH,,,,,,,10809,Independent,IND,,4910,2,,10,25197,19.486,,,25197,,,,
Maharashtra,2017,21-02-2017, ,0,Mumbai City,BRIHAN MUMBAI,MC,6,128,PRABHAG NO 128 ,,,Vichare Prachi Pravin,,,,,,,1605,Bhartiya Janata Party,BJP,,4898,3,,10,25197,19.439,,,25197,,,,
Maharashtra,2017,21-02-2017, ,0,Mumbai City,BRIHAN MUMBAI,MC,6,128,PRABHAG NO 128 ,,,gavhane nanda manik,,,,,,,11633,Maharashtra Navnirman Sena,MNS,,607,4,,10,25197,2.409,,,25197,,,,
Maharashtra,2017,21-02-2017, ,0,Mumbai City,BRIHAN MUMBAI,MC,6,128,PRABHAG NO 128 ,,,VARPE SANGEETA VIJAY,,,,,,,1605,Indian National Congress,BJP,,579,5,,10,25197,2.298,,,25197,,,,
Maharashtra,2017,21-02-2017, ,0,Mumbai City,BRIHAN MUMBAI,MC,6,128,PRABHAG NO 128 ,,,KANASE ASHA ASHOK,,,,,,,5792,Nationalist Congress Party,NCP,,287,6,,10,25197,1.139,,,25197,,,,
Maharashtra,2017,21-02-2017, ,0,Mumbai City,BRIHAN MUMBAI,MC,6,128,PRABHAG NO 128 ,,,gaikwad nanda maruti,,,,,,,1875,Bharip Bahujan Mahasangh,BBM,,276,7,,10,25197,1.095,,,25197,,,,
Maharashtra,2017,21-02-2017, ,0,Mumbai City,BRIHAN MUMBAI,MC,6,128,PRABHAG NO 128 ,,,TALEKAR PUSHPALATA ATMARAM,,,,,,,24549,Sambhaji Brigade,SBBGP,,148,8,,10,25197,0.587,,,25197,,,,
Maharashtra,2017,21-02-2017, ,0,Mumbai City,BRIHAN MUMBAI,MC,6,128,PRABHAG NO 128 ,,,Chilawant Kavita Dasharath,,,,,,,10809,Independent,IND,,122,9,,10,25197,0.484,,,25197,,,,
Maharashtra,2017,21-02-2017, ,0,Mumbai City,BRIHAN MUMBAI,MC,6,128,PRABHAG NO 128 ,,,CHAUHAN KAMINI PRADEEP,,,,,,,10809,Independent,IND,,42,10,,10,25197,0.167,,,25197,,,,
Maharashtra,2017,21-02-2017, ,0,Mumbai City,BRIHAN MUMBAI,MC,6,128,PRABHAG NO 128 ,,,NOTA,,,,,,,u10003,,,,348,11,,10,25197,1.381,,,25197,,,,
Maharashtra,2017,21-02-2017, ,0,Mumbai City,BRIHAN MUMBAI,MC,6,129,PRABHAG NO 129 ,,,Gawali Suryakant Jayhari,,,,,,,1605,Bhartiya Janata Party,BJP,,6927,1,,7,22200,31.203,,,22200,,,,
Maharashtra,2017,21-02-2017, ,0,Mumbai City,BRIHAN MUMBAI,MC,6,129,PRABHAG NO 129 ,,,MANDAVKAR PRADIP BABAN,,,,,,,18691,Shivsena,SHS,,6712,2,,7,22200,30.234,,,22200,,,,
Maharashtra,2017,21-02-2017, ,0,Mumbai City,BRIHAN MUMBAI,MC,6,129,PRABHAG NO 129 ,,,Khan Roshan Harun,,,,,,,5792,Nationalist Congress Party,NCP,,4962,3,,7,22200,22.351,,,22200,,,,
Maharashtra,2017,21-02-2017, ,0,Mumbai City,BRIHAN MUMBAI,MC,6,129,PRABHAG NO 129 ,,,Waghmare Archana Pradyumna,,,,,,,1605,Indian National Congress,BJP,,1946,4,,7,22200,8.766,,,22200,,,,
Maharashtra,2017,21-02-2017, ,0,Mumbai City,BRIHAN MUMBAI,MC,6,129,PRABHAG NO 129 ,,,Pathan Saleem Maqbool,,,,,,,706,All India Majlis e Ittehadul Muslimeen,AIMIM,,670,5,,7,22200,3.018,,,22200,,,,
Maharashtra,2017,21-02-2017, ,0,Mumbai City,BRIHAN MUMBAI,MC,6,129,PRABHAG NO 129 ,,,MORE RAJESH RAMCHANDRA,,,,,,,10809,Independent,IND,,591,6,,7,22200,2.662,,,22200,,,,
Maharashtra,2017,21-02-2017, ,0,Mumbai City,BRIHAN MUMBAI,MC,6,129,PRABHAG NO 129 ,,,WAGHMARE JAYWANT MARUTI,,,,,,,8690,Akhil Bharatiya Sena,ABHS,,63,7,,7,22200,0.284,,,22200,,,,
Maharashtra,2017,21-02-2017, ,0,Mumbai City,BRIHAN MUMBAI,MC,6,129,PRABHAG NO 129 ,,,NOTA,,,,,,,u10003,,,,329,8,,7,22200,1.482,,,22200,,,,
Maharashtra,2017,21-02-2017, ,0,Mumbai City,BRIHAN MUMBAI,MC,6,130,PRABHAG NO 130 ,,,TRIVEDI BINDU CHETAN,,,,,,,1605,Bhartiya Janata Party,BJP,,11055,1,,9,24050,45.967,,,24050,,,,
Maharashtra,2017,21-02-2017, ,0,Mumbai City,BRIHAN MUMBAI,MC,6,130,PRABHAG NO 130 ,,,WALUNJ KAVITA MAHESH,,,,,,,18691,Shivsena,SHS,,5910,2,,9,24050,24.574,,,24050,,,,
Maharashtra,2017,21-02-2017, ,0,Mumbai City,BRIHAN MUMBAI,MC,6,130,PRABHAG NO 130 ,,,Kadam Supriya Pravin,,,,,,,1605,Indian National Congress,BJP,,2397,3,,9,24050,9.967,,,24050,,,,
Maharashtra,2017,21-02-2017, ,0,Mumbai City,BRIHAN MUMBAI,MC,6,130,PRABHAG NO 130 ,,,SHAIKH NAFISA AYUB,,,,,,,11633,Maharashtra Navnirman Sena,MNS,,2394,4,,9,24050,9.954,,,24050,,,,
Maharashtra,2017,21-02-2017, ,0,Mumbai City,BRIHAN MUMBAI,MC,6,130,PRABHAG NO 130 ,,,GUPTA POONAM SACHIN,,,,,,,5792,Nationalist Congress Party,NCP,,935,5,,9,24050,3.888,,,24050,,,,
Maharashtra,2017,21-02-2017, ,0,Mumbai City,BRIHAN MUMBAI,MC,6,130,PRABHAG NO 130 ,,,farnandis Lusi David,,,,,,,10809,Independent,IND,,401,6,,9,24050,1.667,,,24050,,,,
Maharashtra,2017,21-02-2017, ,0,Mumbai City,BRIHAN MUMBAI,MC,6,130,PRABHAG NO 130 ,,,DSOUZA JULIE DENIS,,,,,,,10809,Independent,IND,,296,7,,9,24050,1.231,,,24050,,,,
Maharashtra,2017,21-02-2017, ,0,Mumbai City,BRIHAN MUMBAI,MC,6,130,PRABHAG NO 130 ,,,Khedekar Pratibha Swarup,,,,,,,10809,Independent,IND,,91,8,,9,24050,0.378,,,24050,,,,
Maharashtra,2017,21-02-2017, ,0,Mumbai City,BRIHAN MUMBAI,MC,6,130,PRABHAG NO 130 ,,,THAKKER PRITI NARANJI,,,,,,,10809,Independent,IND,,42,9,,9,24050,0.175,,,24050,,,,
Maharashtra,2017,21-02-2017, ,0,Mumbai City,BRIHAN MUMBAI,MC,6,130,PRABHAG NO 130 ,,,NOTA,,,,,,,u10003,,,,529,10,,9,24050,2.2,,,24050,,,,
Maharashtra,2017,21-02-2017, ,0,Mumbai City,BRIHAN MUMBAI,MC,6,131,PRABHAG NO 131 ,,,Jadhav Rakhee Harishchandra,,,,,,,5792,Nationalist Congress Party,NCP,,12123,1,,13,31413,38.592,,,31413,,,,
Maharashtra,2017,21-02-2017, ,0,Mumbai City,BRIHAN MUMBAI,MC,6,131,PRABHAG NO 131 ,,,SHIRSAT BHALCHANDRA MOTIRAM,,,,,,,1605,Bhartiya Janata Party,BJP,,11375,2,,13,31413,36.211,,,31413,,,,
Maharashtra,2017,21-02-2017, ,0,Mumbai City,BRIHAN MUMBAI,MC,6,131,PRABHAG NO 131 ,,,Mange Mangal Lakhamshi,,,,,,,18691,Shivsena,SHS,,4701,3,,13,31413,14.965,,,31413,,,,
Maharashtra,2017,21-02-2017, ,0,Mumbai City,BRIHAN MUMBAI,MC,6,131,PRABHAG NO 131 ,,,MARATHE SURESH GANAPAT,,,,,,,1605,Indian National Congress,BJP,,1038,4,,13,31413,3.304,,,31413,,,,
Maharashtra,2017,21-02-2017, ,0,Mumbai City,BRIHAN MUMBAI,MC,6,131,PRABHAG NO 131 ,,,RANE SANDEEP ANKUSH,,,,,,,11633,Maharashtra Navnirman Sena,MNS,,899,5,,13,31413,2.862,,,31413,,,,
Maharashtra,2017,21-02-2017, ,0,Mumbai City,BRIHAN MUMBAI,MC,6,131,PRABHAG NO 131 ,,,SHIRAL KAVERI DNYANESHWAR,,,,,,,16651,Bahujan Samaj Party,BSP,,143,6,,13,31413,0.455,,,31413,,,,
Maharashtra,2017,21-02-2017, ,0,Mumbai City,BRIHAN MUMBAI,MC,6,131,PRABHAG NO 131 ,,,JOSHI MONTU DEEPAK,,,,,,,10809,Independent,IND,,129,7,,13,31413,0.411,,,31413,,,,
Maharashtra,2017,21-02-2017, ,0,Mumbai City,BRIHAN MUMBAI,MC,6,131,PRABHAG NO 131 ,,,RANGANI RAMESH LALJI,,,,,,,10809,Independent,IND,,112,8,,13,31413,0.357,,,31413,,,,
Maharashtra,2017,21-02-2017, ,0,Mumbai City,BRIHAN MUMBAI,MC,6,131,PRABHAG NO 131 ,,,KEDARE PRAVIN CHANDRAKANT,,,,,,,1875,Bharip Bahujan Mahasangh,BBM,,112,9,,13,31413,0.357,,,31413,,,,
Maharashtra,2017,21-02-2017, ,0,Mumbai City,BRIHAN MUMBAI,MC,6,131,PRABHAG NO 131 ,,,ACHAREKAR VINAY VIDHYADHAR,,,,,,,12285,Republican Party of India (A),RPI(A),,104,10,,13,31413,0.331,,,31413,,,,
Maharashtra,2017,21-02-2017, ,0,Mumbai City,BRIHAN MUMBAI,MC,6,131,PRABHAG NO 131 ,,,Nirbhavane Anand Uttam,,,,,,,24948,Bhartiya Manavatawadi Party,BRMNP,,78,11,,13,31413,0.248,,,31413,,,,
Maharashtra,2017,21-02-2017, ,0,Mumbai City,BRIHAN MUMBAI,MC,6,131,PRABHAG NO 131 ,,,MHASKAR BALKRISHNA SHRIDHAR,,,,,,,10809,Independent,IND,,48,12,,13,31413,0.153,,,31413,,,,
Maharashtra,2017,21-02-2017, ,0,Mumbai City,BRIHAN MUMBAI,MC,6,131,PRABHAG NO 131 ,,,Singh Rajesh Roopnarayan,,,,,,,10809,Independent,IND,,35,13,,13,31413,0.111,,,31413,,,,
Maharashtra,2017,21-02-2017, ,0,Mumbai City,BRIHAN MUMBAI,MC,6,131,PRABHAG NO 131 ,,,NOTA,,,,,,,u10003,,,,516,14,,13,31413,1.643,,,31413,,,,
Maharashtra,2017,21-02-2017, ,0,Mumbai City,BRIHAN MUMBAI,MC,6,132,PRABHAG NO 132 ,,,SHAH PARAG KISHOR,,,,,,,1605,Bhartiya Janata Party,BJP,,14519,1,,7,28426,51.076,,,28426,,,,
Maharashtra,2017,21-02-2017, ,0,Mumbai City,BRIHAN MUMBAI,MC,6,132,PRABHAG NO 132 ,,,CHHEDA PRAVIN VELJI,,,,,,,1605,Indian National Congress,BJP,,11794,2,,7,28426,41.49,,,28426,,,,
Maharashtra,2017,21-02-2017, ,0,Mumbai City,BRIHAN MUMBAI,MC,6,132,PRABHAG NO 132 ,,,PATIL SUDHAKAR LAXMAN,,,,,,,18691,Shivsena,SHS,,1203,3,,7,28426,4.232,,,28426,,,,
Maharashtra,2017,21-02-2017, ,0,Mumbai City,BRIHAN MUMBAI,MC,6,132,PRABHAG NO 132 ,,,CHANDELIYA BOBBY RAMANAND,,,,,,,11633,Maharashtra Navnirman Sena,MNS,,240,4,,7,28426,0.844,,,28426,,,,
Maharashtra,2017,21-02-2017, ,0,Mumbai City,BRIHAN MUMBAI,MC,6,132,PRABHAG NO 132 ,,,JOSHI ASHWIN MITHUBHAI,,,,,,,16651,Bahujan Samaj Party,BSP,,149,5,,7,28426,0.524,,,28426,,,,
Maharashtra,2017,21-02-2017, ,0,Mumbai City,BRIHAN MUMBAI,MC,6,132,PRABHAG NO 132 ,,,SONAWALE SANJAY SHAMRAO,,,,,,,1074,Bahujan Mukti Party,BMUP,,110,6,,7,28426,0.387,,,28426,,,,
Maharashtra,2017,21-02-2017, ,0,Mumbai City,BRIHAN MUMBAI,MC,6,132,PRABHAG NO 132 ,,,NAICKER RAJU SHRINIWASAN,,,,,,,10809,Independent,IND,,63,7,,7,28426,0.222,,,28426,,,,
Maharashtra,2017,21-02-2017, ,0,Mumbai City,BRIHAN MUMBAI,MC,6,132,PRABHAG NO 132 ,,,NOTA,,,,,,,u10003,,,,348,8,,7,28426,1.224,,,28426,,,,
Maharashtra,2017,21-02-2017, ,0,Mumbai City,BRIHAN MUMBAI,MC,6,133,PRABHAG NO 133 ,,,Kadam Parmeshwar Tukaram,,,,,,,11633,Maharashtra Navnirman Sena,MNS,,5037,1,,23,25648,19.639,,,25648,,,,
Maharashtra,2017,21-02-2017, ,0,Mumbai City,BRIHAN MUMBAI,MC,6,133,PRABHAG NO 133 ,,,DEVENDRA RATNAM PRIYASWAMI,,,,,,,1605,Bhartiya Janata Party,BJP,,3791,2,,23,25648,14.781,,,25648,,,,
Maharashtra,2017,21-02-2017, ,0,Mumbai City,BRIHAN MUMBAI,MC,6,133,PRABHAG NO 133 ,,,pawar vikas damodar,,,,,,,16651,Bahujan Samaj Party,BSP,,3526,3,,23,25648,13.748,,,25648,,,,
Maharashtra,2017,21-02-2017, ,0,Mumbai City,BRIHAN MUMBAI,MC,6,133,PRABHAG NO 133 ,,,Pingle Santosh Bhagoji,,,,,,,10809,Independent,IND,,3000,4,,23,25648,11.697,,,25648,,,,
Maharashtra,2017,21-02-2017, ,0,Mumbai City,BRIHAN MUMBAI,MC,6,133,PRABHAG NO 133 ,,,GAIKWAD SACHIN MARUTI,,,,,,,18691,Shivsena,SHS,,2977,5,,23,25648,11.607,,,25648,,,,
Maharashtra,2017,21-02-2017, ,0,Mumbai City,BRIHAN MUMBAI,MC,6,133,PRABHAG NO 133 ,,,UBALE NAMDEV DAMU,,,,,,,10809,Independent,IND,,1236,6,,23,25648,4.819,,,25648,,,,
Maharashtra,2017,21-02-2017, ,0,Mumbai City,BRIHAN MUMBAI,MC,6,133,PRABHAG NO 133 ,,,SHINDE ANIL MARUTI,,,,,,,10809,Independent,IND,,1097,7,,23,25648,4.277,,,25648,,,,
Maharashtra,2017,21-02-2017, ,0,Mumbai City,BRIHAN MUMBAI,MC,6,133,PRABHAG NO 133 ,,,GAIKWAD MILIND BHAGWAN,,,,,,,1875,Bharip Bahujan Mahasangh,BBM,,942,8,,23,25648,3.673,,,25648,,,,
Maharashtra,2017,21-02-2017, ,0,Mumbai City,BRIHAN MUMBAI,MC,6,133,PRABHAG NO 133 ,,,SHARMA BRIJMOHAN BALRAM,,,,,,,1605,Indian National Congress,BJP,,920,9,,23,25648,3.587,,,25648,,,,
Maharashtra,2017,21-02-2017, ,0,Mumbai City,BRIHAN MUMBAI,MC,6,133,PRABHAG NO 133 ,,,SHAIKH ABDULAZIZ ATIKJABBAR,,,,,,,7425,Samajwadi Party,SP,,863,10,,23,25648,3.365,,,25648,,,,
Maharashtra,2017,21-02-2017, ,0,Mumbai City,BRIHAN MUMBAI,MC,6,133,PRABHAG NO 133 ,,,DHUMALE MANOJ SHIVAJI,,,,,,,5792,Nationalist Congress Party,NCP,,497,11,,23,25648,1.938,,,25648,,,,
Maharashtra,2017,21-02-2017, ,0,Mumbai City,BRIHAN MUMBAI,MC,6,133,PRABHAG NO 133 ,,,Jadhav Nitin Raghunath,,,,,,,24948,Bhartiya Manavatawadi Party,BRMNP,,295,12,,23,25648,1.15,,,25648,,,,
Maharashtra,2017,21-02-2017, ,0,Mumbai City,BRIHAN MUMBAI,MC,6,133,PRABHAG NO 133 ,,,KHARAT RAJU SUDAM,,,,,,,10809,Independent,IND,,192,13,,23,25648,0.749,,,25648,,,,
Maharashtra,2017,21-02-2017, ,0,Mumbai City,BRIHAN MUMBAI,MC,6,133,PRABHAG NO 133 ,,,NETAVATE RAVINDRA BABURAO,,,,,,,12285,Republican Party of India (A),RPI(A),,144,14,,23,25648,0.561,,,25648,,,,
Maharashtra,2017,21-02-2017, ,0,Mumbai City,BRIHAN MUMBAI,MC,6,133,PRABHAG NO 133 ,,,SALVE VINOD DAGADU,,,,,,,10809,Independent,IND,,120,15,,23,25648,0.468,,,25648,,,,
Maharashtra,2017,21-02-2017, ,0,Mumbai City,BRIHAN MUMBAI,MC,6,133,PRABHAG NO 133 ,,,SONAWANE VINOD ROHIDAS,,,,,,,10809,Independent,IND,,118,16,,23,25648,0.46,,,25648,,,,
Maharashtra,2017,21-02-2017, ,0,Mumbai City,BRIHAN MUMBAI,MC,6,133,PRABHAG NO 133 ,,,PANDHARE AVINASH LAXMAN,,,,,,,10809,Independent,IND,,96,17,,23,25648,0.374,,,25648,,,,
Maharashtra,2017,21-02-2017, ,0,Mumbai City,BRIHAN MUMBAI,MC,6,133,PRABHAG NO 133 ,,,KAMBLE SUDHIR LAXMAN,,,,,,,5029,Lok Janshakti Party,LJP,,89,18,,23,25648,0.347,,,25648,,,,
Maharashtra,2017,21-02-2017, ,0,Mumbai City,BRIHAN MUMBAI,MC,6,133,PRABHAG NO 133 ,,,SINGH SUSHILKUMAR SANTBAHADUR,,,,,,,10809,Independent,IND,,74,19,,23,25648,0.289,,,25648,,,,
Maharashtra,2017,21-02-2017, ,0,Mumbai City,BRIHAN MUMBAI,MC,6,133,PRABHAG NO 133 ,,,Shete Sandeep Manohar,,,,,,,10809,Independent,IND,,68,20,,23,25648,0.265,,,25648,,,,
Maharashtra,2017,21-02-2017, ,0,Mumbai City,BRIHAN MUMBAI,MC,6,133,PRABHAG NO 133 ,,,SAYYED NADEEM NOOR,,,,,,,8690,Akhil Bharatiya Sena,ABHS,,47,21,,23,25648,0.183,,,25648,,,,
Maharashtra,2017,21-02-2017, ,0,Mumbai City,BRIHAN MUMBAI,MC,6,133,PRABHAG NO 133 ,,,AMRUTKAR UMESH SAHEBRAO,,,,,,,10809,Independent,IND,,44,22,,23,25648,0.172,,,25648,,,,
Maharashtra,2017,21-02-2017, ,0,Mumbai City,BRIHAN MUMBAI,MC,6,133,PRABHAG NO 133 ,,,Sharma Dilip Bholanath,,,,,,,24558,united congress party,UnCP,,40,23,,23,25648,0.156,,,25648,,,,
Maharashtra,2017,21-02-2017, ,0,Mumbai City,BRIHAN MUMBAI,MC,6,133,PRABHAG NO 133 ,,,NOTA,,,,,,,u10003,,,,435,24,,23,25648,1.696,,,25648,,,,
Maharashtra,2017,21-02-2017, ,0,Mumbai City,BRIHAN MUMBAI,MC,6,134,PRABHAG NO 134 ,,,KHAN SHAERA SHAFAHAD,,,,,,,7425,Samajwadi Party,SP,,6671,1,,16,14542,45.874,,,14542,,,,
Maharashtra,2017,21-02-2017, ,0,Mumbai City,BRIHAN MUMBAI,MC,6,134,PRABHAG NO 134 ,,,KHAN SAGIRUNNISA AKHTARALAM,,,,,,,706,All India Majlis e Ittehadul Muslimeen,AIMIM,,2663,2,,16,14542,18.312,,,14542,,,,
Maharashtra,2017,21-02-2017, ,0,Mumbai City,BRIHAN MUMBAI,MC,6,134,PRABHAG NO 134 ,,,INAMDAR NOORJAHAN ABDULMAJID,,,,,,,1605,Indian National Congress,BJP,,1915,3,,16,14542,13.169,,,14542,,,,
Maharashtra,2017,21-02-2017, ,0,Mumbai City,BRIHAN MUMBAI,MC,6,134,PRABHAG NO 134 ,,,MOHITE VARSHA SANTOSH,,,,,,,18691,Shivsena,SHS,,1088,4,,16,14542,7.482,,,14542,,,,
Maharashtra,2017,21-02-2017, ,0,Mumbai City,BRIHAN MUMBAI,MC,6,134,PRABHAG NO 134 ,,,ANSARI TESINA SIRAJUDDIN,,,,,,,5792,Nationalist Congress Party,NCP,,829,5,,16,14542,5.701,,,14542,,,,
Maharashtra,2017,21-02-2017, ,0,Mumbai City,BRIHAN MUMBAI,MC,6,134,PRABHAG NO 134 ,,,MORE REKHA NARENDRA,,,,,,,1605,Bhartiya Janata Party,BJP,,412,6,,16,14542,2.833,,,14542,,,,
Maharashtra,2017,21-02-2017, ,0,Mumbai City,BRIHAN MUMBAI,MC,6,134,PRABHAG NO 134 ,,,SIDDIKI FATIMABEE SHERALI,,,,,,,16651,Bahujan Samaj Party,BSP,,380,7,,16,14542,2.613,,,14542,,,,
Maharashtra,2017,21-02-2017, ,0,Mumbai City,BRIHAN MUMBAI,MC,6,134,PRABHAG NO 134 ,,,KHAN AKHTARUNNISA ISRAR,,,,,,,10809,Independent,IND,,93,8,,16,14542,0.64,,,14542,,,,
Maharashtra,2017,21-02-2017, ,0,Mumbai City,BRIHAN MUMBAI,MC,6,134,PRABHAG NO 134 ,,,KHAN SALEHA SAKIR,,,,,,,10809,Independent,IND,,83,9,,16,14542,0.571,,,14542,,,,
Maharashtra,2017,21-02-2017, ,0,Mumbai City,BRIHAN MUMBAI,MC,6,134,PRABHAG NO 134 ,,,Choudhary Noor Saba Feroz Ahmed,,,,,,,1605,Bhartiya Janata Party,BJP,,77,10,,16,14542,0.53,,,14542,,,,
Maharashtra,2017,21-02-2017, ,0,Mumbai City,BRIHAN MUMBAI,MC,6,134,PRABHAG NO 134 ,,,KHAN KHUSALAIN PAPPU,,,,,,,10809,Independent,IND,,72,11,,16,14542,0.495,,,14542,,,,
Maharashtra,2017,21-02-2017, ,0,Mumbai City,BRIHAN MUMBAI,MC,6,134,PRABHAG NO 134 ,,,SHAIKH NASIMBANO ISAKALI,,,,,,,1605,Bhartiya Janata Party,BJP,,59,12,,16,14542,0.406,,,14542,,,,
Maharashtra,2017,21-02-2017, ,0,Mumbai City,BRIHAN MUMBAI,MC,6,134,PRABHAG NO 134 ,,,Gaikwad Kalpana Kishor,,,,,,,706,All India Majlis e Ittehadul Muslimeen,AIMIM,,52,13,,16,14542,0.358,,,14542,,,,
Maharashtra,2017,21-02-2017, ,0,Mumbai City,BRIHAN MUMBAI,MC,6,134,PRABHAG NO 134 ,,,KHAN REHANABANOO AFZAL,,,,,,,10809,Independent,IND,,49,14,,16,14542,0.337,,,14542,,,,
Maharashtra,2017,21-02-2017, ,0,Mumbai City,BRIHAN MUMBAI,MC,6,134,PRABHAG NO 134 ,,,tripathi kavita shivprasad,,,,,,,3952,Indian Union Muslim League,IUML,,33,15,,16,14542,0.227,,,14542,,,,
Maharashtra,2017,21-02-2017, ,0,Mumbai City,BRIHAN MUMBAI,MC,6,134,PRABHAG NO 134 ,,,SHAIKH FARIDABI NOORMOHAMMED,,,,,,,u10008,Bhartiya Shetkari Kamgar Paksh,,,19,16,,16,14542,0.131,,,14542,,,,
Maharashtra,2017,21-02-2017, ,0,Mumbai City,BRIHAN MUMBAI,MC,6,134,PRABHAG NO 134 ,,,NOTA,,,,,,,u10003,,,,47,17,,16,14542,0.323,,,14542,,,,
Maharashtra,2017,21-02-2017, ,0,Mumbai City,BRIHAN MUMBAI,MC,6,135,PRABHAG NO 135 ,,,Sakre Samiksha Deepak,,,,,,,18691,Shivsena,SHS,,2804,1,,16,15763,17.788,,,15763,,,,
Maharashtra,2017,21-02-2017, ,0,Mumbai City,BRIHAN MUMBAI,MC,6,135,PRABHAG NO 135 ,,,Verma Kailashi Ramkumar,,,,,,,10809,Independent,IND,,2103,2,,16,15763,13.341,,,15763,,,,
Maharashtra,2017,21-02-2017, ,0,Mumbai City,BRIHAN MUMBAI,MC,6,135,PRABHAG NO 135 ,,,BARGE RIa YOGESH,,,,,,,1605,Bhartiya Janata Party,BJP,,1941,3,,16,15763,12.314,,,15763,,,,
Maharashtra,2017,21-02-2017, ,0,Mumbai City,BRIHAN MUMBAI,MC,6,135,PRABHAG NO 135 ,,,SUBRATI KHATIJABI BASHIRAHMED,,,,,,,706,All India Majlis e Ittehadul Muslimeen,AIMIM,,1701,4,,16,15763,10.791,,,15763,,,,
Maharashtra,2017,21-02-2017, ,0,Mumbai City,BRIHAN MUMBAI,MC,6,135,PRABHAG NO 135 ,,,CHOUDHARY SHAHEEN FAZLURREHMAN,,,,,,,7425,Samajwadi Party,SP,,1362,5,,16,15763,8.64,,,15763,,,,
Maharashtra,2017,21-02-2017, ,0,Mumbai City,BRIHAN MUMBAI,MC,6,135,PRABHAG NO 135 ,,,Pawar Ashwini Kisan,,,,,,,12285,Republican Party of India (A),RPI(A),,1315,6,,16,15763,8.342,,,15763,,,,
Maharashtra,2017,21-02-2017, ,0,Mumbai City,BRIHAN MUMBAI,MC,6,135,PRABHAG NO 135 ,,,Petkar Surayya Shabbir,,,,,,,10809,Independent,IND,,1033,7,,16,15763,6.553,,,15763,,,,
Maharashtra,2017,21-02-2017, ,0,Mumbai City,BRIHAN MUMBAI,MC,6,135,PRABHAG NO 135 ,,,SINGH NIRMALADEVI VASANT,,,,,,,1605,Indian National Congress,BJP,,933,8,,16,15763,5.919,,,15763,,,,
Maharashtra,2017,21-02-2017, ,0,Mumbai City,BRIHAN MUMBAI,MC,6,135,PRABHAG NO 135 ,,,JAISWAL PALLAVI SAROJ,,,,,,,16651,Bahujan Samaj Party,BSP,,850,9,,16,15763,5.392,,,15763,,,,
Maharashtra,2017,21-02-2017, ,0,Mumbai City,BRIHAN MUMBAI,MC,6,135,PRABHAG NO 135 ,,,Kashid Rama Babasaheb,,,,,,,1605,Bhartiya Janata Party,BJP,,386,10,,16,15763,2.449,,,15763,,,,
Maharashtra,2017,21-02-2017, ,0,Mumbai City,BRIHAN MUMBAI,MC,6,135,PRABHAG NO 135 ,,,Khirawale Shobha Vasant,,,,,,,11633,Maharashtra Navnirman Sena,MNS,,339,11,,16,15763,2.151,,,15763,,,,
Maharashtra,2017,21-02-2017, ,0,Mumbai City,BRIHAN MUMBAI,MC,6,135,PRABHAG NO 135 ,,,THORAT SUNANDA VIJAY,,,,,,,u10008,Bhartiya Shetkari Kamgar Paksh,,,317,12,,16,15763,2.011,,,15763,,,,
Maharashtra,2017,21-02-2017, ,0,Mumbai City,BRIHAN MUMBAI,MC,6,135,PRABHAG NO 135 ,,,Patil Rupali Nilesh,,,,,,,10809,Independent,IND,,234,13,,16,15763,1.484,,,15763,,,,
Maharashtra,2017,21-02-2017, ,0,Mumbai City,BRIHAN MUMBAI,MC,6,135,PRABHAG NO 135 ,,,GAIKWAD ASHVINI SATISH,,,,,,,9677,Bahujan Vikas Aghadi,BVA,,160,14,,16,15763,1.015,,,15763,,,,
Maharashtra,2017,21-02-2017, ,0,Mumbai City,BRIHAN MUMBAI,MC,6,135,PRABHAG NO 135 ,,,nil ZARINABEGUM SHAULHAMEED,,,,,,,5792,Nationalist Congress Party,NCP,,155,15,,16,15763,0.983,,,15763,,,,
Maharashtra,2017,21-02-2017, ,0,Mumbai City,BRIHAN MUMBAI,MC,6,135,PRABHAG NO 135 ,,,Baske Meena Narendra,,,,,,,10809,Independent,IND,,57,16,,16,15763,0.362,,,15763,,,,
Maharashtra,2017,21-02-2017, ,0,Mumbai City,BRIHAN MUMBAI,MC,6,135,PRABHAG NO 135 ,,,NOTA,,,,,,,u10003,,,,73,17,,16,15763,0.463,,,15763,,,,
Maharashtra,2017,21-02-2017, ,0,Mumbai City,BRIHAN MUMBAI,MC,6,136,PRABHAG NO 136 ,,,SIDDIQUI RUKHSANA NAZIM,,,,,,,7425,Samajwadi Party,SP,,6364,1,,8,15943,39.917,,,15943,,,,
Maharashtra,2017,21-02-2017, ,0,Mumbai City,BRIHAN MUMBAI,MC,6,136,PRABHAG NO 136 ,,,KHAN ASMINBANO BILALAHMED,,,,,,,1605,Indian National Congress,BJP,,2665,2,,8,15943,16.716,,,15943,,,,
Maharashtra,2017,21-02-2017, ,0,Mumbai City,BRIHAN MUMBAI,MC,6,136,PRABHAG NO 136 ,,,KHAN NURIKHATUN SAEED,,,,,,,706,All India Majlis e Ittehadul Muslimeen,AIMIM,,2370,3,,8,15943,14.865,,,15943,,,,
Maharashtra,2017,21-02-2017, ,0,Mumbai City,BRIHAN MUMBAI,MC,6,136,PRABHAG NO 136 ,,,ANSARI QUAMRUNNISA MOHAMMAD NAZIR,,,,,,,5792,Nationalist Congress Party,NCP,,1703,4,,8,15943,10.682,,,15943,,,,
Maharashtra,2017,21-02-2017, ,0,Mumbai City,BRIHAN MUMBAI,MC,6,136,PRABHAG NO 136 ,,,SHAIKH SHABNAM IRSHADILAHI,,,,,,,18691,Shivsena,SHS,,1374,5,,8,15943,8.618,,,15943,,,,
Maharashtra,2017,21-02-2017, ,0,Mumbai City,BRIHAN MUMBAI,MC,6,136,PRABHAG NO 136 ,,,KAMBLE ANITA ANIL,,,,,,,1605,Bhartiya Janata Party,BJP,,1139,6,,8,15943,7.144,,,15943,,,,
Maharashtra,2017,21-02-2017, ,0,Mumbai City,BRIHAN MUMBAI,MC,6,136,PRABHAG NO 136 ,,,USTURE SUNANDA SIDDHARTH,,,,,,,11633,Maharashtra Navnirman Sena,MNS,,152,7,,8,15943,0.953,,,15943,,,,
Maharashtra,2017,21-02-2017, ,0,Mumbai City,BRIHAN MUMBAI,MC,6,136,PRABHAG NO 136 ,,,ANSARI SHABNAM SIRAJUDDIN,,,,,,,10809,Independent,IND,,94,8,,8,15943,0.59,,,15943,,,,
Maharashtra,2017,21-02-2017, ,0,Mumbai City,BRIHAN MUMBAI,MC,6,136,PRABHAG NO 136 ,,,NOTA,,,,,,,u10003,,,,82,9,,8,15943,0.514,,,15943,,,,
Maharashtra,2017,21-02-2017, ,0,Mumbai City,BRIHAN MUMBAI,MC,6,137,PRABHAG NO 137 ,,,Shaikh Ayesha Rafique,,,,,,,7425,Samajwadi Party,SP,,8343,1,,5,16728,49.874,,,16728,,,,
Maharashtra,2017,21-02-2017, ,0,Mumbai City,BRIHAN MUMBAI,MC,6,137,PRABHAG NO 137 ,,,AMBEKAR SANDHYA MAHADEO,,,,,,,18691,Shivsena,SHS,,5695,2,,5,16728,34.045,,,16728,,,,
Maharashtra,2017,21-02-2017, ,0,Mumbai City,BRIHAN MUMBAI,MC,6,137,PRABHAG NO 137 ,,,MURSAL BISMILLA ZAKIR,,,,,,,1605,Indian National Congress,BJP,,1125,3,,5,16728,6.725,,,16728,,,,
Maharashtra,2017,21-02-2017, ,0,Mumbai City,BRIHAN MUMBAI,MC,6,137,PRABHAG NO 137 ,,,SARGAR JAYMALA KAILASH,,,,,,,1605,Bhartiya Janata Party,BJP,,684,4,,5,16728,4.089,,,16728,,,,
Maharashtra,2017,21-02-2017, ,0,Mumbai City,BRIHAN MUMBAI,MC,6,137,PRABHAG NO 137 ,,,MOMIN FARIDA SHOUKAT,,,,,,,5792,Nationalist Congress Party,NCP,,645,5,,5,16728,3.856,,,16728,,,,
Maharashtra,2017,21-02-2017, ,0,Mumbai City,BRIHAN MUMBAI,MC,6,137,PRABHAG NO 137 ,,,NOTA,,,,,,,u10003,,,,236,6,,5,16728,1.411,,,16728,,,,
Maharashtra,2017,21-02-2017, ,0,Mumbai City,BRIHAN MUMBAI,MC,6,138,PRABHAG NO 138 ,,,KHAN AYESHABANO AINMOHAMMED,,,,,,,7425,Samajwadi Party,SP,,6110,1,,11,18123,33.714,,,18123,,,,
Maharashtra,2017,21-02-2017, ,0,Mumbai City,BRIHAN MUMBAI,MC,6,138,PRABHAG NO 138 ,,,SHAIKH REHANA MOHDIQBAL,,,,,,,10809,Independent,IND,,4467,2,,11,18123,24.648,,,18123,,,,
Maharashtra,2017,21-02-2017, ,0,Mumbai City,BRIHAN MUMBAI,MC,6,138,PRABHAG NO 138 ,,,SHINDE SUNANDA ANAND,,,,,,,18691,Shivsena,SHS,,3378,3,,11,18123,18.639,,,18123,,,,
Maharashtra,2017,21-02-2017, ,0,Mumbai City,BRIHAN MUMBAI,MC,6,138,PRABHAG NO 138 ,,,KHAN PARVEEN NASEEMAHMED,,,,,,,5792,Nationalist Congress Party,NCP,,1395,4,,11,18123,7.697,,,18123,,,,
Maharashtra,2017,21-02-2017, ,0,Mumbai City,BRIHAN MUMBAI,MC,6,138,PRABHAG NO 138 ,,,KHAN SHABNAM MATINAHMED,,,,,,,1605,Indian National Congress,BJP,,1245,5,,11,18123,6.87,,,18123,,,,
Maharashtra,2017,21-02-2017, ,0,Mumbai City,BRIHAN MUMBAI,MC,6,138,PRABHAG NO 138 ,,,Khan Shamim bano Mohammed Tarique,,,,,,,1605,Bhartiya Janata Party,BJP,,681,6,,11,18123,3.758,,,18123,,,,
Maharashtra,2017,21-02-2017, ,0,Mumbai City,BRIHAN MUMBAI,MC,6,138,PRABHAG NO 138 ,,,ANSARI SHABANABANO SUBHAN,,,,,,,706,All India Majlis e Ittehadul Muslimeen,AIMIM,,488,7,,11,18123,2.693,,,18123,,,,
Maharashtra,2017,21-02-2017, ,0,Mumbai City,BRIHAN MUMBAI,MC,6,138,PRABHAG NO 138 ,,,SHAIKH NAUREENFATIMA MOHAMMADRAZA,,,,,,,u10008,Bhartiya Shetkari Kamgar Paksh,,,109,8,,11,18123,0.601,,,18123,,,,
Maharashtra,2017,21-02-2017, ,0,Mumbai City,BRIHAN MUMBAI,MC,6,138,PRABHAG NO 138 ,,,ANSARI SHIRIN SAMIULLAH,,,,,,,3952,Indian Union Muslim League,IUML,,74,9,,11,18123,0.408,,,18123,,,,
Maharashtra,2017,21-02-2017, ,0,Mumbai City,BRIHAN MUMBAI,MC,6,138,PRABHAG NO 138 ,,,KHAN ZAINABBEE ABRAR,,,,,,,7425,Samajwadi Party,SP,,32,10,,11,18123,0.177,,,18123,,,,
Maharashtra,2017,21-02-2017, ,0,Mumbai City,BRIHAN MUMBAI,MC,6,138,PRABHAG NO 138 ,,,KHAN RAZIYASULTANA IMRAN,,,,,,,10809,Independent,IND,,12,11,,11,18123,0.066,,,18123,,,,
Maharashtra,2017,21-02-2017, ,0,Mumbai City,BRIHAN MUMBAI,MC,6,138,PRABHAG NO 138 ,,,NOTA,,,,,,,u10003,,,,132,12,,11,18123,0.728,,,18123,,,,
Maharashtra,2017,21-02-2017, ,0,Mumbai City,BRIHAN MUMBAI,MC,6,139,PRABHAG NO 139 ,,,QURESHI AKHTER ABDULRAJJAK,,,,,,,7425,Samajwadi Party,SP,,4782,1,,22,20427,23.41,,,20427,,,,
Maharashtra,2017,21-02-2017, ,0,Mumbai City,BRIHAN MUMBAI,MC,6,139,PRABHAG NO 139 ,,,Kamble Arun Vishwanath,,,,,,,1875,Bharip Bahujan Mahasangh,BBM,,3913,2,,22,20427,19.156,,,20427,,,,
Maharashtra,2017,21-02-2017, ,0,Mumbai City,BRIHAN MUMBAI,MC,6,139,PRABHAG NO 139 ,,,PATIL SURESH KRISHNARAO,,,,,,,18691,Shivsena,SHS,,3733,3,,22,20427,18.275,,,20427,,,,
Maharashtra,2017,21-02-2017, ,0,Mumbai City,BRIHAN MUMBAI,MC,6,139,PRABHAG NO 139 ,,,Shaikh Shareef ibrahim,,,,,,,706,All India Majlis e Ittehadul Muslimeen,AIMIM,,2077,4,,22,20427,10.168,,,20427,,,,
Maharashtra,2017,21-02-2017, ,0,Mumbai City,BRIHAN MUMBAI,MC,6,139,PRABHAG NO 139 ,,,NAIDU VELUSWAMY SUBHEEYA,,,,,,,1605,Indian National Congress,BJP,,1542,5,,22,20427,7.549,,,20427,,,,
Maharashtra,2017,21-02-2017, ,0,Mumbai City,BRIHAN MUMBAI,MC,6,139,PRABHAG NO 139 ,,,WAGHMARE RAJENDRA WAMAN,,,,,,,5792,Nationalist Congress Party,NCP,,686,6,,22,20427,3.358,,,20427,,,,
Maharashtra,2017,21-02-2017, ,0,Mumbai City,BRIHAN MUMBAI,MC,6,139,PRABHAG NO 139 ,,,VAIDYA SATISH VISHWAMBHAR,,,,,,,11633,Maharashtra Navnirman Sena,MNS,,609,7,,22,20427,2.981,,,20427,,,,
Maharashtra,2017,21-02-2017, ,0,Mumbai City,BRIHAN MUMBAI,MC,6,139,PRABHAG NO 139 ,,,KAMBLE RAMESH SURESH,,,,,,,16651,Bahujan Samaj Party,BSP,,534,8,,22,20427,2.614,,,20427,,,,
Maharashtra,2017,21-02-2017, ,0,Mumbai City,BRIHAN MUMBAI,MC,6,139,PRABHAG NO 139 ,,,NYAYNIRGUNE CHANDRAKANT DADU,,,,,,,12285,Republican Party of India (A),RPI(A),,441,9,,22,20427,2.159,,,20427,,,,
Maharashtra,2017,21-02-2017, ,0,Mumbai City,BRIHAN MUMBAI,MC,6,139,PRABHAG NO 139 ,,,Bankar Prakash Supadu,,,,,,,10809,Independent,IND,,372,10,,22,20427,1.821,,,20427,,,,
Maharashtra,2017,21-02-2017, ,0,Mumbai City,BRIHAN MUMBAI,MC,6,139,PRABHAG NO 139 ,,,SHAIKH MOHAMMEDIRFAN KARIMAHMED,,,,,,,10809,Independent,IND,,292,11,,22,20427,1.429,,,20427,,,,
Maharashtra,2017,21-02-2017, ,0,Mumbai City,BRIHAN MUMBAI,MC,6,139,PRABHAG NO 139 ,,,SALVE MEENA BHAUSAHEB,,,,,,,10809,Independent,IND,,285,12,,22,20427,1.395,,,20427,,,,
Maharashtra,2017,21-02-2017, ,0,Mumbai City,BRIHAN MUMBAI,MC,6,139,PRABHAG NO 139 ,,,Nirbhavane Ratan Piraji,,,,,,,1096,bahujan republican sociolist party,BARESP,,249,13,,22,20427,1.219,,,20427,,,,
Maharashtra,2017,21-02-2017, ,0,Mumbai City,BRIHAN MUMBAI,MC,6,139,PRABHAG NO 139 ,,,Dabhade Pravin Ambadas,,,,,,,10809,Independent,IND,,177,14,,22,20427,0.867,,,20427,,,,
Maharashtra,2017,21-02-2017, ,0,Mumbai City,BRIHAN MUMBAI,MC,6,139,PRABHAG NO 139 ,,,MIRZA ERPHANGULAM ASGAR,,,,,,,u10008,Bhartiya Shetkari Kamgar Paksh,,,171,15,,22,20427,0.837,,,20427,,,,
Maharashtra,2017,21-02-2017, ,0,Mumbai City,BRIHAN MUMBAI,MC,6,139,PRABHAG NO 139 ,,,KAMBLE GANGARAM DULBA,,,,,,,10809,Independent,IND,,107,16,,22,20427,0.524,,,20427,,,,
Maharashtra,2017,21-02-2017, ,0,Mumbai City,BRIHAN MUMBAI,MC,6,139,PRABHAG NO 139 ,,,AWARE PRAVIN JANARDHAN,,,,,,,10809,Independent,IND,,64,17,,22,20427,0.313,,,20427,,,,
Maharashtra,2017,21-02-2017, ,0,Mumbai City,BRIHAN MUMBAI,MC,6,139,PRABHAG NO 139 ,,,RIZVI MUKHTARHUSSAIN HAKIM,,,,,,,1605,Indian National Congress,BJP,,50,18,,22,20427,0.245,,,20427,,,,
Maharashtra,2017,21-02-2017, ,0,Mumbai City,BRIHAN MUMBAI,MC,6,139,PRABHAG NO 139 ,,,Nirmale Ananda Vitthal,,,,,,,6935,Republican Paksha Khoripa,RP(K),,48,19,,22,20427,0.235,,,20427,,,,
Maharashtra,2017,21-02-2017, ,0,Mumbai City,BRIHAN MUMBAI,MC,6,139,PRABHAG NO 139 ,,,SHAIKH SHAKEELAHMED FAKIRMOHAMMED,,,,,,,10809,Independent,IND,,36,20,,22,20427,0.176,,,20427,,,,
Maharashtra,2017,21-02-2017, ,0,Mumbai City,BRIHAN MUMBAI,MC,6,139,PRABHAG NO 139 ,,,UBHARE NIRAJ NATHURAM,,,,,,,6792,Rashtriya Samaj Paksha,RSPS,,21,21,,22,20427,0.103,,,20427,,,,
Maharashtra,2017,21-02-2017, ,0,Mumbai City,BRIHAN MUMBAI,MC,6,139,PRABHAG NO 139 ,,,SAYYED MOHAMMADALI MUMTAJALI,,,,,,,3952,Indian Union Muslim League,IUML,,8,22,,22,20427,0.039,,,20427,,,,
Maharashtra,2017,21-02-2017, ,0,Mumbai City,BRIHAN MUMBAI,MC,6,139,PRABHAG NO 139 ,,,NOTA,,,,,,,u10003,,,,230,23,,22,20427,1.126,,,20427,,,,
Maharashtra,2017,21-02-2017, ,0,Mumbai City,BRIHAN MUMBAI,MC,6,140,PRABHAG NO 140 ,,,Shaikh Nadiya Mohsin,,,,,,,5792,Nationalist Congress Party,NCP,,4673,1,,8,21681,21.553,,,21681,,,,
Maharashtra,2017,21-02-2017, ,0,Mumbai City,BRIHAN MUMBAI,MC,6,140,PRABHAG NO 140 ,,,Dhaygude Surekha Shankar,,,,,,,1875,Bharip Bahujan Mahasangh,BBM,,3848,2,,8,21681,17.748,,,21681,,,,
Maharashtra,2017,21-02-2017, ,0,Mumbai City,BRIHAN MUMBAI,MC,6,140,PRABHAG NO 140 ,,,SHAIKH AYESHA ANIS,,,,,,,7425,Samajwadi Party,SP,,3277,3,,8,21681,15.115,,,21681,,,,
Maharashtra,2017,21-02-2017, ,0,Mumbai City,BRIHAN MUMBAI,MC,6,140,PRABHAG NO 140 ,,,NARAVADE RANJANA SHAHAJI,,,,,,,18691,Shivsena,SHS,,3269,4,,8,21681,15.078,,,21681,,,,
Maharashtra,2017,21-02-2017, ,0,Mumbai City,BRIHAN MUMBAI,MC,6,140,PRABHAG NO 140 ,,,PATIL VAISHALI SHASHIKANT,,,,,,,1605,Indian National Congress,BJP,,3223,5,,8,21681,14.866,,,21681,,,,
Maharashtra,2017,21-02-2017, ,0,Mumbai City,BRIHAN MUMBAI,MC,6,140,PRABHAG NO 140 ,,,PATIL MADHAVI ASHOK,,,,,,,6792,Rashtriya Samaj Paksha,RSPS,,1472,6,,8,21681,6.789,,,21681,,,,
Maharashtra,2017,21-02-2017, ,0,Mumbai City,BRIHAN MUMBAI,MC,6,140,PRABHAG NO 140 ,,,KHARE BHARATI SANJAY,,,,,,,11633,Maharashtra Navnirman Sena,MNS,,1055,7,,8,21681,4.866,,,21681,,,,
Maharashtra,2017,21-02-2017, ,0,Mumbai City,BRIHAN MUMBAI,MC,6,140,PRABHAG NO 140 ,,,NEVREKAR RESHMA RAMESH,,,,,,,u10008,Bhartiya Shetkari Kamgar Paksh,,,459,8,,8,21681,2.117,,,21681,,,,
Maharashtra,2017,21-02-2017, ,0,Mumbai City,BRIHAN MUMBAI,MC,6,140,PRABHAG NO 140 ,,,NOTA,,,,,,,u10003,,,,405,9,,8,21681,1.868,,,21681,,,,
Maharashtra,2017,21-02-2017, ,0,Mumbai City,BRIHAN MUMBAI,MC,6,141,PRABHAG NO 141 ,,,Lokare Vitthal Govind,,,,,,,1605,Indian National Congress,BJP,,3642,1,,22,17706,20.569,,,17706,,,,
Maharashtra,2020,09-01-2020,A,1,Mumbai City,BRIHAN MUMBAI,MC,6,141,Ward no. 141 ,,,LOKARE VITHAL GOVIND,,,,,,,18691,Shivsena,SHS,,4427,1,,18,13476,32.851,,,13476,,,,
Maharashtra,2017,21-02-2017, ,0,Mumbai City,BRIHAN MUMBAI,MC,6,141,PRABHAG NO 141 ,,,Panchal Dinesh Harishchandra,,,,,,,1605,Bhartiya Janata Party,BJP,,2658,2,,22,17706,15.012,,,17706,,,,
Maharashtra,2020,09-01-2020,A,1,Mumbai City,BRIHAN MUMBAI,MC,6,141,Ward no. 141 ,,,PANCHAL DINESH HARISHCHANDRA,,,,,,,1605,Bhartiya Janata Party,BJP,,3042,2,,18,13476,22.573,,,13476,,,,
Maharashtra,2017,21-02-2017, ,0,Mumbai City,BRIHAN MUMBAI,MC,6,141,PRABHAG NO 141 ,,,Durrani Nadim MohdRafi,,,,,,,7425,Samajwadi Party,SP,,2337,3,,22,17706,13.199,,,17706,,,,
Maharashtra,2020,09-01-2020,A,1,Mumbai City,BRIHAN MUMBAI,MC,6,141,Ward no. 141 ,,,KHAN TUFAIL BARKATULLAH,,,,,,,10809,Independent,IND,,1787,3,,18,13476,13.261,,,13476,,,,
Maharashtra,2017,21-02-2017, ,0,Mumbai City,BRIHAN MUMBAI,MC,6,141,PRABHAG NO 141 ,,,Raorane Vijay Suresh,,,,,,,11633,Maharashtra Navnirman Sena,MNS,,2249,4,,22,17706,12.702,,,17706,,,,
Maharashtra,2020,09-01-2020,A,1,Mumbai City,BRIHAN MUMBAI,MC,6,141,Ward no. 141 ,,,KHAN JAMIR BHOLE,,,,,,,7425,Samajwadi Party,SP,,1486,4,,18,13476,11.027,,,13476,,,,
Maharashtra,2017,21-02-2017, ,0,Mumbai City,BRIHAN MUMBAI,MC,6,141,PRABHAG NO 141 ,,,Khan Sajid Abdul Hakim,,,,,,,5792,Nationalist Congress Party,NCP,,2135,5,,22,17706,12.058,,,17706,,,,
Maharashtra,2020,09-01-2020,A,1,Mumbai City,BRIHAN MUMBAI,MC,6,141,Ward no. 141 ,,,KAZI ALTAF MOHAMMED,,,,,,,1605,Indian National Congress,BJP,,708,5,,18,13476,5.254,,,13476,,,,
Maharashtra,2017,21-02-2017, ,0,Mumbai City,BRIHAN MUMBAI,MC,6,141,PRABHAG NO 141 ,,,SALVI HEMANT RAMCHANDRA,,,,,,,18691,Shivsena,SHS,,1998,6,,22,17706,11.284,,,17706,,,,
Maharashtra,2020,09-01-2020,A,1,Mumbai City,BRIHAN MUMBAI,MC,6,141,Ward no. 141 ,,,Kamble Sambodhi Ramchandra,,,,,,,7174,republican Sena,rpsn,,618,6,,18,13476,4.586,,,13476,,,,
Maharashtra,2017,21-02-2017, ,0,Mumbai City,BRIHAN MUMBAI,MC,6,141,PRABHAG NO 141 ,,,Kamble Shatabdi Siddharth,,,,,,,1875,Bharip Bahujan Mahasangh,BBM,,1114,7,,22,17706,6.292,,,17706,,,,
Maharashtra,2020,09-01-2020,A,1,Mumbai City,BRIHAN MUMBAI,MC,6,141,Ward no. 141 ,,,KHAN SADDAMHUSSAIN IMAMUDDIN,,,,,,,706,All India Majlis e Ittehadul Muslimeen,AIMIM,,508,7,,18,13476,3.77,,,13476,,,,
Maharashtra,2017,21-02-2017, ,0,Mumbai City,BRIHAN MUMBAI,MC,6,141,PRABHAG NO 141 ,,,sayyed abdulkadeer usmangani,,,,,,,706,All India Majlis e Ittehadul Muslimeen,AIMIM,,388,8,,22,17706,2.191,,,17706,,,,
Maharashtra,2020,09-01-2020,A,1,Mumbai City,BRIHAN MUMBAI,MC,6,141,Ward no. 141 ,,,MORE KISHOR KISAN,,,,,,,10809,Independent,IND,,383,8,,18,13476,2.842,,,13476,,,,
Maharashtra,2017,21-02-2017, ,0,Mumbai City,BRIHAN MUMBAI,MC,6,141,PRABHAG NO 141 ,,,GAIKWAD JAYASHREE PRAKASH,,,,,,,16651,Bahujan Samaj Party,BSP,,308,9,,22,17706,1.74,,,17706,,,,
Maharashtra,2020,09-01-2020,A,1,Mumbai City,BRIHAN MUMBAI,MC,6,141,Ward no. 141 ,,,SATHE ANIL GULAB,,,,,,,10809,Independent,IND,,144,9,,18,13476,1.069,,,13476,,,,
Maharashtra,2017,21-02-2017, ,0,Mumbai City,BRIHAN MUMBAI,MC,6,141,PRABHAG NO 141 ,,,KSHIRSAGAR AMOL BHIMRAO,,,,,,,10809,Independent,IND,,107,10,,22,17706,0.604,,,17706,,,,
Maharashtra,2020,09-01-2020,A,1,Mumbai City,BRIHAN MUMBAI,MC,6,141,Ward no. 141 ,,,KSHIRSAGAR AMOL BHIMRAO,,,,,,,12285,Republican Party of India (A),RPI(A),,106,10,,18,13476,0.787,,,13476,,,,
Maharashtra,2017,21-02-2017, ,0,Mumbai City,BRIHAN MUMBAI,MC,6,141,PRABHAG NO 141 ,,,Suryawanshi Atmaram Ramkishan,,,,,,,10809,Independent,IND,,95,11,,22,17706,0.537,,,17706,,,,
Maharashtra,2020,09-01-2020,A,1,Mumbai City,BRIHAN MUMBAI,MC,6,141,Ward no. 141 ,,,KHAN KHURSHED NAZIR,,,,,,,10809,Independent,IND,,42,11,,18,13476,0.312,,,13476,,,,
Maharashtra,2017,21-02-2017, ,0,Mumbai City,BRIHAN MUMBAI,MC,6,141,PRABHAG NO 141 ,,,Fernandes Paul Martin,,,,,,,10809,Independent,IND,,83,12,,22,17706,0.469,,,17706,,,,
Maharashtra,2020,09-01-2020,A,1,Mumbai City,BRIHAN MUMBAI,MC,6,141,Ward no. 141 ,,,CHIKATE SUBHASH MANOHAR,,,,,,,10809,Independent,IND,,39,12,,18,13476,0.289,,,13476,,,,
Maharashtra,2017,21-02-2017, ,0,Mumbai City,BRIHAN MUMBAI,MC,6,141,PRABHAG NO 141 ,,,RASTE MADHUKAR SIDRAM,,,,,,,5792,Nationalist Congress Party,NCP,,70,13,,22,17706,0.395,,,17706,,,,
Maharashtra,2020,09-01-2020,A,1,Mumbai City,BRIHAN MUMBAI,MC,6,141,Ward no. 141 ,,,BANSODE SANDEEP KASHINATH,,,,,,,10809,Independent,IND,,34,13,,18,13476,0.252,,,13476,,,,
Maharashtra,2017,21-02-2017, ,0,Mumbai City,BRIHAN MUMBAI,MC,6,141,PRABHAG NO 141 ,,,Waghmare Sambhaji Balu,,,,,,,10809,Independent,IND,,69,14,,22,17706,0.39,,,17706,,,,
Maharashtra,2020,09-01-2020,A,1,Mumbai City,BRIHAN MUMBAI,MC,6,141,Ward no. 141 ,,,SAWANT ALAM ABDULKALAM,,,,,,,10809,Independent,IND,,33,14,,18,13476,0.245,,,13476,,,,
Maharashtra,2017,21-02-2017, ,0,Mumbai City,BRIHAN MUMBAI,MC,6,141,PRABHAG NO 141 ,,,BANSODE NILESH KASHINATH,,,,,,,10809,Independent,IND,,68,15,,22,17706,0.384,,,17706,,,,
Maharashtra,2020,09-01-2020,A,1,Mumbai City,BRIHAN MUMBAI,MC,6,141,Ward no. 141 ,,,AWGHADE CHANDRAKANT BALIRAM,,,,,,,10809,Independent,IND,,28,15,,18,13476,0.208,,,13476,,,,
Maharashtra,2017,21-02-2017, ,0,Mumbai City,BRIHAN MUMBAI,MC,6,141,PRABHAG NO 141 ,,,QURESHI RIZWAN AKHTAR,,,,,,,3952,Indian Union Muslim League,IUML,,60,16,,22,17706,0.339,,,17706,,,,
Maharashtra,2020,09-01-2020,A,1,Mumbai City,BRIHAN MUMBAI,MC,6,141,Ward no. 141 ,,,SHAIKH MEHBOOB ABDULKARIM,,,,,,,10809,Independent,IND,,21,16,,18,13476,0.156,,,13476,,,,
Maharashtra,2017,21-02-2017, ,0,Mumbai City,BRIHAN MUMBAI,MC,6,141,PRABHAG NO 141 ,,,BHATT CHANDANKUMAR PREMCHAND,,,,,,,u10008,Bhartiya Shetkari Kamgar Paksh,,,52,17,,22,17706,0.294,,,17706,,,,
Maharashtra,2020,09-01-2020,A,1,Mumbai City,BRIHAN MUMBAI,MC,6,141,Ward no. 141 ,,,SHAIKH INTEKHAB ATHARALAM,,,,,,,10809,Independent,IND,,10,17,,18,13476,0.074,,,13476,,,,
Maharashtra,2017,21-02-2017, ,0,Mumbai City,BRIHAN MUMBAI,MC,6,141,PRABHAG NO 141 ,,,Dhotre Santosh Genu,,,,,,,10809,Independent,IND,,48,18,,22,17706,0.271,,,17706,,,,
Maharashtra,2020,09-01-2020,A,1,Mumbai City,BRIHAN MUMBAI,MC,6,141,Ward no. 141 ,,,SHAIKH IZILE IBRAIHM,,,,,,,10809,Independent,IND,,5,18,,18,13476,0.037,,,13476,,,,
Maharashtra,2017,21-02-2017, ,0,Mumbai City,BRIHAN MUMBAI,MC,6,141,PRABHAG NO 141 ,,,Ansari MohdJahangir MohdYusuf,,,,,,,10809,Independent,IND,,42,19,,22,17706,0.237,,,17706,,,,
Maharashtra,2020,09-01-2020,A,1,Mumbai City,BRIHAN MUMBAI,MC,6,141,Ward no. 141 ,,,NOTA,,,,,,,u10003,,,,55,19,,18,13476,0.408,,,13476,,,,
Maharashtra,2017,21-02-2017, ,0,Mumbai City,BRIHAN MUMBAI,MC,6,141,PRABHAG NO 141 ,,,Sable Ganesh Dagduba,,,,,,,1074,Bahujan Mukti Party,BMUP,,37,20,,22,17706,0.209,,,17706,,,,
Maharashtra,2017,21-02-2017, ,0,Mumbai City,BRIHAN MUMBAI,MC,6,141,PRABHAG NO 141 ,,,Idrisi AhmedParvez ImtiyazAhmed,,,,,,,10809,Independent,IND,,27,21,,22,17706,0.152,,,17706,,,,
Maharashtra,2017,21-02-2017, ,0,Mumbai City,BRIHAN MUMBAI,MC,6,141,PRABHAG NO 141 ,,,DHIWAR SAUMITRASEN EKNATH,,,,,,,10809,Independent,IND,,12,22,,22,17706,0.068,,,17706,,,,
Maharashtra,2017,21-02-2017, ,0,Mumbai City,BRIHAN MUMBAI,MC,6,141,PRABHAG NO 141 ,,,NOTA,,,,,,,u10003,,,,107,23,,22,17706,0.604,,,17706,,,,
Maharashtra,2017,21-02-2017, ,0,Mumbai City,BRIHAN MUMBAI,MC,6,142,PRABHAG NO 142 ,,,SHEWALE VAISHALI NAVIN,,,,,,,18691,Shivsena,SHS,,5312,1,,11,14150,37.541,,,14150,,,,
Maharashtra,2017,21-02-2017, ,0,Mumbai City,BRIHAN MUMBAI,MC,6,142,PRABHAG NO 142 ,,,ALDAR SUREKHA CHANDRAKANT,,,,,,,1605,Bhartiya Janata Party,BJP,,3122,2,,11,14150,22.064,,,14150,,,,
Maharashtra,2017,21-02-2017, ,0,Mumbai City,BRIHAN MUMBAI,MC,6,142,PRABHAG NO 142 ,,,Tambe Neeta Vikas,,,,,,,1605,Indian National Congress,BJP,,2029,3,,11,14150,14.339,,,14150,,,,
Maharashtra,2017,21-02-2017, ,0,Mumbai City,BRIHAN MUMBAI,MC,6,142,PRABHAG NO 142 ,,,kamble sarika sanjay,,,,,,,5792,Nationalist Congress Party,NCP,,1241,4,,11,14150,8.77,,,14150,,,,
Maharashtra,2017,21-02-2017, ,0,Mumbai City,BRIHAN MUMBAI,MC,6,142,PRABHAG NO 142 ,,,Khillare Vaishali Suresh,,,,,,,11633,Maharashtra Navnirman Sena,MNS,,1120,5,,11,14150,7.915,,,14150,,,,
Maharashtra,2017,21-02-2017, ,0,Mumbai City,BRIHAN MUMBAI,MC,6,142,PRABHAG NO 142 ,,,AJGAONKAR MEENAKSHI HARISHCHANDRA,,,,,,,16651,Bahujan Samaj Party,BSP,,530,6,,11,14150,3.746,,,14150,,,,
Maharashtra,2017,21-02-2017, ,0,Mumbai City,BRIHAN MUMBAI,MC,6,142,PRABHAG NO 142 ,,,Sathe Gitanjali Shankar,,,,,,,12285,Republican Party of India (A),RPI(A),,227,7,,11,14150,1.604,,,14150,,,,
Maharashtra,2017,21-02-2017, ,0,Mumbai City,BRIHAN MUMBAI,MC,6,142,PRABHAG NO 142 ,,,kamble sunita dinkar,,,,,,,10809,Independent,IND,,183,8,,11,14150,1.293,,,14150,,,,
Maharashtra,2017,21-02-2017, ,0,Mumbai City,BRIHAN MUMBAI,MC,6,142,PRABHAG NO 142 ,,,JAGTAP MANISHA SHRIRANG,,,,,,,1875,Bharip Bahujan Mahasangh,BBM,,88,9,,11,14150,0.622,,,14150,,,,
Maharashtra,2017,21-02-2017, ,0,Mumbai City,BRIHAN MUMBAI,MC,6,142,PRABHAG NO 142 ,,,VHATKAR SUSHMITA NITISH,,,,,,,1605,Indian National Congress,BJP,,54,10,,11,14150,0.382,,,14150,,,,
Maharashtra,2017,21-02-2017, ,0,Mumbai City,BRIHAN MUMBAI,MC,6,142,PRABHAG NO 142 ,,,Suradkar Shobha Siddharth,,,,,,,18691,Shivsena,SHS,,49,11,,11,14150,0.346,,,14150,,,,
Maharashtra,2017,21-02-2017, ,0,Mumbai City,BRIHAN MUMBAI,MC,6,142,PRABHAG NO 142 ,,,NOTA,,,,,,,u10003,,,,195,12,,11,14150,1.378,,,14150,,,,
Maharashtra,2017,21-02-2017, ,0,Mumbai City,BRIHAN MUMBAI,MC,6,143,PRABHAG NO 143 ,,,Tari Rutuja Rhadayanath,,,,,,,18691,Shivsena,SHS,,4031,1,,10,18579,21.697,,,18579,,,,
Maharashtra,2017,21-02-2017, ,0,Mumbai City,BRIHAN MUMBAI,MC,6,143,PRABHAG NO 143 ,,,Sayyed Ayesha MehmoodQadri,,,,,,,706,All India Majlis e Ittehadul Muslimeen,AIMIM,,3882,2,,10,18579,20.895,,,18579,,,,
Maharashtra,2017,21-02-2017, ,0,Mumbai City,BRIHAN MUMBAI,MC,6,143,PRABHAG NO 143 ,,,Patil Chhaya Sumersingh,,,,,,,11633,Maharashtra Navnirman Sena,MNS,,2853,3,,10,18579,15.356,,,18579,,,,
Maharashtra,2017,21-02-2017, ,0,Mumbai City,BRIHAN MUMBAI,MC,6,143,PRABHAG NO 143 ,,,MUJAWAR ILASBI PAIGAMBAR,,,,,,,5792,Nationalist Congress Party,NCP,,2613,4,,10,18579,14.064,,,18579,,,,
Maharashtra,2017,21-02-2017, ,0,Mumbai City,BRIHAN MUMBAI,MC,6,143,PRABHAG NO 143 ,,,HARAM PURVA PRADIP,,,,,,,1605,Bhartiya Janata Party,BJP,,2045,5,,10,18579,11.007,,,18579,,,,
Maharashtra,2017,21-02-2017, ,0,Mumbai City,BRIHAN MUMBAI,MC,6,143,PRABHAG NO 143 ,,,belamkar shilpa satish,,,,,,,1605,Indian National Congress,BJP,,1059,6,,10,18579,5.7,,,18579,,,,
Maharashtra,2017,21-02-2017, ,0,Mumbai City,BRIHAN MUMBAI,MC,6,143,PRABHAG NO 143 ,,,SONWANE SUSHMA MAHAVIR,,,,,,,16651,Bahujan Samaj Party,BSP,,835,7,,10,18579,4.494,,,18579,,,,
Maharashtra,2017,21-02-2017, ,0,Mumbai City,BRIHAN MUMBAI,MC,6,143,PRABHAG NO 143 ,,,PATIL MANISHA PRABHAKAR,,,,,,,1605,Indian National Congress,BJP,,665,8,,10,18579,3.579,,,18579,,,,
Maharashtra,2017,21-02-2017, ,0,Mumbai City,BRIHAN MUMBAI,MC,6,143,PRABHAG NO 143 ,,,AGRE DIPIKA SANDEEP,,,,,,,16651,Bahujan Samaj Party,BSP,,171,9,,10,18579,0.92,,,18579,,,,
Maharashtra,2017,21-02-2017, ,0,Mumbai City,BRIHAN MUMBAI,MC,6,143,PRABHAG NO 143 ,,,NARALE SANGITA SHRIPATI,,,,,,,10809,Independent,IND,,170,10,,10,18579,0.915,,,18579,,,,
Maharashtra,2017,21-02-2017, ,0,Mumbai City,BRIHAN MUMBAI,MC,6,143,PRABHAG NO 143 ,,,NOTA,,,,,,,u10003,,,,255,11,,10,18579,1.373,,,18579,,,,
Maharashtra,2017,21-02-2017, ,0,Mumbai City,BRIHAN MUMBAI,MC,6,144,PRABHAG NO 144 ,,,Panchal Anita Dinesh,,,,,,,1605,Bhartiya Janata Party,BJP,,7764,1,,11,21603,35.939,,,21603,,,,
Maharashtra,2017,21-02-2017, ,0,Mumbai City,BRIHAN MUMBAI,MC,6,144,PRABHAG NO 144 ,,,SHEWALE KAMINI RAHUL,,,,,,,18691,Shivsena,SHS,,7273,2,,11,21603,33.667,,,21603,,,,
Maharashtra,2017,21-02-2017, ,0,Mumbai City,BRIHAN MUMBAI,MC,6,144,PRABHAG NO 144 ,,,Vichare Samiksha Santosh,,,,,,,1605,Indian National Congress,BJP,,2271,3,,11,21603,10.512,,,21603,,,,
Maharashtra,2017,21-02-2017, ,0,Mumbai City,BRIHAN MUMBAI,MC,6,144,PRABHAG NO 144 ,,,DATE RUPALI SACHIN,,,,,,,5792,Nationalist Congress Party,NCP,,1783,4,,11,21603,8.253,,,21603,,,,
Maharashtra,2017,21-02-2017, ,0,Mumbai City,BRIHAN MUMBAI,MC,6,144,PRABHAG NO 144 ,,,Kadam Rohini Ramesh,,,,,,,11633,Maharashtra Navnirman Sena,MNS,,975,5,,11,21603,4.513,,,21603,,,,
Maharashtra,2017,21-02-2017, ,0,Mumbai City,BRIHAN MUMBAI,MC,6,144,PRABHAG NO 144 ,,,DHASAL SANGITA VISHNU,,,,,,,1875,Bharip Bahujan Mahasangh,BBM,,570,6,,11,21603,2.639,,,21603,,,,
Maharashtra,2017,21-02-2017, ,0,Mumbai City,BRIHAN MUMBAI,MC,6,144,PRABHAG NO 144 ,,,Shaikh Rubina Sadik,,,,,,,10809,Independent,IND,,228,7,,11,21603,1.055,,,21603,,,,
Maharashtra,2017,21-02-2017, ,0,Mumbai City,BRIHAN MUMBAI,MC,6,144,PRABHAG NO 144 ,,,Mohite Anjali Prasenjeet,,,,,,,10809,Independent,IND,,125,8,,11,21603,0.579,,,21603,,,,
Maharashtra,2017,21-02-2017, ,0,Mumbai City,BRIHAN MUMBAI,MC,6,144,PRABHAG NO 144 ,,,SHINDE TARA VISHNU,,,,,,,10809,Independent,IND,,50,9,,11,21603,0.231,,,21603,,,,
Maharashtra,2017,21-02-2017, ,0,Mumbai City,BRIHAN MUMBAI,MC,6,144,PRABHAG NO 144 ,,,Jadhav Ashwini Mahendra,,,,,,,12285,Republican Party of India (A),RPI(A),,42,10,,11,21603,0.194,,,21603,,,,
Maharashtra,2017,21-02-2017, ,0,Mumbai City,BRIHAN MUMBAI,MC,6,144,PRABHAG NO 144 ,,,KODAG SHARMISHTHA MADHUKAR,,,,,,,10809,Independent,IND,,30,11,,11,21603,0.139,,,21603,,,,
Maharashtra,2017,21-02-2017, ,0,Mumbai City,BRIHAN MUMBAI,MC,6,144,PRABHAG NO 144 ,,,NOTA,,,,,,,u10003,,,,492,12,,11,21603,2.277,,,21603,,,,
Maharashtra,2017,21-02-2017, ,0,Mumbai City,BRIHAN MUMBAI,MC,6,145,PRABHAG NO 145 ,,,SHAIKH SHAHNAWAZ SARFARAZHUSSAIN,,,,,,,706,All India Majlis e Ittehadul Muslimeen,AIMIM,,6123,1,,13,22538,27.167,,,22538,,,,
Maharashtra,2017,21-02-2017, ,0,Mumbai City,BRIHAN MUMBAI,MC,6,145,PRABHAG NO 145 ,,,Bhosale Nimish Janardan,,,,,,,18691,Shivsena,SHS,,5659,2,,13,22538,25.109,,,22538,,,,
Maharashtra,2017,21-02-2017, ,0,Mumbai City,BRIHAN MUMBAI,MC,6,145,PRABHAG NO 145 ,,,SHAIKH MAJEET MOHAMMEDHANIF,,,,,,,1605,Indian National Congress,BJP,,3107,3,,13,22538,13.786,,,22538,,,,
Maharashtra,2017,21-02-2017, ,0,Mumbai City,BRIHAN MUMBAI,MC,6,145,PRABHAG NO 145 ,,,Khan Sirajuddin Salahuddin,,,,,,,5792,Nationalist Congress Party,NCP,,2192,4,,13,22538,9.726,,,22538,,,,
Maharashtra,2017,21-02-2017, ,0,Mumbai City,BRIHAN MUMBAI,MC,6,145,PRABHAG NO 145 ,,,Khan Shabir Siddique,,,,,,,10809,Independent,IND,,1941,5,,13,22538,8.612,,,22538,,,,
Maharashtra,2017,21-02-2017, ,0,Mumbai City,BRIHAN MUMBAI,MC,6,145,PRABHAG NO 145 ,,,SHAIKH MOHAMMEDFAROOQUE ABDULRAZAK,,,,,,,10809,Independent,IND,,1351,6,,13,22538,5.994,,,22538,,,,
Maharashtra,2017,21-02-2017, ,0,Mumbai City,BRIHAN MUMBAI,MC,6,145,PRABHAG NO 145 ,,,Surana Pankaj Mohanlal,,,,,,,1605,Bhartiya Janata Party,BJP,,1048,7,,13,22538,4.65,,,22538,,,,
Maharashtra,2017,21-02-2017, ,0,Mumbai City,BRIHAN MUMBAI,MC,6,145,PRABHAG NO 145 ,,,Thevar Murugan Shankar,,,,,,,930,All India Anna Dravid Munnetra Kazhagam Party,ADMK,,456,8,,13,22538,2.023,,,22538,,,,
Maharashtra,2017,21-02-2017, ,0,Mumbai City,BRIHAN MUMBAI,MC,6,145,PRABHAG NO 145 ,,,KUMARE MANJU BHOLESHANKAR,,,,,,,10809,Independent,IND,,125,9,,13,22538,0.555,,,22538,,,,
Maharashtra,2017,21-02-2017, ,0,Mumbai City,BRIHAN MUMBAI,MC,6,145,PRABHAG NO 145 ,,,KHAN FARAZAHMAD NISAR,,,,,,,10809,Independent,IND,,103,10,,13,22538,0.457,,,22538,,,,
Maharashtra,2017,21-02-2017, ,0,Mumbai City,BRIHAN MUMBAI,MC,6,145,PRABHAG NO 145 ,,,PATIL GANESH BHAGOJI,,,,,,,11633,Maharashtra Navnirman Sena,MNS,,97,11,,13,22538,0.43,,,22538,,,,
Maharashtra,2017,21-02-2017, ,0,Mumbai City,BRIHAN MUMBAI,MC,6,145,PRABHAG NO 145 ,,,SANJAR IMRANAZAD DAWOOD,,,,,,,10809,Independent,IND,,89,12,,13,22538,0.395,,,22538,,,,
Maharashtra,2017,21-02-2017, ,0,Mumbai City,BRIHAN MUMBAI,MC,6,145,PRABHAG NO 145 ,,,PENDHARI PRATIK KAMLAKAR,,,,,,,u10008,Bhartiya Shetkari Kamgar Paksh,,,43,13,,13,22538,0.191,,,22538,,,,
Maharashtra,2017,21-02-2017, ,0,Mumbai City,BRIHAN MUMBAI,MC,6,145,PRABHAG NO 145 ,,,NOTA,,,,,,,u10003,,,,204,14,,13,22538,0.905,,,22538,,,,
Maharashtra,2017,21-02-2017, ,0,Mumbai City,BRIHAN MUMBAI,MC,6,146,PRABHAG NO 146 ,,,KATE SAMRIDDHI GANESH,,,,,,,18691,Shivsena,SHS,,8622,1,,14,22285,38.69,,,22285,,,,
Maharashtra,2017,21-02-2017, ,0,Mumbai City,BRIHAN MUMBAI,MC,6,146,PRABHAG NO 146 ,,,Bhosle Nilesh Prakash,,,,,,,5792,Nationalist Congress Party,NCP,,5071,2,,14,22285,22.755,,,22285,,,,
Maharashtra,2017,21-02-2017, ,0,Mumbai City,BRIHAN MUMBAI,MC,6,146,PRABHAG NO 146 ,,,KATKAR ANITA JITESH,,,,,,,12285,Republican Party of India (A),RPI(A),,2526,3,,14,22285,11.335,,,22285,,,,
Maharashtra,2017,21-02-2017, ,0,Mumbai City,BRIHAN MUMBAI,MC,6,146,PRABHAG NO 146 ,,,DHOBLE SHANKAR SOPAN,,,,,,,1605,Indian National Congress,BJP,,2191,4,,14,22285,9.832,,,22285,,,,
Maharashtra,2017,21-02-2017, ,0,Mumbai City,BRIHAN MUMBAI,MC,6,146,PRABHAG NO 146 ,,,KAMBLE SHASHANK RUPA,,,,,,,16651,Bahujan Samaj Party,BSP,,753,5,,14,22285,3.379,,,22285,,,,
Maharashtra,2017,21-02-2017, ,0,Mumbai City,BRIHAN MUMBAI,MC,6,146,PRABHAG NO 146 ,,,PURBHE RAJESH BABURAO,,,,,,,11633,Maharashtra Navnirman Sena,MNS,,745,6,,14,22285,3.343,,,22285,,,,
Maharashtra,2017,21-02-2017, ,0,Mumbai City,BRIHAN MUMBAI,MC,6,146,PRABHAG NO 146 ,,,VARTHE BHAUSAHEB RANGNATH,,,,,,,10809,Independent,IND,,623,7,,14,22285,2.796,,,22285,,,,
Maharashtra,2017,21-02-2017, ,0,Mumbai City,BRIHAN MUMBAI,MC,6,146,PRABHAG NO 146 ,,,GAIKWAD REKHA DINESH,,,,,,,10809,Independent,IND,,295,8,,14,22285,1.324,,,22285,,,,
Maharashtra,2017,21-02-2017, ,0,Mumbai City,BRIHAN MUMBAI,MC,6,146,PRABHAG NO 146 ,,,KHADE SHANTILAL HIRAJI,,,,,,,7425,Samajwadi Party,SP,,208,9,,14,22285,0.933,,,22285,,,,
Maharashtra,2017,21-02-2017, ,0,Mumbai City,BRIHAN MUMBAI,MC,6,146,PRABHAG NO 146 ,,,WAKADE NEETA SANDEEP,,,,,,,1605,Bhartiya Janata Party,BJP,,197,10,,14,22285,0.884,,,22285,,,,
Maharashtra,2017,21-02-2017, ,0,Mumbai City,BRIHAN MUMBAI,MC,6,146,PRABHAG NO 146 ,,,JAGTAP SAKHUBAI KASHINATH,,,,,,,10809,Independent,IND,,83,11,,14,22285,0.372,,,22285,,,,
Maharashtra,2017,21-02-2017, ,0,Mumbai City,BRIHAN MUMBAI,MC,6,146,PRABHAG NO 146 ,,,BHINGARDIVE MAHENDRA TULSHIRAM,,,,,,,16651,Bahujan Samaj Party,BSP,,80,12,,14,22285,0.359,,,22285,,,,
Maharashtra,2017,21-02-2017, ,0,Mumbai City,BRIHAN MUMBAI,MC,6,146,PRABHAG NO 146 ,,,SAPUTRE RAVINDRA NIVRUTTI,,,,,,,10809,Independent,IND,,61,13,,14,22285,0.274,,,22285,,,,
Maharashtra,2017,21-02-2017, ,0,Mumbai City,BRIHAN MUMBAI,MC,6,146,PRABHAG NO 146 ,,,SONAVANE RAMESH SHANKAR,,,,,,,12019,Peasants & Workers Party of India,PWP,,54,14,,14,22285,0.242,,,22285,,,,
Maharashtra,2017,21-02-2017, ,0,Mumbai City,BRIHAN MUMBAI,MC,6,146,PRABHAG NO 146 ,,,NOTA,,,,,,,u10003,,,,776,15,,14,22285,3.482,,,22285,,,,
Maharashtra,2017,21-02-2017, ,0,Mumbai City,BRIHAN MUMBAI,MC,6,147,PRABHAG NO 147 ,,,Naik Anjali Sanjay,,,,,,,18691,Shivsena,SHS,,7565,1,,8,19618,38.562,,,19618,,,,
Maharashtra,2017,21-02-2017, ,0,Mumbai City,BRIHAN MUMBAI,MC,6,147,PRABHAG NO 147 ,,,Mahulkar Seema Rajendra,,,,,,,1605,Indian National Congress,BJP,,5163,2,,8,19618,26.318,,,19618,,,,
Maharashtra,2017,21-02-2017, ,0,Mumbai City,BRIHAN MUMBAI,MC,6,147,PRABHAG NO 147 ,,,CHEMATE MANISHA SANTOSH,,,,,,,12285,Republican Party of India (A),RPI(A),,3927,3,,8,19618,20.017,,,19618,,,,
Maharashtra,2017,21-02-2017, ,0,Mumbai City,BRIHAN MUMBAI,MC,6,147,PRABHAG NO 147 ,,,Qureshi Jinat Aziz,,,,,,,5792,Nationalist Congress Party,NCP,,1504,4,,8,19618,7.666,,,19618,,,,
Maharashtra,2017,21-02-2017, ,0,Mumbai City,BRIHAN MUMBAI,MC,6,147,PRABHAG NO 147 ,,,THOMBARE aRTI SURESH,,,,,,,11633,Maharashtra Navnirman Sena,MNS,,462,5,,8,19618,2.355,,,19618,,,,
Maharashtra,2017,21-02-2017, ,0,Mumbai City,BRIHAN MUMBAI,MC,6,147,PRABHAG NO 147 ,,,CHOUGULE SHRUTIKA BAPURAO,,,,,,,16651,Bahujan Samaj Party,BSP,,260,6,,8,19618,1.325,,,19618,,,,
Maharashtra,2017,21-02-2017, ,0,Mumbai City,BRIHAN MUMBAI,MC,6,147,PRABHAG NO 147 ,,,RAUT SUNITA PARSHURAM,,,,,,,10809,Independent,IND,,139,7,,8,19618,0.709,,,19618,,,,
Maharashtra,2017,21-02-2017, ,0,Mumbai City,BRIHAN MUMBAI,MC,6,147,PRABHAG NO 147 ,,,SHINDE RAJANI DEEPAK,,,,,,,5792,Nationalist Congress Party,NCP,,123,8,,8,19618,0.627,,,19618,,,,
Maharashtra,2017,21-02-2017, ,0,Mumbai City,BRIHAN MUMBAI,MC,6,147,PRABHAG NO 147 ,,,NOTA,,,,,,,u10003,,,,475,9,,8,19618,2.421,,,19618,,,,
Maharashtra,2017,21-02-2017, ,0,Mumbai City,BRIHAN MUMBAI,MC,6,148,PRABHAG NO 148 ,,,Shinde Nidhi Pramod,,,,,,,18691,Shivsena,SHS,,4485,1,,14,15527,28.885,,,15527,,,,
Maharashtra,2017,21-02-2017, ,0,Mumbai City,BRIHAN MUMBAI,MC,6,148,PRABHAG NO 148 ,,,KHARATMOL RUKMINI VITHAL,,,,,,,1605,Bhartiya Janata Party,BJP,,3256,2,,14,15527,20.97,,,15527,,,,
Maharashtra,2017,21-02-2017, ,0,Mumbai City,BRIHAN MUMBAI,MC,6,148,PRABHAG NO 148 ,,,RATHOD PRANITA BALASAHEB,,,,,,,1605,Indian National Congress,BJP,,2448,3,,14,15527,15.766,,,15527,,,,
Maharashtra,2017,21-02-2017, ,0,Mumbai City,BRIHAN MUMBAI,MC,6,148,PRABHAG NO 148 ,,,Shirsat Rekha Madhukar,,,,,,,5792,Nationalist Congress Party,NCP,,1716,4,,14,15527,11.052,,,15527,,,,
Maharashtra,2017,21-02-2017, ,0,Mumbai City,BRIHAN MUMBAI,MC,6,148,PRABHAG NO 148 ,,,KAMBLE USHA ANIL,,,,,,,1605,Indian National Congress,BJP,,1333,5,,14,15527,8.585,,,15527,,,,
Maharashtra,2017,21-02-2017, ,0,Mumbai City,BRIHAN MUMBAI,MC,6,148,PRABHAG NO 148 ,,,SHANBHAG SHOBHA ASHOK,,,,,,,11633,Maharashtra Navnirman Sena,MNS,,1009,6,,14,15527,6.498,,,15527,,,,
Maharashtra,2017,21-02-2017, ,0,Mumbai City,BRIHAN MUMBAI,MC,6,148,PRABHAG NO 148 ,,,SHARMA RAJRANI BRIJESH,,,,,,,7425,Samajwadi Party,SP,,502,7,,14,15527,3.233,,,15527,,,,
Maharashtra,2017,21-02-2017, ,0,Mumbai City,BRIHAN MUMBAI,MC,6,148,PRABHAG NO 148 ,,,NIKALE SNEHLATA RANJAN,,,,,,,16651,Bahujan Samaj Party,BSP,,250,8,,14,15527,1.61,,,15527,,,,
Maharashtra,2017,21-02-2017, ,0,Mumbai City,BRIHAN MUMBAI,MC,6,148,PRABHAG NO 148 ,,,KSHIRSAGAR SUREKHA BHIMRAO,,,,,,,u10008,Bhartiya Shetkari Kamgar Paksh,,,71,9,,14,15527,0.457,,,15527,,,,
Maharashtra,2017,21-02-2017, ,0,Mumbai City,BRIHAN MUMBAI,MC,6,148,PRABHAG NO 148 ,,,SONAVANE VIMAL KAILASH,,,,,,,10809,Independent,IND,,64,10,,14,15527,0.412,,,15527,,,,
Maharashtra,2017,21-02-2017, ,0,Mumbai City,BRIHAN MUMBAI,MC,6,148,PRABHAG NO 148 ,,,KAMBLE SUNITA GANESH,,,,,,,1096,bahujan republican sociolist party,BARESP,,61,11,,14,15527,0.393,,,15527,,,,
Maharashtra,2017,21-02-2017, ,0,Mumbai City,BRIHAN MUMBAI,MC,6,148,PRABHAG NO 148 ,,,JAISWAL PRAMILADEVI ASHOK,,,,,,,10809,Independent,IND,,54,12,,14,15527,0.348,,,15527,,,,
Maharashtra,2017,21-02-2017, ,0,Mumbai City,BRIHAN MUMBAI,MC,6,148,PRABHAG NO 148 ,,,JAGTAP VAISHALI MILIND,,,,,,,12285,Republican Party of India (A),RPI(A),,49,13,,14,15527,0.316,,,15527,,,,
Maharashtra,2017,21-02-2017, ,0,Mumbai City,BRIHAN MUMBAI,MC,6,148,PRABHAG NO 148 ,,,jadhav pranjali prakash,,,,,,,10809,Independent,IND,,29,14,,14,15527,0.187,,,15527,,,,
Maharashtra,2017,21-02-2017, ,0,Mumbai City,BRIHAN MUMBAI,MC,6,148,PRABHAG NO 148 ,,,NOTA,,,,,,,u10003,,,,200,15,,14,15527,1.288,,,15527,,,,
Maharashtra,2017,21-02-2017, ,0,Mumbai City,BRIHAN MUMBAI,MC,6,149,PRABHAG NO 149 ,,,SAWANT SUSHAM GOPAL,,,,,,,1605,Bhartiya Janata Party,BJP,,5927,1,,11,22569,26.262,,,22569,,,,
Maharashtra,2017,21-02-2017, ,0,Mumbai City,BRIHAN MUMBAI,MC,6,149,PRABHAG NO 149 ,,,KADAM SANJAY ISHWAR,,,,,,,18691,Shivsena,SHS,,3808,2,,11,22569,16.873,,,22569,,,,
Maharashtra,2017,21-02-2017, ,0,Mumbai City,BRIHAN MUMBAI,MC,6,149,PRABHAG NO 149 ,,,Salvi Yatin Ravindra,,,,,,,1605,Indian National Congress,BJP,,3233,3,,11,22569,14.325,,,22569,,,,
Maharashtra,2017,21-02-2017, ,0,Mumbai City,BRIHAN MUMBAI,MC,6,149,PRABHAG NO 149 ,,,CHAUGULE RAJEEV SUMANT,,,,,,,11633,Maharashtra Navnirman Sena,MNS,,2973,4,,11,22569,13.173,,,22569,,,,
Maharashtra,2017,21-02-2017, ,0,Mumbai City,BRIHAN MUMBAI,MC,6,149,PRABHAG NO 149 ,,,Awasthi Ganesh Ramrup,,,,,,,10809,Independent,IND,,2903,5,,11,22569,12.863,,,22569,,,,
Maharashtra,2017,21-02-2017, ,0,Mumbai City,BRIHAN MUMBAI,MC,6,149,PRABHAG NO 149 ,,,KATARNAVRE RAJESH KERU,,,,,,,16651,Bahujan Samaj Party,BSP,,1756,6,,11,22569,7.781,,,22569,,,,
Maharashtra,2017,21-02-2017, ,0,Mumbai City,BRIHAN MUMBAI,MC,6,149,PRABHAG NO 149 ,,,GAWARE SURESH DINKAR,,,,,,,5792,Nationalist Congress Party,NCP,,606,7,,11,22569,2.685,,,22569,,,,
Maharashtra,2017,21-02-2017, ,0,Mumbai City,BRIHAN MUMBAI,MC,6,149,PRABHAG NO 149 ,,,SHIRWALKAR KIRAN VASANT,,,,,,,10809,Independent,IND,,479,8,,11,22569,2.122,,,22569,,,,
Maharashtra,2017,21-02-2017, ,0,Mumbai City,BRIHAN MUMBAI,MC,6,149,PRABHAG NO 149 ,,,KALE DNYANESHWAR KONDAJI,,,,,,,10809,Independent,IND,,387,9,,11,22569,1.715,,,22569,,,,
Maharashtra,2017,21-02-2017, ,0,Mumbai City,BRIHAN MUMBAI,MC,6,149,PRABHAG NO 149 ,,,PUTHRAN VASANTH SANJEEVA,,,,,,,10809,Independent,IND,,62,10,,11,22569,0.275,,,22569,,,,
Maharashtra,2017,21-02-2017, ,0,Mumbai City,BRIHAN MUMBAI,MC,6,149,PRABHAG NO 149 ,,,BANDEKAR HEMA VISHNU,,,,,,,10809,Independent,IND,,57,11,,11,22569,0.253,,,22569,,,,
Maharashtra,2017,21-02-2017, ,0,Mumbai City,BRIHAN MUMBAI,MC,6,149,PRABHAG NO 149 ,,,NOTA,,,,,,,u10003,,,,378,12,,11,22569,1.675,,,22569,,,,
Maharashtra,2017,21-02-2017, ,0,Mumbai City,BRIHAN MUMBAI,MC,6,150,PRABHAG NO 150 ,,,HANDORE SANGEETA CHANDRAKANT,,,,,,,1605,Indian National Congress,BJP,,8046,1,,18,18669,43.098,,,18669,,,,
Maharashtra,2017,21-02-2017, ,0,Mumbai City,BRIHAN MUMBAI,MC,6,150,PRABHAG NO 150 ,,,MANE KRISHNA ANNA,,,,,,,12285,Republican Party of India (A),RPI(A),,2204,2,,18,18669,11.806,,,18669,,,,
Maharashtra,2017,21-02-2017, ,0,Mumbai City,BRIHAN MUMBAI,MC,6,150,PRABHAG NO 150 ,,,Kakad Aruna Nalasheth,,,,,,,18691,Shivsena,SHS,,1799,3,,18,18669,9.636,,,18669,,,,
Maharashtra,2017,21-02-2017, ,0,Mumbai City,BRIHAN MUMBAI,MC,6,150,PRABHAG NO 150 ,,,Shivankar Prashant Mahadev,,,,,,,16651,Bahujan Samaj Party,BSP,,905,4,,18,18669,4.848,,,18669,,,,
Maharashtra,2017,21-02-2017, ,0,Mumbai City,BRIHAN MUMBAI,MC,6,150,PRABHAG NO 150 ,,,Zagade Vinod Bapu,,,,,,,11633,Maharashtra Navnirman Sena,MNS,,812,5,,18,18669,4.349,,,18669,,,,
Maharashtra,2017,21-02-2017, ,0,Mumbai City,BRIHAN MUMBAI,MC,6,150,PRABHAG NO 150 ,,,DHAWALE PRABHAKAR ASARAM,,,,,,,706,All India Majlis e Ittehadul Muslimeen,AIMIM,,806,6,,18,18669,4.317,,,18669,,,,
Maharashtra,2017,21-02-2017, ,0,Mumbai City,BRIHAN MUMBAI,MC,6,150,PRABHAG NO 150 ,,,ATHAWALE MAYUR RAMCHANDRA,,,,,,,1096,bahujan republican sociolist party,BARESP,,738,7,,18,18669,3.953,,,18669,,,,
Maharashtra,2017,21-02-2017, ,0,Mumbai City,BRIHAN MUMBAI,MC,6,150,PRABHAG NO 150 ,,,SHINDE JITENDRA BABURAO,,,,,,,5792,Nationalist Congress Party,NCP,,699,8,,18,18669,3.744,,,18669,,,,
Maharashtra,2017,21-02-2017, ,0,Mumbai City,BRIHAN MUMBAI,MC,6,150,PRABHAG NO 150 ,,,Sayed Mohinuddin Moiddin,,,,,,,10809,Independent,IND,,603,9,,18,18669,3.23,,,18669,,,,
Maharashtra,2017,21-02-2017, ,0,Mumbai City,BRIHAN MUMBAI,MC,6,150,PRABHAG NO 150 ,,,BANSODE BABASAHEB DNYANU,,,,,,,7425,Samajwadi Party,SP,,480,10,,18,18669,2.571,,,18669,,,,
Maharashtra,2017,21-02-2017, ,0,Mumbai City,BRIHAN MUMBAI,MC,6,150,PRABHAG NO 150 ,,,Thorat Kumar Chintaman,,,,,,,1875,Bharip Bahujan Mahasangh,BBM,,381,11,,18,18669,2.041,,,18669,,,,
Maharashtra,2017,21-02-2017, ,0,Mumbai City,BRIHAN MUMBAI,MC,6,150,PRABHAG NO 150 ,,,BHALERAO SNEHA SANJAY,,,,,,,12285,Republican Party of India (A),RPI(A),,302,12,,18,18669,1.618,,,18669,,,,
Maharashtra,2017,21-02-2017, ,0,Mumbai City,BRIHAN MUMBAI,MC,6,150,PRABHAG NO 150 ,,,PATOLE ANITA KIRAN,,,,,,,18691,Shivsena,SHS,,174,13,,18,18669,0.932,,,18669,,,,
Maharashtra,2017,21-02-2017, ,0,Mumbai City,BRIHAN MUMBAI,MC,6,150,PRABHAG NO 150 ,,,PATIL ASHOK RAMA,,,,,,,10809,Independent,IND,,114,14,,18,18669,0.611,,,18669,,,,
Maharashtra,2017,21-02-2017, ,0,Mumbai City,BRIHAN MUMBAI,MC,6,150,PRABHAG NO 150 ,,,Waghmare Vishal Sham,,,,,,,880,Ambedkarite Party Of India,APoI,,88,15,,18,18669,0.471,,,18669,,,,
Maharashtra,2017,21-02-2017, ,0,Mumbai City,BRIHAN MUMBAI,MC,6,150,PRABHAG NO 150 ,,,jadhav suvarna sandeep,,,,,,,10809,Independent,IND,,77,16,,18,18669,0.412,,,18669,,,,
Maharashtra,2017,21-02-2017, ,0,Mumbai City,BRIHAN MUMBAI,MC,6,150,PRABHAG NO 150 ,,,NYAYNIT BHASKAR PANDURANG,,,,,,,10809,Independent,IND,,53,17,,18,18669,0.284,,,18669,,,,
Maharashtra,2017,21-02-2017, ,0,Mumbai City,BRIHAN MUMBAI,MC,6,150,PRABHAG NO 150 ,,,SONAWANE BHUJLING BHIWA,,,,,,,12285,Republican Party of India (A),RPI(A),,47,18,,18,18669,0.252,,,18669,,,,
Maharashtra,2017,21-02-2017, ,0,Mumbai City,BRIHAN MUMBAI,MC,6,150,PRABHAG NO 150 ,,,NOTA,,,,,,,u10003,,,,341,19,,18,18669,1.827,,,18669,,,,
Maharashtra,2017,21-02-2017, ,0,Mumbai City,BRIHAN MUMBAI,MC,6,151,PRABHAG NO 151 ,,,FULWARIA RAJESH OMPRAKASH,,,,,,,1605,Bhartiya Janata Party,BJP,,9972,1,,19,23592,42.269,,,23592,,,,
Maharashtra,2017,21-02-2017, ,0,Mumbai City,BRIHAN MUMBAI,MC,6,151,PRABHAG NO 151 ,,,Sable Gautam Ganpat,,,,,,,1605,Indian National Congress,BJP,,5295,2,,19,23592,22.444,,,23592,,,,
Maharashtra,2017,21-02-2017, ,0,Mumbai City,BRIHAN MUMBAI,MC,6,151,PRABHAG NO 151 ,,,Naik Kamlakar Shantaram,,,,,,,18691,Shivsena,SHS,,4175,3,,19,23592,17.697,,,23592,,,,
Maharashtra,2017,21-02-2017, ,0,Mumbai City,BRIHAN MUMBAI,MC,6,151,PRABHAG NO 151 ,,,NAVAL SHARWANCHAND SEWARAM,,,,,,,16651,Bahujan Samaj Party,BSP,,1018,4,,19,23592,4.315,,,23592,,,,
Maharashtra,2017,21-02-2017, ,0,Mumbai City,BRIHAN MUMBAI,MC,6,151,PRABHAG NO 151 ,,,Subramaniam Ganesh Subramaniam,,,,,,,5792,Nationalist Congress Party,NCP,,760,5,,19,23592,3.221,,,23592,,,,
Maharashtra,2017,21-02-2017, ,0,Mumbai City,BRIHAN MUMBAI,MC,6,151,PRABHAG NO 151 ,,,AVHAD RAMCHANDRA ABAJI,,,,,,,1875,Bharip Bahujan Mahasangh,BBM,,363,6,,19,23592,1.539,,,23592,,,,
Maharashtra,2017,21-02-2017, ,0,Mumbai City,BRIHAN MUMBAI,MC,6,151,PRABHAG NO 151 ,,,DHAWALE ASHITOSH BHAIRU,,,,,,,11633,Maharashtra Navnirman Sena,MNS,,334,7,,19,23592,1.416,,,23592,,,,
Maharashtra,2017,21-02-2017, ,0,Mumbai City,BRIHAN MUMBAI,MC,6,151,PRABHAG NO 151 ,,,PAWAR MANJULA DIPAK,,,,,,,12285,Republican Party of India (A),RPI(A),,277,8,,19,23592,1.174,,,23592,,,,
Maharashtra,2017,21-02-2017, ,0,Mumbai City,BRIHAN MUMBAI,MC,6,151,PRABHAG NO 151 ,,,CHAUDHARI RAMVRIKSHA RAMLAUT,,,,,,,10809,Independent,IND,,198,9,,19,23592,0.839,,,23592,,,,
Maharashtra,2017,21-02-2017, ,0,Mumbai City,BRIHAN MUMBAI,MC,6,151,PRABHAG NO 151 ,,,THORAT RAJU VIJAY,,,,,,,10809,Independent,IND,,174,10,,19,23592,0.738,,,23592,,,,
Maharashtra,2017,21-02-2017, ,0,Mumbai City,BRIHAN MUMBAI,MC,6,151,PRABHAG NO 151 ,,,ADHAV GIRISH SURENDRA,,,,,,,10809,Independent,IND,,130,11,,19,23592,0.551,,,23592,,,,
Maharashtra,2017,21-02-2017, ,0,Mumbai City,BRIHAN MUMBAI,MC,6,151,PRABHAG NO 151 ,,,GUPTA KANHAIYALAL RAJARAM,,,,,,,10809,Independent,IND,,128,12,,19,23592,0.543,,,23592,,,,
Maharashtra,2017,21-02-2017, ,0,Mumbai City,BRIHAN MUMBAI,MC,6,151,PRABHAG NO 151 ,,,KADAM VITHAL PANDURANG,,,,,,,12285,Republican Party of India (A),RPI(A),,123,13,,19,23592,0.521,,,23592,,,,
Maharashtra,2017,21-02-2017, ,0,Mumbai City,BRIHAN MUMBAI,MC,6,151,PRABHAG NO 151 ,,,SASANE RAJESH NANDU,,,,,,,10809,Independent,IND,,120,14,,19,23592,0.509,,,23592,,,,
Maharashtra,2017,21-02-2017, ,0,Mumbai City,BRIHAN MUMBAI,MC,6,151,PRABHAG NO 151 ,,,NADAR SARAVANABHAVAN SAMIKKAN,,,,,,,10809,Independent,IND,,120,15,,19,23592,0.509,,,23592,,,,
Maharashtra,2017,21-02-2017, ,0,Mumbai City,BRIHAN MUMBAI,MC,6,151,PRABHAG NO 151 ,,,ROSIA SHANKAR SUMANBHAI,,,,,,,u10015,Swabhimani Republican Party,,,97,16,,19,23592,0.411,,,23592,,,,
Maharashtra,2017,21-02-2017, ,0,Mumbai City,BRIHAN MUMBAI,MC,6,151,PRABHAG NO 151 ,,,Borana Dalpatram Bhomaramji,,,,,,,10809,Independent,IND,,40,17,,19,23592,0.17,,,23592,,,,
Maharashtra,2017,21-02-2017, ,0,Mumbai City,BRIHAN MUMBAI,MC,6,151,PRABHAG NO 151 ,,,DEDE SACHIN JAYHIND,,,,,,,10809,Independent,IND,,25,18,,19,23592,0.106,,,23592,,,,
Maharashtra,2017,21-02-2017, ,0,Mumbai City,BRIHAN MUMBAI,MC,6,151,PRABHAG NO 151 ,,,KONDGEKAR SANTOSH GOPINATH,,,,,,,10809,Independent,IND,,21,19,,19,23592,0.089,,,23592,,,,
Maharashtra,2017,21-02-2017, ,0,Mumbai City,BRIHAN MUMBAI,MC,6,151,PRABHAG NO 151 ,,,NOTA,,,,,,,u10003,,,,222,20,,19,23592,0.941,,,23592,,,,
Maharashtra,2017,21-02-2017, ,0,Mumbai City,BRIHAN MUMBAI,MC,6,152,PRABHAG NO 152 ,,,MARATHE ASHA SUBHASH,,,,,,,1605,Bhartiya Janata Party,BJP,,7715,1,,17,25675,30.049,,,25675,,,,
Maharashtra,2017,21-02-2017, ,0,Mumbai City,BRIHAN MUMBAI,MC,6,152,PRABHAG NO 152 ,,,Salve Sonali Prakash,,,,,,,18691,Shivsena,SHS,,6322,2,,17,25675,24.623,,,25675,,,,
Maharashtra,2017,21-02-2017, ,0,Mumbai City,BRIHAN MUMBAI,MC,6,152,PRABHAG NO 152 ,,,More Vishal Bhagwandas,,,,,,,1875,Bharip Bahujan Mahasangh,BBM,,3148,3,,17,25675,12.261,,,25675,,,,
Maharashtra,2017,21-02-2017, ,0,Mumbai City,BRIHAN MUMBAI,MC,6,152,PRABHAG NO 152 ,,,BANSODE SUNIL MANOHAR,,,,,,,12285,Republican Party of India (A),RPI(A),,2286,4,,17,25675,8.904,,,25675,,,,
Maharashtra,2017,21-02-2017, ,0,Mumbai City,BRIHAN MUMBAI,MC,6,152,PRABHAG NO 152 ,,,SALVE SHIVAJIRAO BHAGWAT,,,,,,,1605,Indian National Congress,BJP,,1851,5,,17,25675,7.209,,,25675,,,,
Maharashtra,2017,21-02-2017, ,0,Mumbai City,BRIHAN MUMBAI,MC,6,152,PRABHAG NO 152 ,,,RAMRAJE MANOJ PANDURANG,,,,,,,11633,Maharashtra Navnirman Sena,MNS,,1056,6,,17,25675,4.113,,,25675,,,,
Maharashtra,2017,21-02-2017, ,0,Mumbai City,BRIHAN MUMBAI,MC,6,152,PRABHAG NO 152 ,,,KAMBLE AMAR JYOTIRAM,,,,,,,16651,Bahujan Samaj Party,BSP,,458,7,,17,25675,1.784,,,25675,,,,
Maharashtra,2017,21-02-2017, ,0,Mumbai City,BRIHAN MUMBAI,MC,6,152,PRABHAG NO 152 ,,,MASKE VIJAY SHRAVAN,,,,,,,12285,Republican Party of India (A),RPI(A),,425,8,,17,25675,1.655,,,25675,,,,
Maharashtra,2017,21-02-2017, ,0,Mumbai City,BRIHAN MUMBAI,MC,6,152,PRABHAG NO 152 ,,,KOKANE SANJAY KASHINATH,,,,,,,10809,Independent,IND,,395,9,,17,25675,1.538,,,25675,,,,
Maharashtra,2017,21-02-2017, ,0,Mumbai City,BRIHAN MUMBAI,MC,6,152,PRABHAG NO 152 ,,,PANDAV ROHIT YASHWANT,,,,,,,5792,Nationalist Congress Party,NCP,,308,10,,17,25675,1.2,,,25675,,,,
Maharashtra,2017,21-02-2017, ,0,Mumbai City,BRIHAN MUMBAI,MC,6,152,PRABHAG NO 152 ,,,GAWARE SACHIN MANOHAR,,,,,,,10809,Independent,IND,,299,11,,17,25675,1.165,,,25675,,,,
Maharashtra,2017,21-02-2017, ,0,Mumbai City,BRIHAN MUMBAI,MC,6,152,PRABHAG NO 152 ,,,UBALE SHRIKANT KAILAS,,,,,,,10809,Independent,IND,,283,12,,17,25675,1.102,,,25675,,,,
Maharashtra,2017,21-02-2017, ,0,Mumbai City,BRIHAN MUMBAI,MC,6,152,PRABHAG NO 152 ,,,Tambe Nandkumar Mohan,,,,,,,10809,Independent,IND,,216,13,,17,25675,0.841,,,25675,,,,
Maharashtra,2017,21-02-2017, ,0,Mumbai City,BRIHAN MUMBAI,MC,6,152,PRABHAG NO 152 ,,,LOKHANDE DILIP DAMU,,,,,,,10809,Independent,IND,,101,14,,17,25675,0.393,,,25675,,,,
Maharashtra,2017,21-02-2017, ,0,Mumbai City,BRIHAN MUMBAI,MC,6,152,PRABHAG NO 152 ,,,KAMBLE BHIVA SHIVARAM,,,,,,,1096,bahujan republican sociolist party,BARESP,,82,15,,17,25675,0.319,,,25675,,,,
Maharashtra,2017,21-02-2017, ,0,Mumbai City,BRIHAN MUMBAI,MC,6,152,PRABHAG NO 152 ,,,KADAM GAUTAM SUKHDEV,,,,,,,8690,Akhil Bharatiya Sena,ABHS,,50,16,,17,25675,0.195,,,25675,,,,
Maharashtra,2017,21-02-2017, ,0,Mumbai City,BRIHAN MUMBAI,MC,6,152,PRABHAG NO 152 ,,,JADHAV VINAYAK CHANDRASEN,,,,,,,10809,Independent,IND,,19,17,,17,25675,0.074,,,25675,,,,
Maharashtra,2017,21-02-2017, ,0,Mumbai City,BRIHAN MUMBAI,MC,6,152,PRABHAG NO 152 ,,,NOTA,,,,,,,u10003,,,,661,18,,17,25675,2.574,,,25675,,,,
Maharashtra,2017,21-02-2017, ,0,Mumbai City,BRIHAN MUMBAI,MC,6,153,PRABHAG NO 153 ,,,Patankar Anil Ramchandra,,,,,,,18691,Shivsena,SHS,,13683,1,,5,25904,52.822,,,25904,,,,
Maharashtra,2017,21-02-2017, ,0,Mumbai City,BRIHAN MUMBAI,MC,6,153,PRABHAG NO 153 ,,,TAWATE NAGESH ANANT,,,,,,,1605,Bhartiya Janata Party,BJP,,5816,2,,5,25904,22.452,,,25904,,,,
Maharashtra,2017,21-02-2017, ,0,Mumbai City,BRIHAN MUMBAI,MC,6,153,PRABHAG NO 153 ,,,panchal avinash harishchandra,,पांचाळ अविनाश हरिश्चंद्र,,,,,11633,Maharashtra Navnirman Sena,MNS,,2553,3,,5,25904,9.856,,,25904,,,,
Maharashtra,2017,21-02-2017, ,0,Mumbai City,BRIHAN MUMBAI,MC,6,153,PRABHAG NO 153 ,,,Patil Hemant Anant,,,,,,,1605,Indian National Congress,BJP,,2125,4,,5,25904,8.203,,,25904,,,,
Maharashtra,2017,21-02-2017, ,0,Mumbai City,BRIHAN MUMBAI,MC,6,153,PRABHAG NO 153 ,,,Kalel Navanath Hanamant,,,,,,,5792,Nationalist Congress Party,NCP,,916,5,,5,25904,3.536,,,25904,,,,
Maharashtra,2017,21-02-2017, ,0,Mumbai City,BRIHAN MUMBAI,MC,6,153,PRABHAG NO 153 ,,,NOTA,,,,,,,u10003,,,,811,6,,5,25904,3.131,,,25904,,,,
Maharashtra,2017,21-02-2017, ,0,Mumbai City,BRIHAN MUMBAI,MC,6,154,PRABHAG NO 154 ,,,SHIVGAN MAHADEV SHANKAR,,,,,,,1605,Bhartiya Janata Party,BJP,,8086,1,,9,26505,30.507,,,26505,,,,
Maharashtra,2017,21-02-2017, ,0,Mumbai City,BRIHAN MUMBAI,MC,6,154,PRABHAG NO 154 ,,,MISTRY ABHISHEK KISHAN,,,,,,,1605,Indian National Congress,BJP,,5676,2,,9,26505,21.415,,,26505,,,,
Maharashtra,2017,21-02-2017, ,0,Mumbai City,BRIHAN MUMBAI,MC,6,154,PRABHAG NO 154 ,,,CHAVAN SHEKHAR VISHNU,,,,,,,18691,Shivsena,SHS,,5674,3,,9,26505,21.407,,,26505,,,,
Maharashtra,2017,21-02-2017, ,0,Mumbai City,BRIHAN MUMBAI,MC,6,154,PRABHAG NO 154 ,,,Bhosale Vijay Chandrakant,,,,,,,5792,Nationalist Congress Party,NCP,,4588,4,,9,26505,17.31,,,26505,,,,
Maharashtra,2017,21-02-2017, ,0,Mumbai City,BRIHAN MUMBAI,MC,6,154,PRABHAG NO 154 ,,,THORAVE DNYANDEV VITTHAL,,,,,,,11633,Maharashtra Navnirman Sena,MNS,,1399,5,,9,26505,5.278,,,26505,,,,
Maharashtra,2017,21-02-2017, ,0,Mumbai City,BRIHAN MUMBAI,MC,6,154,PRABHAG NO 154 ,,,shetty satish anand,,,,,,,10809,Independent,IND,,219,6,,9,26505,0.826,,,26505,,,,
Maharashtra,2017,21-02-2017, ,0,Mumbai City,BRIHAN MUMBAI,MC,6,154,PRABHAG NO 154 ,,,NAIDU SHIVRAM BALAIYA,,,,,,,10809,Independent,IND,,142,7,,9,26505,0.536,,,26505,,,,
Maharashtra,2017,21-02-2017, ,0,Mumbai City,BRIHAN MUMBAI,MC,6,154,PRABHAG NO 154 ,,,KHAN AZIZULHASAN SHABBIRHASAN,,,,,,,7425,Samajwadi Party,SP,,67,8,,9,26505,0.253,,,26505,,,,
Maharashtra,2017,21-02-2017, ,0,Mumbai City,BRIHAN MUMBAI,MC,6,154,PRABHAG NO 154 ,,,SHINDE RAMCHANDRA ROHIDAS,,,,,,,12285,Republican Party of India (A),RPI(A),,65,9,,9,26505,0.245,,,26505,,,,
Maharashtra,2017,21-02-2017, ,0,Mumbai City,BRIHAN MUMBAI,MC,6,154,PRABHAG NO 154 ,,,NOTA,,,,,,,u10003,,,,589,10,,9,26505,2.222,,,26505,,,,
Maharashtra,2017,21-02-2017, ,0,Mumbai City,BRIHAN MUMBAI,MC,6,155,PRABHAG NO 155 ,,,SHETYE SHRIKANT GOVIND,,,,,,,18691,Shivsena,SHS,,8014,1,,14,26918,29.772,,,26918,,,,
Maharashtra,2017,21-02-2017, ,0,Mumbai City,BRIHAN MUMBAI,MC,6,155,PRABHAG NO 155 ,,,NAGARALE RAJENDRA SHRIRAM,,,,,,,1605,Indian National Congress,BJP,,5199,2,,14,26918,19.314,,,26918,,,,
Maharashtra,2017,21-02-2017, ,0,Mumbai City,BRIHAN MUMBAI,MC,6,155,PRABHAG NO 155 ,,,DUNBALE UTTAM DAMODAR,,,,,,,11633,Maharashtra Navnirman Sena,MNS,,3587,3,,14,26918,13.326,,,26918,,,,
Maharashtra,2017,21-02-2017, ,0,Mumbai City,BRIHAN MUMBAI,MC,6,155,PRABHAG NO 155 ,,,POL PRAVIN PARMESHWAR,,,,,,,1875,Bharip Bahujan Mahasangh,BBM,,2954,4,,14,26918,10.974,,,26918,,,,
Maharashtra,2017,21-02-2017, ,0,Mumbai City,BRIHAN MUMBAI,MC,6,155,PRABHAG NO 155 ,,,Avchare Appa Ananda,,,,,,,6792,Rashtriya Samaj Paksha,RSPS,,2653,5,,14,26918,9.856,,,26918,,,,
Maharashtra,2017,21-02-2017, ,0,Mumbai City,BRIHAN MUMBAI,MC,6,155,PRABHAG NO 155 ,,,GHOKSHE RAMESH GOPINATH,,,,,,,12285,Republican Party of India (A),RPI(A),,1122,6,,14,26918,4.168,,,26918,,,,
Maharashtra,2017,21-02-2017, ,0,Mumbai City,BRIHAN MUMBAI,MC,6,155,PRABHAG NO 155 ,,,Gaikwad Vishnu Bhanudas,,,,,,,5792,Nationalist Congress Party,NCP,,976,7,,14,26918,3.626,,,26918,,,,
Maharashtra,2017,21-02-2017, ,0,Mumbai City,BRIHAN MUMBAI,MC,6,155,PRABHAG NO 155 ,,,KAMBLE VINOD PARMESHWAR,,,,,,,706,All India Majlis e Ittehadul Muslimeen,AIMIM,,566,8,,14,26918,2.103,,,26918,,,,
Maharashtra,2017,21-02-2017, ,0,Mumbai City,BRIHAN MUMBAI,MC,6,155,PRABHAG NO 155 ,,,PAGARE JAYA PRAMOD,,,,,,,16651,Bahujan Samaj Party,BSP,,326,9,,14,26918,1.211,,,26918,,,,
Maharashtra,2017,21-02-2017, ,0,Mumbai City,BRIHAN MUMBAI,MC,6,155,PRABHAG NO 155 ,,,RAMPHULE MADHUKAR LAXMAN,,,,,,,1096,bahujan republican sociolist party,BARESP,,312,10,,14,26918,1.159,,,26918,,,,
Maharashtra,2017,21-02-2017, ,0,Mumbai City,BRIHAN MUMBAI,MC,6,155,PRABHAG NO 155 ,,,Kale Sachin Vishwanath,,,,,,,5792,Nationalist Congress Party,NCP,,176,11,,14,26918,0.654,,,26918,,,,
Maharashtra,2017,21-02-2017, ,0,Mumbai City,BRIHAN MUMBAI,MC,6,155,PRABHAG NO 155 ,,,DAWARE VIDNYAN SHAM,,,,,,,5792,Nationalist Congress Party,NCP,,143,12,,14,26918,0.531,,,26918,,,,
Maharashtra,2017,21-02-2017, ,0,Mumbai City,BRIHAN MUMBAI,MC,6,155,PRABHAG NO 155 ,,,KHARAT VIDYANAND LAXMAN,,,,,,,10809,Independent,IND,,78,13,,14,26918,0.29,,,26918,,,,
Maharashtra,2017,21-02-2017, ,0,Mumbai City,BRIHAN MUMBAI,MC,6,155,PRABHAG NO 155 ,,,Mokal Manisha Sachin,,,,,,,10809,Independent,IND,,34,14,,14,26918,0.126,,,26918,,,,
Maharashtra,2017,21-02-2017, ,0,Mumbai City,BRIHAN MUMBAI,MC,6,155,PRABHAG NO 155 ,,,NOTA,,,,,,,u10003,,,,778,15,,14,26918,2.89,,,26918,,,,
Maharashtra,2017,21-02-2017, ,0,Mumbai City,BRIHAN MUMBAI,MC,6,156,PRABHAG NO 156 ,,,MATEKAR ASHWINI ASHOK,,,,,,,11633,Maharashtra Navnirman Sena,MNS,,10992,1,,8,22280,49.336,,,22280,,,,
Maharashtra,2017,21-02-2017, ,0,Mumbai City,BRIHAN MUMBAI,MC,6,156,PRABHAG NO 156 ,,,PAWAR SAVITA SHARAD,,,,,,,18691,Shivsena,SHS,,6500,2,,8,22280,29.174,,,22280,,,,
Maharashtra,2017,21-02-2017, ,0,Mumbai City,BRIHAN MUMBAI,MC,6,156,PRABHAG NO 156 ,,,NADAR JAYA SUNDER,,,,,,,1605,Indian National Congress,BJP,,2077,3,,8,22280,9.322,,,22280,,,,
Maharashtra,2017,21-02-2017, ,0,Mumbai City,BRIHAN MUMBAI,MC,6,156,PRABHAG NO 156 ,,,TIWARI POONAM AVINASHCHANDRA,,,,,,,1605,Bhartiya Janata Party,BJP,,1754,4,,8,22280,7.873,,,22280,,,,
Maharashtra,2017,21-02-2017, ,0,Mumbai City,BRIHAN MUMBAI,MC,6,156,PRABHAG NO 156 ,,,KHARCHAN SHWETA KETAN,,,,,,,1875,Bharip Bahujan Mahasangh,BBM,,323,5,,8,22280,1.45,,,22280,,,,
Maharashtra,2017,21-02-2017, ,0,Mumbai City,BRIHAN MUMBAI,MC,6,156,PRABHAG NO 156 ,,,GAIKWAD ANITA RAMESH,,,,,,,16651,Bahujan Samaj Party,BSP,,195,6,,8,22280,0.875,,,22280,,,,
Maharashtra,2017,21-02-2017, ,0,Mumbai City,BRIHAN MUMBAI,MC,6,156,PRABHAG NO 156 ,,,Shaikh Shabnam Abdul Mukhtar,,,,,,,1731,Bhartiya Minorities Suraksha Mahasangh,BMSM,,164,7,,8,22280,0.736,,,22280,,,,
Maharashtra,2017,21-02-2017, ,0,Mumbai City,BRIHAN MUMBAI,MC,6,156,PRABHAG NO 156 ,,,BHALERAO CHHAYA BHAGWAN,,,,,,,10809,Independent,IND,,80,8,,8,22280,0.359,,,22280,,,,
Maharashtra,2017,21-02-2017, ,0,Mumbai City,BRIHAN MUMBAI,MC,6,156,PRABHAG NO 156 ,,,NOTA,,,,,,,u10003,,,,195,9,,8,22280,0.875,,,22280,,,,
Maharashtra,2017,21-02-2017, ,0,Mumbai City,BRIHAN MUMBAI,MC,6,157,PRABHAG NO 157 ,,,SHETYE aKANSHA SANJAY,,,,,,,18691,Shivsena,SHS,,7349,1,,6,22101,33.252,,,22101,,,,
Maharashtra,2017,21-02-2017, ,0,Mumbai City,BRIHAN MUMBAI,MC,6,157,PRABHAG NO 157 ,,,MHASKE SARITA RAVINDRA,,,,,,,1605,Indian National Congress,BJP,,6776,2,,6,22101,30.659,,,22101,,,,
Maharashtra,2017,21-02-2017, ,0,Mumbai City,BRIHAN MUMBAI,MC,6,157,PRABHAG NO 157 ,,,Chougule Reshma Maheshkumar,,,,,,,1605,Bhartiya Janata Party,BJP,,6256,3,,6,22101,28.306,,,22101,,,,
Maharashtra,2017,21-02-2017, ,0,Mumbai City,BRIHAN MUMBAI,MC,6,157,PRABHAG NO 157 ,,,sutar puja machindra,,,,,,,10809,Independent,IND,,784,4,,6,22101,3.547,,,22101,,,,
Maharashtra,2017,21-02-2017, ,0,Mumbai City,BRIHAN MUMBAI,MC,6,157,PRABHAG NO 157 ,,,Matele Trupti Amol,,,,,,,5792,Nationalist Congress Party,NCP,,480,5,,6,22101,2.172,,,22101,,,,
Maharashtra,2017,21-02-2017, ,0,Mumbai City,BRIHAN MUMBAI,MC,6,157,PRABHAG NO 157 ,,,RAUT RUCHITA RAVINDRA,,,,,,,10809,Independent,IND,,135,6,,6,22101,0.611,,,22101,,,,
Maharashtra,2017,21-02-2017, ,0,Mumbai City,BRIHAN MUMBAI,MC,6,157,PRABHAG NO 157 ,,,NOTA,,,,,,,u10003,,,,321,7,,6,22101,1.452,,,22101,,,,
Maharashtra,2017,21-02-2017, ,0,Mumbai City,BRIHAN MUMBAI,MC,6,158,PRABHAG NO 158 ,,,SANGLE CHITRA SOMNATH,,,,,,,18691,Shivsena,SHS,,9696,1,,3,20097,48.246,,,20097,,,,
Maharashtra,2017,21-02-2017, ,0,Mumbai City,BRIHAN MUMBAI,MC,6,158,PRABHAG NO 158 ,,,Chindarkar Rashmi Rajesh,,,,,,,1605,Bhartiya Janata Party,BJP,,5197,2,,3,20097,25.86,,,20097,,,,
Maharashtra,2017,21-02-2017, ,0,Mumbai City,BRIHAN MUMBAI,MC,6,158,PRABHAG NO 158 ,,,MORYE MAYA SHRIKANT,,,,,,,1605,Indian National Congress,BJP,,4819,3,,3,20097,23.979,,,20097,,,,
Maharashtra,2017,21-02-2017, ,0,Mumbai City,BRIHAN MUMBAI,MC,6,158,PRABHAG NO 158 ,,,NOTA,,,,,,,u10003,,,,385,4,,3,20097,1.916,,,20097,,,,
Maharashtra,2017,21-02-2017, ,0,Mumbai City,BRIHAN MUMBAI,MC,6,159,PRABHAG NO 159 ,,,More Prakash Devji,,,,,,,1605,Bhartiya Janata Party,BJP,,6202,1,,14,19440,31.903,,,19440,,,,
Maharashtra,2017,21-02-2017, ,0,Mumbai City,BRIHAN MUMBAI,MC,6,159,PRABHAG NO 159 ,,,JAMSANDEKAR KOMAL KAMALAKAR,,,,,,,18691,Shivsena,SHS,,4248,2,,14,19440,21.852,,,19440,,,,
Maharashtra,2017,21-02-2017, ,0,Mumbai City,BRIHAN MUMBAI,MC,6,159,PRABHAG NO 159 ,,,MANIHAR MOHAMADAYUB ABDULAZIZ,,,,,,,5792,Nationalist Congress Party,NCP,,3313,3,,14,19440,17.042,,,19440,,,,
Maharashtra,2017,21-02-2017, ,0,Mumbai City,BRIHAN MUMBAI,MC,6,159,PRABHAG NO 159 ,,,YADAV SHOBHA SUNILKUMAR,,,,,,,10809,Independent,IND,,1899,4,,14,19440,9.769,,,19440,,,,
Maharashtra,2017,21-02-2017, ,0,Mumbai City,BRIHAN MUMBAI,MC,6,159,PRABHAG NO 159 ,,,Gate Balkrishna Waman,,,,,,,10809,Independent,IND,,1256,5,,14,19440,6.461,,,19440,,,,
Maharashtra,2017,21-02-2017, ,0,Mumbai City,BRIHAN MUMBAI,MC,6,159,PRABHAG NO 159 ,,,FARUQUI AKRAM RIYAZ,,,,,,,1605,Indian National Congress,BJP,,622,6,,14,19440,3.2,,,19440,,,,
Maharashtra,2017,21-02-2017, ,0,Mumbai City,BRIHAN MUMBAI,MC,6,159,PRABHAG NO 159 ,,,MALUSARE RAVINDRA VISHNU,,,,,,,11633,Maharashtra Navnirman Sena,MNS,,477,7,,14,19440,2.454,,,19440,,,,
Maharashtra,2017,21-02-2017, ,0,Mumbai City,BRIHAN MUMBAI,MC,6,159,PRABHAG NO 159 ,,,KHAN ABDULRAHIM KAMRUDDIN,,,,,,,7425,Samajwadi Party,SP,,424,8,,14,19440,2.181,,,19440,,,,
Maharashtra,2017,21-02-2017, ,0,Mumbai City,BRIHAN MUMBAI,MC,6,159,PRABHAG NO 159 ,,,NALAWADE NANDKISHORE SUDHAKAR,,,,,,,10809,Independent,IND,,369,9,,14,19440,1.898,,,19440,,,,
Maharashtra,2017,21-02-2017, ,0,Mumbai City,BRIHAN MUMBAI,MC,6,159,PRABHAG NO 159 ,,,GOSAVI DINESH GOPAL,,,,,,,10809,Independent,IND,,131,10,,14,19440,0.674,,,19440,,,,
Maharashtra,2017,21-02-2017, ,0,Mumbai City,BRIHAN MUMBAI,MC,6,159,PRABHAG NO 159 ,,,MANDAVAKAR VINOD SHIVAJI,,,,,,,10809,Independent,IND,,128,11,,14,19440,0.658,,,19440,,,,
Maharashtra,2017,21-02-2017, ,0,Mumbai City,BRIHAN MUMBAI,MC,6,159,PRABHAG NO 159 ,,,SANKPAL DINESH HARIBA,,,,,,,10809,Independent,IND,,109,12,,14,19440,0.561,,,19440,,,,
Maharashtra,2017,21-02-2017, ,0,Mumbai City,BRIHAN MUMBAI,MC,6,159,PRABHAG NO 159 ,,,SALVI JITENDRA SHRIRAM,,,,,,,10809,Independent,IND,,41,13,,14,19440,0.211,,,19440,,,,
Maharashtra,2017,21-02-2017, ,0,Mumbai City,BRIHAN MUMBAI,MC,6,159,PRABHAG NO 159 ,,,YADAV JITENDRA CHANDRADEV,,,,,,,10809,Independent,IND,,37,14,,14,19440,0.19,,,19440,,,,
Maharashtra,2017,21-02-2017, ,0,Mumbai City,BRIHAN MUMBAI,MC,6,159,PRABHAG NO 159 ,,,NOTA,,,,,,,u10003,,,,184,15,,14,19440,0.947,,,19440,,,,
Maharashtra,2017,21-02-2017, ,0,Mumbai City,BRIHAN MUMBAI,MC,6,160,PRABHAG NO 160 ,,,LANDGE KIRAN JYOTIRAM,,,,,,,10809,Independent,IND,,5752,1,,18,24651,23.334,,,24651,,,,
Maharashtra,2017,21-02-2017, ,0,Mumbai City,BRIHAN MUMBAI,MC,6,160,PRABHAG NO 160 ,,,MATE ASHWINI BHARAT,,,,,,,18691,Shivsena,SHS,,5566,2,,18,24651,22.579,,,24651,,,,
Maharashtra,2017,21-02-2017, ,0,Mumbai City,BRIHAN MUMBAI,MC,6,160,PRABHAG NO 160 ,,,SHUKLA LEENA HARISH,,,,,,,1605,Bhartiya Janata Party,BJP,,4210,3,,18,24651,17.078,,,24651,,,,
Maharashtra,2017,21-02-2017, ,0,Mumbai City,BRIHAN MUMBAI,MC,6,160,PRABHAG NO 160 ,,,DIXIT SHUBHRANSHUSHEKHAR DIWAKAR,,,,,,,11633,Maharashtra Navnirman Sena,MNS,,3037,4,,18,24651,12.32,,,24651,,,,
Maharashtra,2017,21-02-2017, ,0,Mumbai City,BRIHAN MUMBAI,MC,6,160,PRABHAG NO 160 ,,,SHAH MOHAMMEDYUSUF YUNUS,,,,,,,10809,Independent,IND,,2239,5,,18,24651,9.083,,,24651,,,,
Maharashtra,2017,21-02-2017, ,0,Mumbai City,BRIHAN MUMBAI,MC,6,160,PRABHAG NO 160 ,,,Shukla Krishnakumar Ramvilas,,,,,,,1605,Indian National Congress,BJP,,862,6,,18,24651,3.497,,,24651,,,,
Maharashtra,2017,21-02-2017, ,0,Mumbai City,BRIHAN MUMBAI,MC,6,160,PRABHAG NO 160 ,,,Yadav Karedeen Panchuram,,,,,,,7425,Samajwadi Party,SP,,851,7,,18,24651,3.452,,,24651,,,,
Maharashtra,2017,21-02-2017, ,0,Mumbai City,BRIHAN MUMBAI,MC,6,160,PRABHAG NO 160 ,,,shaikh afroz amir,,,,,,,5792,Nationalist Congress Party,NCP,,532,8,,18,24651,2.158,,,24651,,,,
Maharashtra,2017,21-02-2017, ,0,Mumbai City,BRIHAN MUMBAI,MC,6,160,PRABHAG NO 160 ,,,MAURYA ARUNKUMAR KAMLESH,,,,,,,10809,Independent,IND,,337,9,,18,24651,1.367,,,24651,,,,
Maharashtra,2017,21-02-2017, ,0,Mumbai City,BRIHAN MUMBAI,MC,6,160,PRABHAG NO 160 ,,,BHOSLE YOGIRAJ WAMAN,,,,,,,12285,Republican Party of India (A),RPI(A),,207,10,,18,24651,0.84,,,24651,,,,
Maharashtra,2017,21-02-2017, ,0,Mumbai City,BRIHAN MUMBAI,MC,6,160,PRABHAG NO 160 ,,,BENDKHALE CHANDRAKANT VISHNU,,,,,,,10809,Independent,IND,,177,11,,18,24651,0.718,,,24651,,,,
Maharashtra,2017,21-02-2017, ,0,Mumbai City,BRIHAN MUMBAI,MC,6,160,PRABHAG NO 160 ,,,SAYYED ISMAIL MOHAMMAD,,,,,,,16651,Bahujan Samaj Party,BSP,,159,12,,18,24651,0.645,,,24651,,,,
Maharashtra,2017,21-02-2017, ,0,Mumbai City,BRIHAN MUMBAI,MC,6,160,PRABHAG NO 160 ,,,OJHA ASHISHKUMAR VRIJMOHAN,,,,,,,10809,Independent,IND,,149,13,,18,24651,0.604,,,24651,,,,
Maharashtra,2017,21-02-2017, ,0,Mumbai City,BRIHAN MUMBAI,MC,6,160,PRABHAG NO 160 ,,,DIKE VIKAS RAMCHANDRA,,,,,,,10809,Independent,IND,,128,14,,18,24651,0.519,,,24651,,,,
Maharashtra,2017,21-02-2017, ,0,Mumbai City,BRIHAN MUMBAI,MC,6,160,PRABHAG NO 160 ,,,PARKAR ASHISH AJIT,,,,,,,10809,Independent,IND,,74,15,,18,24651,0.3,,,24651,,,,
Maharashtra,2017,21-02-2017, ,0,Mumbai City,BRIHAN MUMBAI,MC,6,160,PRABHAG NO 160 ,,,JADHAV SANDIP RAMCHANDRA,,,,,,,8690,Akhil Bharatiya Sena,ABHS,,59,16,,18,24651,0.239,,,24651,,,,
Maharashtra,2017,21-02-2017, ,0,Mumbai City,BRIHAN MUMBAI,MC,6,160,PRABHAG NO 160 ,,,KULKARNI JITU SURESH,,,,,,,10809,Independent,IND,,57,17,,18,24651,0.231,,,24651,,,,
Maharashtra,2017,21-02-2017, ,0,Mumbai City,BRIHAN MUMBAI,MC,6,160,PRABHAG NO 160 ,,,SAYYED SHAZADALI IRSHADALI,,,,,,,10809,Independent,IND,,52,18,,18,24651,0.211,,,24651,,,,
Maharashtra,2017,21-02-2017, ,0,Mumbai City,BRIHAN MUMBAI,MC,6,160,PRABHAG NO 160 ,,,NOTA,,,,,,,u10003,,,,203,19,,18,24651,0.823,,,24651,,,,
Maharashtra,2017,21-02-2017, ,0,Mumbai City,BRIHAN MUMBAI,MC,6,161,PRABHAG NO 161 ,,,Shinde Vijayendra Onkar,,,,,,,18691,Shivsena,SHS,,5338,1,,8,16914,31.56,,,16914,,,,
Maharashtra,2017,21-02-2017, ,0,Mumbai City,BRIHAN MUMBAI,MC,6,161,PRABHAG NO 161 ,,,SAYYED IMRAN NABI,,,,,,,706,All India Majlis e Ittehadul Muslimeen,AIMIM,,4071,2,,8,16914,24.069,,,16914,,,,
Maharashtra,2017,21-02-2017, ,0,Mumbai City,BRIHAN MUMBAI,MC,6,161,PRABHAG NO 161 ,,,RELE PRASHANT JANARDHAN,,,,,,,1605,Bhartiya Janata Party,BJP,,2652,3,,8,16914,15.679,,,16914,,,,
Maharashtra,2017,21-02-2017, ,0,Mumbai City,BRIHAN MUMBAI,MC,6,161,PRABHAG NO 161 ,,,BAND PRACHI PRADEEP,,,,,,,11633,Maharashtra Navnirman Sena,MNS,,2507,4,,8,16914,14.822,,,16914,,,,
Maharashtra,2017,21-02-2017, ,0,Mumbai City,BRIHAN MUMBAI,MC,6,161,PRABHAG NO 161 ,,,MULANI ABBAS CHANDULAL,,,,,,,1605,Indian National Congress,BJP,,1605,5,,8,16914,9.489,,,16914,,,,
Maharashtra,2017,21-02-2017, ,0,Mumbai City,BRIHAN MUMBAI,MC,6,161,PRABHAG NO 161 ,,,SHAH QUTUBALAM VAKIL,,,,,,,5792,Nationalist Congress Party,NCP,,382,6,,8,16914,2.258,,,16914,,,,
Maharashtra,2017,21-02-2017, ,0,Mumbai City,BRIHAN MUMBAI,MC,6,161,PRABHAG NO 161 ,,,SHAIKH ABDULRASHID MOHAMMADISLAM,,,,,,,5995,Peace Party,PECP,,69,7,,8,16914,0.408,,,16914,,,,
Maharashtra,2017,21-02-2017, ,0,Mumbai City,BRIHAN MUMBAI,MC,6,161,PRABHAG NO 161 ,,,SAYYED IRAM IRSHAD,,,,,,,10809,Independent,IND,,43,8,,8,16914,0.254,,,16914,,,,
Maharashtra,2017,21-02-2017, ,0,Mumbai City,BRIHAN MUMBAI,MC,6,161,PRABHAG NO 161 ,,,NOTA,,,,,,,u10003,,,,247,9,,8,16914,1.46,,,16914,,,,
Maharashtra,2017,21-02-2017, ,0,Mumbai City,BRIHAN MUMBAI,MC,6,162,PRABHAG NO 162 ,,,QURESHI WAJID WAHID,,,,,,,1605,Indian National Congress,BJP,,6148,1,,10,20695,29.708,,,20695,,,,
Maharashtra,2017,21-02-2017, ,0,Mumbai City,BRIHAN MUMBAI,MC,6,162,PRABHAG NO 162 ,,,LANDE PRANAV DILIP,,,,,,,11633,Maharashtra Navnirman Sena,MNS,,4914,2,,10,20695,23.745,,,20695,,,,
Maharashtra,2017,21-02-2017, ,0,Mumbai City,BRIHAN MUMBAI,MC,6,162,PRABHAG NO 162 ,,,PARTE ANKUSH SURESH,,,,,,,1605,Bhartiya Janata Party,BJP,,2486,3,,10,20695,12.013,,,20695,,,,
Maharashtra,2017,21-02-2017, ,0,Mumbai City,BRIHAN MUMBAI,MC,6,162,PRABHAG NO 162 ,,,GAIKWAD POOJA JOGENDRA,,,,,,,10809,Independent,IND,,1706,4,,10,20695,8.244,,,20695,,,,
Maharashtra,2017,21-02-2017, ,0,Mumbai City,BRIHAN MUMBAI,MC,6,162,PRABHAG NO 162 ,,,LAVATE NAGESH VITTHAL,,,,,,,18691,Shivsena,SHS,,1693,5,,10,20695,8.181,,,20695,,,,
Maharashtra,2017,21-02-2017, ,0,Mumbai City,BRIHAN MUMBAI,MC,6,162,PRABHAG NO 162 ,,,TAMBOLI SHABBIR DAGDUBHAI,,,,,,,7425,Samajwadi Party,SP,,1131,6,,10,20695,5.465,,,20695,,,,
Maharashtra,2017,21-02-2017, ,0,Mumbai City,BRIHAN MUMBAI,MC,6,162,PRABHAG NO 162 ,,,DANGE HANIF ADAM,,,,,,,10809,Independent,IND,,1063,7,,10,20695,5.137,,,20695,,,,
Maharashtra,2017,21-02-2017, ,0,Mumbai City,BRIHAN MUMBAI,MC,6,162,PRABHAG NO 162 ,,,shaikh shakeel shafauddin,,,,,,,10809,Independent,IND,,949,8,,10,20695,4.586,,,20695,,,,
Maharashtra,2017,21-02-2017, ,0,Mumbai City,BRIHAN MUMBAI,MC,6,162,PRABHAG NO 162 ,,,sahadevan keshar sohan,,,,,,,5792,Nationalist Congress Party,NCP,,304,9,,10,20695,1.469,,,20695,,,,
Maharashtra,2017,21-02-2017, ,0,Mumbai City,BRIHAN MUMBAI,MC,6,162,PRABHAG NO 162 ,,,SAYYAD KARIMODDIN ALLAUDDIN,,,,,,,10809,Independent,IND,,80,10,,10,20695,0.387,,,20695,,,,
Maharashtra,2017,21-02-2017, ,0,Mumbai City,BRIHAN MUMBAI,MC,6,162,PRABHAG NO 162 ,,,NOTA,,,,,,,u10003,,,,221,11,,10,20695,1.068,,,20695,,,,
Maharashtra,2017,21-02-2017, ,0,Mumbai City,BRIHAN MUMBAI,MC,6,163,PRABHAG NO 163 ,,,LANDE DILIP BHAUSAHEB,,,,,,,11633,Maharashtra Navnirman Sena,MNS,,8009,1,,5,17405,46.016,,,17405,,,,
Maharashtra,2017,21-02-2017, ,0,Mumbai City,BRIHAN MUMBAI,MC,6,163,PRABHAG NO 163 ,,,SHAIKH MOHAMMEDGHOUSE SHAHABUDDIN,,,,,,,1605,Indian National Congress,BJP,,6234,2,,5,17405,35.817,,,17405,,,,
Maharashtra,2017,21-02-2017, ,0,Mumbai City,BRIHAN MUMBAI,MC,6,163,PRABHAG NO 163 ,,,SALUNKHE MAHENDRA MADHUKAR,,,,,,,1605,Bhartiya Janata Party,BJP,,1889,3,,5,17405,10.853,,,17405,,,,
Maharashtra,2017,21-02-2017, ,0,Mumbai City,BRIHAN MUMBAI,MC,6,163,PRABHAG NO 163 ,,,PATIL KESHARSING RAMKRISHNA,,,,,,,18691,Shivsena,SHS,,756,4,,5,17405,4.344,,,17405,,,,
Maharashtra,2017,21-02-2017, ,0,Mumbai City,BRIHAN MUMBAI,MC,6,163,PRABHAG NO 163 ,,,MATHKAR VILAS VIJAY,,,,,,,5792,Nationalist Congress Party,NCP,,253,5,,5,17405,1.454,,,17405,,,,
Maharashtra,2017,21-02-2017, ,0,Mumbai City,BRIHAN MUMBAI,MC,6,163,PRABHAG NO 163 ,,,NOTA,,,,,,,u10003,,,,264,6,,5,17405,1.517,,,17405,,,,
Maharashtra,2017,21-02-2017, ,0,Mumbai City,BRIHAN MUMBAI,MC,6,164,PRABHAG NO 164 ,,,BHANDIRGE HARISH KRISHNA,,,,,,,1605,Bhartiya Janata Party,BJP,,7262,1,,31,26666,27.233,,,26666,,,,
Maharashtra,2017,21-02-2017, ,0,Mumbai City,BRIHAN MUMBAI,MC,6,164,PRABHAG NO 164 ,,,KHAN JAMALAHMED NIYAZAHMED,,,,,,,706,All India Majlis e Ittehadul Muslimeen,AIMIM,,3603,2,,31,26666,13.512,,,26666,,,,
Maharashtra,2017,21-02-2017, ,0,Mumbai City,BRIHAN MUMBAI,MC,6,164,PRABHAG NO 164 ,,,S ANNAMALAI SIVAKOLUNDU,,,,,,,18691,Shivsena,SHS,,3506,3,,31,26666,13.148,,,26666,,,,
Maharashtra,2017,21-02-2017, ,0,Mumbai City,BRIHAN MUMBAI,MC,6,164,PRABHAG NO 164 ,,,CHAUDHARY RAMZANALI ZAINULLAH,,,,,,,1605,Indian National Congress,BJP,,2275,4,,31,26666,8.531,,,26666,,,,
Maharashtra,2017,21-02-2017, ,0,Mumbai City,BRIHAN MUMBAI,MC,6,164,PRABHAG NO 164 ,,,MAHAJAN DNYANESHWAR NAMDEO,,,,,,,11633,Maharashtra Navnirman Sena,MNS,,1857,5,,31,26666,6.964,,,26666,,,,
Maharashtra,2017,21-02-2017, ,0,Mumbai City,BRIHAN MUMBAI,MC,6,164,PRABHAG NO 164 ,,,Shaikh Mansoori Nazra Bano Mohammed Ishaque,,,,,,,7425,Samajwadi Party,SP,,1833,6,,31,26666,6.874,,,26666,,,,
Maharashtra,2017,21-02-2017, ,0,Mumbai City,BRIHAN MUMBAI,MC,6,164,PRABHAG NO 164 ,,,KATKE SAINATH SAHDEV,,,,,,,10809,Independent,IND,,1698,7,,31,26666,6.368,,,26666,,,,
Maharashtra,2017,21-02-2017, ,0,Mumbai City,BRIHAN MUMBAI,MC,6,164,PRABHAG NO 164 ,,,TIWARI SITARAM SHIVNARESH,,,,,,,10809,Independent,IND,,1176,8,,31,26666,4.41,,,26666,,,,
Maharashtra,2017,21-02-2017, ,0,Mumbai City,BRIHAN MUMBAI,MC,6,164,PRABHAG NO 164 ,,,KHAN FARID ABDULLATIF,,,,,,,16651,Bahujan Samaj Party,BSP,,892,9,,31,26666,3.345,,,26666,,,,
Maharashtra,2017,21-02-2017, ,0,Mumbai City,BRIHAN MUMBAI,MC,6,164,PRABHAG NO 164 ,,,BATTELI BABU ULIGAPPA,,,,,,,5792,Nationalist Congress Party,NCP,,468,10,,31,26666,1.755,,,26666,,,,
Maharashtra,2017,21-02-2017, ,0,Mumbai City,BRIHAN MUMBAI,MC,6,164,PRABHAG NO 164 ,,,KHAN AHSANULLAH HABIBULLAH,,,,,,,10809,Independent,IND,,210,11,,31,26666,0.788,,,26666,,,,
Maharashtra,2017,21-02-2017, ,0,Mumbai City,BRIHAN MUMBAI,MC,6,164,PRABHAG NO 164 ,,,SHAIKH SADDAMHUSSAIN ABDULRASHID,,,,,,,5995,Peace Party,PECP,,207,12,,31,26666,0.776,,,26666,,,,
Maharashtra,2017,21-02-2017, ,0,Mumbai City,BRIHAN MUMBAI,MC,6,164,PRABHAG NO 164 ,,,CHAUDHARY RAMZANALI LAISMOHAMMED,,,,,,,10809,Independent,IND,,189,13,,31,26666,0.709,,,26666,,,,
Maharashtra,2017,21-02-2017, ,0,Mumbai City,BRIHAN MUMBAI,MC,6,164,PRABHAG NO 164 ,,,MAHANKUDA MANOJ NARSU,,,,,,,10809,Independent,IND,,169,14,,31,26666,0.634,,,26666,,,,
Maharashtra,2017,21-02-2017, ,0,Mumbai City,BRIHAN MUMBAI,MC,6,164,PRABHAG NO 164 ,,,Tiwari Sanjay Dinanath,,,,,,,10809,Independent,IND,,145,15,,31,26666,0.544,,,26666,,,,
Maharashtra,2017,21-02-2017, ,0,Mumbai City,BRIHAN MUMBAI,MC,6,164,PRABHAG NO 164 ,,,mohanty santosh sarathi,,,,,,,10809,Independent,IND,,117,16,,31,26666,0.439,,,26666,,,,
Maharashtra,2017,21-02-2017, ,0,Mumbai City,BRIHAN MUMBAI,MC,6,164,PRABHAG NO 164 ,,,Singh Raghvendra Vijaykumar,,,,,,,10809,Independent,IND,,91,17,,31,26666,0.341,,,26666,,,,
Maharashtra,2017,21-02-2017, ,0,Mumbai City,BRIHAN MUMBAI,MC,6,164,PRABHAG NO 164 ,,,KHAN ABDULREHEBAR KARIM,,,,,,,1731,Bhartiya Minorities Suraksha Mahasangh,BMSM,,83,18,,31,26666,0.311,,,26666,,,,
Maharashtra,2017,21-02-2017, ,0,Mumbai City,BRIHAN MUMBAI,MC,6,164,PRABHAG NO 164 ,,,HOTKAR RAJKUMARI SHANKAR,,,,,,,24549,Sambhaji Brigade,SBBGP,,70,19,,31,26666,0.263,,,26666,,,,
Maharashtra,2017,21-02-2017, ,0,Mumbai City,BRIHAN MUMBAI,MC,6,164,PRABHAG NO 164 ,,,parihar sagar sopan,,,,,,,1875,Bharip Bahujan Mahasangh,BBM,,69,20,,31,26666,0.259,,,26666,,,,
Maharashtra,2017,21-02-2017, ,0,Mumbai City,BRIHAN MUMBAI,MC,6,164,PRABHAG NO 164 ,,,VISHWAKARMA DEEPAKKUMAR UMASHANKAR,,,,,,,10809,Independent,IND,,60,21,,31,26666,0.225,,,26666,,,,
Maharashtra,2017,21-02-2017, ,0,Mumbai City,BRIHAN MUMBAI,MC,6,164,PRABHAG NO 164 ,,,NARAYANKAR MOHAN NAGNATH,,,,,,,880,Ambedkarite Party Of India,APoI,,60,22,,31,26666,0.225,,,26666,,,,
Maharashtra,2017,21-02-2017, ,0,Mumbai City,BRIHAN MUMBAI,MC,6,164,PRABHAG NO 164 ,,,KHARATMOL GANESH KONDIBA,,,,,,,10809,Independent,IND,,60,23,,31,26666,0.225,,,26666,,,,
Maharashtra,2017,21-02-2017, ,0,Mumbai City,BRIHAN MUMBAI,MC,6,164,PRABHAG NO 164 ,,,ALVI Mohammed Aslam Mohammed Ali,,,,,,,1096,bahujan republican sociolist party,BARESP,,57,24,,31,26666,0.214,,,26666,,,,
Maharashtra,2017,21-02-2017, ,0,Mumbai City,BRIHAN MUMBAI,MC,6,164,PRABHAG NO 164 ,,,VISHWAKARMA NIRAJ RAVINDRA,,,,,,,10809,Independent,IND,,55,25,,31,26666,0.206,,,26666,,,,
Maharashtra,2017,21-02-2017, ,0,Mumbai City,BRIHAN MUMBAI,MC,6,164,PRABHAG NO 164 ,,,VICHARE CHANDRAKANT DATTARAM,,,,,,,10809,Independent,IND,,53,26,,31,26666,0.199,,,26666,,,,
Maharashtra,2017,21-02-2017, ,0,Mumbai City,BRIHAN MUMBAI,MC,6,164,PRABHAG NO 164 ,,,PANDHARE VIKRANT MOHAN,,,,,,,10809,Independent,IND,,44,27,,31,26666,0.165,,,26666,,,,
Maharashtra,2017,21-02-2017, ,0,Mumbai City,BRIHAN MUMBAI,MC,6,164,PRABHAG NO 164 ,,,SHIRSAT SHRIKANT GANPAT,,,,,,,10809,Independent,IND,,44,28,,31,26666,0.165,,,26666,,,,
Maharashtra,2017,21-02-2017, ,0,Mumbai City,BRIHAN MUMBAI,MC,6,164,PRABHAG NO 164 ,,,Hotkar Dharmraj Krishna,,,,,,,u10016,Jankalyan Sena,,,44,29,,31,26666,0.165,,,26666,,,,
Maharashtra,2017,21-02-2017, ,0,Mumbai City,BRIHAN MUMBAI,MC,6,164,PRABHAG NO 164 ,,,PATRA SATYAWAN LAKSHMAN,,,,,,,10809,Independent,IND,,43,30,,31,26666,0.161,,,26666,,,,
Maharashtra,2017,21-02-2017, ,0,Mumbai City,BRIHAN MUMBAI,MC,6,164,PRABHAG NO 164 ,,,Shaikh Mansuri Shazad Kasim Ali,,,,,,,7425,Samajwadi Party,SP,,29,31,,31,26666,0.109,,,26666,,,,
Maharashtra,2017,21-02-2017, ,0,Mumbai City,BRIHAN MUMBAI,MC,6,164,PRABHAG NO 164 ,,,NOTA,,,,,,,u10003,,,,197,32,,31,26666,0.739,,,26666,,,,
Maharashtra,2017,21-02-2017, ,0,Mumbai City,BRIHAN MUMBAI,MC,6,165,PRABHAG NO 165 ,,,AZMI MOHAMMEDASHRAF MOHAMMEDASLAM,,,,,,,1605,Indian National Congress,BJP,,6268,1,,16,20282,30.904,,,20282,,,,
Maharashtra,2017,21-02-2017, ,0,Mumbai City,BRIHAN MUMBAI,MC,6,165,PRABHAG NO 165 ,,,BADGUJAR KETAN SHANKAR,,,,,,,1605,Bhartiya Janata Party,BJP,,3431,2,,16,20282,16.916,,,20282,,,,
Maharashtra,2017,21-02-2017, ,0,Mumbai City,BRIHAN MUMBAI,MC,6,165,PRABHAG NO 165 ,,,MALIK SANA NAWAB,,,,,,,5792,Nationalist Congress Party,NCP,,2917,3,,16,20282,14.382,,,20282,,,,
Maharashtra,2017,21-02-2017, ,0,Mumbai City,BRIHAN MUMBAI,MC,6,165,PRABHAG NO 165 ,,,SHUKLA SHREEPRAKASH SHYAMNARAYAN,,,,,,,18691,Shivsena,SHS,,2743,4,,16,20282,13.524,,,20282,,,,
Maharashtra,2017,21-02-2017, ,0,Mumbai City,BRIHAN MUMBAI,MC,6,165,PRABHAG NO 165 ,,,PAWAR GANESH NARAYAN,,,,,,,11633,Maharashtra Navnirman Sena,MNS,,2480,5,,16,20282,12.228,,,20282,,,,
Maharashtra,2017,21-02-2017, ,0,Mumbai City,BRIHAN MUMBAI,MC,6,165,PRABHAG NO 165 ,,,SHETTY ANITA ANIL,,,,,,,10809,Independent,IND,,1228,6,,16,20282,6.055,,,20282,,,,
Maharashtra,2017,21-02-2017, ,0,Mumbai City,BRIHAN MUMBAI,MC,6,165,PRABHAG NO 165 ,,,SHAH KAMALAHMED IQBALAHMED,,,,,,,706,All India Majlis e Ittehadul Muslimeen,AIMIM,,268,7,,16,20282,1.321,,,20282,,,,
Maharashtra,2017,21-02-2017, ,0,Mumbai City,BRIHAN MUMBAI,MC,6,165,PRABHAG NO 165 ,,,MANTRI FIROZE JAINUDDIN,,,,,,,7425,Samajwadi Party,SP,,248,8,,16,20282,1.223,,,20282,,,,
Maharashtra,2017,21-02-2017, ,0,Mumbai City,BRIHAN MUMBAI,MC,6,165,PRABHAG NO 165 ,,,Wavare Sanjay Dashrath,,,,,,,u10012,Bharatwadi Akata party,,,97,9,,16,20282,0.478,,,20282,,,,
Maharashtra,2017,21-02-2017, ,0,Mumbai City,BRIHAN MUMBAI,MC,6,165,PRABHAG NO 165 ,,,DSOUZA JUSTIN SIMON,,,,,,,10809,Independent,IND,,92,10,,16,20282,0.454,,,20282,,,,
Maharashtra,2017,21-02-2017, ,0,Mumbai City,BRIHAN MUMBAI,MC,6,165,PRABHAG NO 165 ,,,KUMBHARGAN SHASHIKANT SUDHAKAR,,,,,,,10809,Independent,IND,,86,11,,16,20282,0.424,,,20282,,,,
Maharashtra,2017,21-02-2017, ,0,Mumbai City,BRIHAN MUMBAI,MC,6,165,PRABHAG NO 165 ,,,SHAIKH MOHAMMEDNOORHASAN HANIF,,,,,,,12019,Peasants & Workers Party of India,PWP,,67,12,,16,20282,0.33,,,20282,,,,
Maharashtra,2017,21-02-2017, ,0,Mumbai City,BRIHAN MUMBAI,MC,6,165,PRABHAG NO 165 ,,,KAIKADI SANJU NAGU,,,,,,,880,Ambedkarite Party Of India,APoI,,60,13,,16,20282,0.296,,,20282,,,,
Maharashtra,2017,21-02-2017, ,0,Mumbai City,BRIHAN MUMBAI,MC,6,165,PRABHAG NO 165 ,,,JAWADWALA MURTAZA SAIFUDDIN,,,,,,,1096,bahujan republican sociolist party,BARESP,,51,14,,16,20282,0.251,,,20282,,,,
Maharashtra,2017,21-02-2017, ,0,Mumbai City,BRIHAN MUMBAI,MC,6,165,PRABHAG NO 165 ,,,Damudre Kailash Madhukar,,,,,,,u10016,Jankalyan Sena,,,28,15,,16,20282,0.138,,,20282,,,,
Maharashtra,2017,21-02-2017, ,0,Mumbai City,BRIHAN MUMBAI,MC,6,165,PRABHAG NO 165 ,,,SHAH YASMIN MOSULTAN,,,,,,,10809,Independent,IND,,23,16,,16,20282,0.113,,,20282,,,,
Maharashtra,2017,21-02-2017, ,0,Mumbai City,BRIHAN MUMBAI,MC,6,165,PRABHAG NO 165 ,,,NOTA,,,,,,,u10003,,,,195,17,,16,20282,0.961,,,20282,,,,
Maharashtra,2017,21-02-2017, ,0,Mumbai City,BRIHAN MUMBAI,MC,6,166,PRABHAG NO 166 ,,,Turde Sanjay Ramchandra,,,,,,,11633,Maharashtra Navnirman Sena,MNS,,5908,1,,15,21526,27.446,,,21526,,,,
Maharashtra,2017,21-02-2017, ,0,Mumbai City,BRIHAN MUMBAI,MC,6,166,PRABHAG NO 166 ,,,KHATU SUDHIR PANDURANG,,,,,,,1605,Bhartiya Janata Party,BJP,,5152,2,,15,21526,23.934,,,21526,,,,
Maharashtra,2017,21-02-2017, ,0,Mumbai City,BRIHAN MUMBAI,MC,6,166,PRABHAG NO 166 ,,,Singh Nitesh Rajhans,,,,,,,1605,Indian National Congress,BJP,,4632,3,,15,21526,21.518,,,21526,,,,
Maharashtra,2017,21-02-2017, ,0,Mumbai City,BRIHAN MUMBAI,MC,6,166,PRABHAG NO 166 ,,,TULASKAR MANALI MANGESH,,,,,,,18691,Shivsena,SHS,,3794,4,,15,21526,17.625,,,21526,,,,
Maharashtra,2017,21-02-2017, ,0,Mumbai City,BRIHAN MUMBAI,MC,6,166,PRABHAG NO 166 ,,,SHAIKH ISMAIL IBRAHIM,,,,,,,7425,Samajwadi Party,SP,,1217,5,,15,21526,5.654,,,21526,,,,
Maharashtra,2017,21-02-2017, ,0,Mumbai City,BRIHAN MUMBAI,MC,6,166,PRABHAG NO 166 ,,,VIRKAR VITHAL YASHWANT,,,,,,,5792,Nationalist Congress Party,NCP,,269,6,,15,21526,1.25,,,21526,,,,
Maharashtra,2017,21-02-2017, ,0,Mumbai City,BRIHAN MUMBAI,MC,6,166,PRABHAG NO 166 ,,,KOTHARE MACHINDRA KRISHNA,,,,,,,10809,Independent,IND,,115,7,,15,21526,0.534,,,21526,,,,
Maharashtra,2017,21-02-2017, ,0,Mumbai City,BRIHAN MUMBAI,MC,6,166,PRABHAG NO 166 ,,,Fernandes Derrel Peter,,,,,,,10809,Independent,IND,,61,8,,15,21526,0.283,,,21526,,,,
Maharashtra,2017,21-02-2017, ,0,Mumbai City,BRIHAN MUMBAI,MC,6,166,PRABHAG NO 166 ,,,DESAI ANIL RAMCHANDRA,,,,,,,10809,Independent,IND,,55,9,,15,21526,0.256,,,21526,,,,
Maharashtra,2017,21-02-2017, ,0,Mumbai City,BRIHAN MUMBAI,MC,6,166,PRABHAG NO 166 ,,,Harijan Rekha Ramkishan,,,,,,,1731,Bhartiya Minorities Suraksha Mahasangh,BMSM,,48,10,,15,21526,0.223,,,21526,,,,
Maharashtra,2017,21-02-2017, ,0,Mumbai City,BRIHAN MUMBAI,MC,6,166,PRABHAG NO 166 ,,,Pawar Dinesh Baban,,,,,,,16651,Bahujan Samaj Party,BSP,,46,11,,15,21526,0.214,,,21526,,,,
Maharashtra,2017,21-02-2017, ,0,Mumbai City,BRIHAN MUMBAI,MC,6,166,PRABHAG NO 166 ,,,KAMBLE AKASH NAMDEO,,,,,,,8690,Akhil Bharatiya Sena,ABHS,,36,12,,15,21526,0.167,,,21526,,,,
Maharashtra,2017,21-02-2017, ,0,Mumbai City,BRIHAN MUMBAI,MC,6,166,PRABHAG NO 166 ,,,khan irfanahmed niyajeeahmed,,,,,,,10809,Independent,IND,,32,13,,15,21526,0.149,,,21526,,,,
Maharashtra,2017,21-02-2017, ,0,Mumbai City,BRIHAN MUMBAI,MC,6,166,PRABHAG NO 166 ,,,Patil Priya Hemant,,,,,,,10809,Independent,IND,,27,14,,15,21526,0.125,,,21526,,,,
Maharashtra,2017,21-02-2017, ,0,Mumbai City,BRIHAN MUMBAI,MC,6,166,PRABHAG NO 166 ,,,SANAP AKSHAY KACHARU,,,,,,,24532,prahar janshakti paksh,PHJSP,,15,15,,15,21526,0.07,,,21526,,,Same as Prahar Janshakti Party,
Maharashtra,2017,21-02-2017, ,0,Mumbai City,BRIHAN MUMBAI,MC,6,166,PRABHAG NO 166 ,,,NOTA,,,,,,,u10003,,,,119,16,,15,21526,0.553,,,21526,,,,
Maharashtra,2017,21-02-2017, ,0,Mumbai City,BRIHAN MUMBAI,MC,6,167,PRABHAG NO 167 ,,,AZMI DILSHADBANU MOHAMMEDASHRAF,,,,,,,1605,Indian National Congress,BJP,,8874,1,,10,20798,42.668,,,20798,,,,
Maharashtra,2017,21-02-2017, ,0,Mumbai City,BRIHAN MUMBAI,MC,6,167,PRABHAG NO 167 ,,,SHAIKH RUKHSANA MOHAMMEDISMAIL,,,,,,,7425,Samajwadi Party,SP,,4777,2,,10,20798,22.969,,,20798,,,,
Maharashtra,2017,21-02-2017, ,0,Mumbai City,BRIHAN MUMBAI,MC,6,167,PRABHAG NO 167 ,,,KHAIRNAR LATA RAJAN,,,,,,,18691,Shivsena,SHS,,3583,3,,10,20798,17.228,,,20798,,,,
Maharashtra,2017,21-02-2017, ,0,Mumbai City,BRIHAN MUMBAI,MC,6,167,PRABHAG NO 167 ,,,GANGURDE SUREKHA JITESH,,,,,,,12285,Republican Party of India (A),RPI(A),,1526,4,,10,20798,7.337,,,20798,,,,
Maharashtra,2017,21-02-2017, ,0,Mumbai City,BRIHAN MUMBAI,MC,6,167,PRABHAG NO 167 ,,,ANSARI NASEEMBANO IMRAN,,,,,,,11633,Maharashtra Navnirman Sena,MNS,,726,5,,10,20798,3.491,,,20798,,,,
Maharashtra,2017,21-02-2017, ,0,Mumbai City,BRIHAN MUMBAI,MC,6,167,PRABHAG NO 167 ,,,SHAIKH RUQAIYA ABDULASAD,,,,,,,706,All India Majlis e Ittehadul Muslimeen,AIMIM,,678,6,,10,20798,3.26,,,20798,,,,
Maharashtra,2017,21-02-2017, ,0,Mumbai City,BRIHAN MUMBAI,MC,6,167,PRABHAG NO 167 ,,,GANGURDE SUSHILA SUNIL,,,,,,,880,Ambedkarite Party Of India,APoI,,232,7,,10,20798,1.115,,,20798,,,,
Maharashtra,2017,21-02-2017, ,0,Mumbai City,BRIHAN MUMBAI,MC,6,167,PRABHAG NO 167 ,,,SINGH SONU SUJIT,,,,,,,10809,Independent,IND,,78,8,,10,20798,0.375,,,20798,,,,
Maharashtra,2017,21-02-2017, ,0,Mumbai City,BRIHAN MUMBAI,MC,6,167,PRABHAG NO 167 ,,,SHAIKH FARHA NaZ MOHD SABIR,,,,,,,10809,Independent,IND,,72,9,,10,20798,0.346,,,20798,,,,
Maharashtra,2017,21-02-2017, ,0,Mumbai City,BRIHAN MUMBAI,MC,6,167,PRABHAG NO 167 ,,,SHAIKH SHAKUNATNISHA ZIYAULLAH,,,,,,,10809,Independent,IND,,28,10,,10,20798,0.135,,,20798,,,,
Maharashtra,2017,21-02-2017, ,0,Mumbai City,BRIHAN MUMBAI,MC,6,167,PRABHAG NO 167 ,,,NOTA,,,,,,,u10003,,,,224,11,,10,20798,1.077,,,20798,,,,
Maharashtra,2017,21-02-2017, ,0,Mumbai City,BRIHAN MUMBAI,MC,6,168,PRABHAG NO 168 ,,,Khan Saeeda Arif,,,,,,,5792,Nationalist Congress Party,NCP,,7896,1,,10,25362,31.133,,,25362,,,,
Maharashtra,2017,21-02-2017, ,0,Mumbai City,BRIHAN MUMBAI,MC,6,168,PRABHAG NO 168 ,,,PEDNEKAR ANURADHA MAHESH,,,,,,,18691,Shivsena,SHS,,6313,2,,10,25362,24.892,,,25362,,,,
Maharashtra,2017,21-02-2017, ,0,Mumbai City,BRIHAN MUMBAI,MC,6,168,PRABHAG NO 168 ,,,MADANE DEEPIKA PREMCHAND,,,,,,,1605,Bhartiya Janata Party,BJP,,5645,3,,10,25362,22.258,,,25362,,,,
Maharashtra,2017,21-02-2017, ,0,Mumbai City,BRIHAN MUMBAI,MC,6,168,PRABHAG NO 168 ,,,KALANIYA NOORJAHAN ABDULMAJEED,,,,,,,706,All India Majlis e Ittehadul Muslimeen,AIMIM,,2723,4,,10,25362,10.737,,,25362,,,,
Maharashtra,2017,21-02-2017, ,0,Mumbai City,BRIHAN MUMBAI,MC,6,168,PRABHAG NO 168 ,,,Shaikh asma Mohammed Mudassar,,,,,,,7425,Samajwadi Party,SP,,1150,5,,10,25362,4.534,,,25362,,,,
Maharashtra,2017,21-02-2017, ,0,Mumbai City,BRIHAN MUMBAI,MC,6,168,PRABHAG NO 168 ,,,KHAN SOFIYA ABDULHANNAN,,,,,,,1605,Indian National Congress,BJP,,866,6,,10,25362,3.415,,,25362,,,,
Maharashtra,2017,21-02-2017, ,0,Mumbai City,BRIHAN MUMBAI,MC,6,168,PRABHAG NO 168 ,,,KHAN NOORSABA IMRAN,,,,,,,16651,Bahujan Samaj Party,BSP,,256,7,,10,25362,1.009,,,25362,,,,
Maharashtra,2017,21-02-2017, ,0,Mumbai City,BRIHAN MUMBAI,MC,6,168,PRABHAG NO 168 ,,,GHADGE MEENAKSHI PRASHANT,,,,,,,11633,Maharashtra Navnirman Sena,MNS,,221,8,,10,25362,0.871,,,25362,,,,
Maharashtra,2017,21-02-2017, ,0,Mumbai City,BRIHAN MUMBAI,MC,6,168,PRABHAG NO 168 ,,,QAZI SHAKIRAKHATUN AZIZULLAH,,,,,,,1731,Bhartiya Minorities Suraksha Mahasangh,BMSM,,51,9,,10,25362,0.201,,,25362,,,,
Maharashtra,2017,21-02-2017, ,0,Mumbai City,BRIHAN MUMBAI,MC,6,168,PRABHAG NO 168 ,,,Khan Shakira Shafiqueahmed,,,,,,,10809,Independent,IND,,45,10,,10,25362,0.177,,,25362,,,,
Maharashtra,2017,21-02-2017, ,0,Mumbai City,BRIHAN MUMBAI,MC,6,168,PRABHAG NO 168 ,,,NOTA,,,,,,,u10003,,,,196,11,,10,25362,0.773,,,25362,,,,
Maharashtra,2017,21-02-2017, ,0,Mumbai City,BRIHAN MUMBAI,MC,6,169,PRABHAG NO 169 ,,,MORAJKAR PRAVINA MANISH,,,,,,,18691,Shivsena,SHS,,10299,1,,9,23617,43.608,,,23617,,,,
Maharashtra,2017,21-02-2017, ,0,Mumbai City,BRIHAN MUMBAI,MC,6,169,PRABHAG NO 169 ,,,BHISE SHRIKANT YALLAPPA,,,,,,,1605,Bhartiya Janata Party,BJP,,5511,2,,9,23617,23.335,,,23617,,,,
Maharashtra,2017,21-02-2017, ,0,Mumbai City,BRIHAN MUMBAI,MC,6,169,PRABHAG NO 169 ,,,BHALERAO SUBHASH ASARAM,,,,,,,1605,Indian National Congress,BJP,,4045,3,,9,23617,17.127,,,23617,,,,
Maharashtra,2017,21-02-2017, ,0,Mumbai City,BRIHAN MUMBAI,MC,6,169,PRABHAG NO 169 ,,,BAGADE PRASHANT CHHABILAL,,,,,,,11633,Maharashtra Navnirman Sena,MNS,,1999,4,,9,23617,8.464,,,23617,,,,
Maharashtra,2017,21-02-2017, ,0,Mumbai City,BRIHAN MUMBAI,MC,6,169,PRABHAG NO 169 ,,,KAKADE PRAMILA PRATAP,,,,,,,5792,Nationalist Congress Party,NCP,,461,5,,9,23617,1.952,,,23617,,,,
Maharashtra,2017,21-02-2017, ,0,Mumbai City,BRIHAN MUMBAI,MC,6,169,PRABHAG NO 169 ,,,KAMBLE MANGESH CHANDRABHAGA,,,,,,,1875,Bharip Bahujan Mahasangh,BBM,,278,6,,9,23617,1.177,,,23617,,,,
Maharashtra,2017,21-02-2017, ,0,Mumbai City,BRIHAN MUMBAI,MC,6,169,PRABHAG NO 169 ,,,WAGHMARE GANGA BABASAHEB,,,,,,,10809,Independent,IND,,150,7,,9,23617,0.635,,,23617,,,,
Maharashtra,2017,21-02-2017, ,0,Mumbai City,BRIHAN MUMBAI,MC,6,169,PRABHAG NO 169 ,,,Bhavar Vijay Bhaurao,,,,,,,10809,Independent,IND,,132,8,,9,23617,0.559,,,23617,,,,
Maharashtra,2017,21-02-2017, ,0,Mumbai City,BRIHAN MUMBAI,MC,6,169,PRABHAG NO 169 ,,,Sonavane Lalita Shashikant,,,,,,,10809,Independent,IND,,131,9,,9,23617,0.555,,,23617,,,,
Maharashtra,2017,21-02-2017, ,0,Mumbai City,BRIHAN MUMBAI,MC,6,169,PRABHAG NO 169 ,,,NOTA,,,,,,,u10003,,,,611,10,,9,23617,2.587,,,23617,,,,
Maharashtra,2017,21-02-2017, ,0,Mumbai City,BRIHAN MUMBAI,MC,6,170,PRABHAG NO 170 ,,,Malik AbdulRashidKaptan MohammadIslam,,,,,,,5792,Nationalist Congress Party,NCP,,7348,1,,15,18617,39.469,,,18617,,,,
Maharashtra,2017,21-02-2017, ,0,Mumbai City,BRIHAN MUMBAI,MC,6,170,PRABHAG NO 170 ,,,SHINDE DARSHANA DILIP,,,,,,,18691,Shivsena,SHS,,3214,2,,15,18617,17.264,,,18617,,,,
Maharashtra,2017,21-02-2017, ,0,Mumbai City,BRIHAN MUMBAI,MC,6,170,PRABHAG NO 170 ,,,Khan Siraj Sohrab,,,,,,,706,All India Majlis e Ittehadul Muslimeen,AIMIM,,3104,3,,15,18617,16.673,,,18617,,,,
Maharashtra,2017,21-02-2017, ,0,Mumbai City,BRIHAN MUMBAI,MC,6,170,PRABHAG NO 170 ,,,YERUNKAR SWAPNIL CHANDRAKANT,,,,,,,1605,Bhartiya Janata Party,BJP,,2502,4,,15,18617,13.439,,,18617,,,,
Maharashtra,2017,21-02-2017, ,0,Mumbai City,BRIHAN MUMBAI,MC,6,170,PRABHAG NO 170 ,,,MANCHANDA SATISH MADANMOHAN,,,,,,,1605,Indian National Congress,BJP,,783,5,,15,18617,4.206,,,18617,,,,
Maharashtra,2017,21-02-2017, ,0,Mumbai City,BRIHAN MUMBAI,MC,6,170,PRABHAG NO 170 ,,,SHINDE MAHENDRA VITTHAL,,,,,,,11633,Maharashtra Navnirman Sena,MNS,,508,6,,15,18617,2.729,,,18617,,,,
Maharashtra,2017,21-02-2017, ,0,Mumbai City,BRIHAN MUMBAI,MC,6,170,PRABHAG NO 170 ,,,IDRISI MOHAMMEDRAFIQUE MOHAMMEDRASHID,,,,,,,7425,Samajwadi Party,SP,,266,7,,15,18617,1.429,,,18617,,,,
Maharashtra,2017,21-02-2017, ,0,Mumbai City,BRIHAN MUMBAI,MC,6,170,PRABHAG NO 170 ,,,SHINGARE BHIMRAO DNYANDEO,,,,,,,1875,Bharip Bahujan Mahasangh,BBM,,219,8,,15,18617,1.176,,,18617,,,,
Maharashtra,2017,21-02-2017, ,0,Mumbai City,BRIHAN MUMBAI,MC,6,170,PRABHAG NO 170 ,,,More Vijay Dnyandeo,,,,,,,1096,bahujan republican sociolist party,BARESP,,128,9,,15,18617,0.688,,,18617,,,,
Maharashtra,2017,21-02-2017, ,0,Mumbai City,BRIHAN MUMBAI,MC,6,170,PRABHAG NO 170 ,,,SAYED IFTEKHARALI MINHAJALI,,,,,,,16651,Bahujan Samaj Party,BSP,,115,10,,15,18617,0.618,,,18617,,,,
Maharashtra,2017,21-02-2017, ,0,Mumbai City,BRIHAN MUMBAI,MC,6,170,PRABHAG NO 170 ,,,DATTA PAMELADAISY PUSHPRAJ,,,,,,,10809,Independent,IND,,90,11,,15,18617,0.483,,,18617,,,,
Maharashtra,2017,21-02-2017, ,0,Mumbai City,BRIHAN MUMBAI,MC,6,170,PRABHAG NO 170 ,,,DHURI ASHISH ANIL,,,,,,,10809,Independent,IND,,76,12,,15,18617,0.408,,,18617,,,,
Maharashtra,2017,21-02-2017, ,0,Mumbai City,BRIHAN MUMBAI,MC,6,170,PRABHAG NO 170 ,,,SHAIKH MOHDSALIM AHMED,,,,,,,8690,Akhil Bharatiya Sena,ABHS,,52,13,,15,18617,0.279,,,18617,,,,
Maharashtra,2017,21-02-2017, ,0,Mumbai City,BRIHAN MUMBAI,MC,6,170,PRABHAG NO 170 ,,,khan subhan kamaluddin,,,,,,,10809,Independent,IND,,47,14,,15,18617,0.252,,,18617,,,,
Maharashtra,2017,21-02-2017, ,0,Mumbai City,BRIHAN MUMBAI,MC,6,170,PRABHAG NO 170 ,,,Qureshi Aslam NoorMohammed,,,,,,,1731,Bhartiya Minorities Suraksha Mahasangh,BMSM,,42,15,,15,18617,0.226,,,18617,,,,
Maharashtra,2017,21-02-2017, ,0,Mumbai City,BRIHAN MUMBAI,MC,6,170,PRABHAG NO 170 ,,,NOTA,,,,,,,u10003,,,,123,16,,15,18617,0.661,,,18617,,,,
Maharashtra,2017,21-02-2017, ,0,Mumbai City,BRIHAN MUMBAI,MC,6,171,PRABHAG NO 171 ,,,TANDEL SANVEE VIJAY,,,,,,,18691,Shivsena,SHS,,7720,1,,10,21184,36.443,,,21184,,,,
Maharashtra,2017,21-02-2017, ,0,Mumbai City,BRIHAN MUMBAI,MC,6,171,PRABHAG NO 171 ,,,KHAN AFSANA IMRAN,,,,,,,706,All India Majlis e Ittehadul Muslimeen,AIMIM,,4428,2,,10,21184,20.903,,,21184,,,,
Maharashtra,2017,21-02-2017, ,0,Mumbai City,BRIHAN MUMBAI,MC,6,171,PRABHAG NO 171 ,,,QURESHI AMREEN ASIF,,,,,,,5792,Nationalist Congress Party,NCP,,2577,3,,10,21184,12.165,,,21184,,,,
Maharashtra,2017,21-02-2017, ,0,Mumbai City,BRIHAN MUMBAI,MC,6,171,PRABHAG NO 171 ,,,Nikam Reshma Rajendra,,,,,,,10809,Independent,IND,,2547,4,,10,21184,12.023,,,21184,,,,
Maharashtra,2017,21-02-2017, ,0,Mumbai City,BRIHAN MUMBAI,MC,6,171,PRABHAG NO 171 ,,,CHALKE CHETNA CHARUDATTA,,,,,,,1605,Bhartiya Janata Party,BJP,,1792,5,,10,21184,8.459,,,21184,,,,
Maharashtra,2017,21-02-2017, ,0,Mumbai City,BRIHAN MUMBAI,MC,6,171,PRABHAG NO 171 ,,,THALI AMRUTA AVINASH,,,,,,,11633,Maharashtra Navnirman Sena,MNS,,665,6,,10,21184,3.139,,,21184,,,,
Maharashtra,2017,21-02-2017, ,0,Mumbai City,BRIHAN MUMBAI,MC,6,171,PRABHAG NO 171 ,,,SHAIKH SAMEENA WAJID,,,,,,,1605,Indian National Congress,BJP,,470,7,,10,21184,2.219,,,21184,,,,
Maharashtra,2017,21-02-2017, ,0,Mumbai City,BRIHAN MUMBAI,MC,6,171,PRABHAG NO 171 ,,,Shirke Vaishali Tushar,,,,,,,10809,Independent,IND,,460,8,,10,21184,2.171,,,21184,,,,
Maharashtra,2017,21-02-2017, ,0,Mumbai City,BRIHAN MUMBAI,MC,6,171,PRABHAG NO 171 ,,,PATIL SUREKHA HARISHCHANDRA,,,,,,,10809,Independent,IND,,144,9,,10,21184,0.68,,,21184,,,,
Maharashtra,2017,21-02-2017, ,0,Mumbai City,BRIHAN MUMBAI,MC,6,171,PRABHAG NO 171 ,,,Patil Sujata Sunil,,,,,,,10809,Independent,IND,,80,10,,10,21184,0.378,,,21184,,,,
Maharashtra,2017,21-02-2017, ,0,Mumbai City,BRIHAN MUMBAI,MC,6,171,PRABHAG NO 171 ,,,NOTA,,,,,,,u10003,,,,301,11,,10,21184,1.421,,,21184,,,,
Maharashtra,2017,21-02-2017, ,0,Mumbai City,BRIHAN MUMBAI,MC,6,172,PRABHAG NO 172 ,,,Shirwadkar Rajeshree Rajesh,,,,,,,1605,Bhartiya Janata Party,BJP,,13731,1,,9,22961,59.801,,,22961,,,,
Maharashtra,2017,21-02-2017, ,0,Mumbai City,BRIHAN MUMBAI,MC,6,172,PRABHAG NO 172 ,,,Doshi Upendra Pitambardas,,,,,,,1605,Indian National Congress,BJP,,3875,2,,9,22961,16.876,,,22961,,,,
Maharashtra,2017,21-02-2017, ,0,Mumbai City,BRIHAN MUMBAI,MC,6,172,PRABHAG NO 172 ,,,WAGHDHARE PRAKASH DHONDU,,,,,,,18691,Shivsena,SHS,,3778,3,,9,22961,16.454,,,22961,,,,
Maharashtra,2017,21-02-2017, ,0,Mumbai City,BRIHAN MUMBAI,MC,6,172,PRABHAG NO 172 ,,,KENY RAJESH BALKRISHNA,,,,,,,11633,Maharashtra Navnirman Sena,MNS,,473,4,,9,22961,2.06,,,22961,,,,
Maharashtra,2017,21-02-2017, ,0,Mumbai City,BRIHAN MUMBAI,MC,6,172,PRABHAG NO 172 ,,,Durafe Vishal Vijay,,,,,,,5792,Nationalist Congress Party,NCP,,212,5,,9,22961,0.923,,,22961,,,,
Maharashtra,2017,21-02-2017, ,0,Mumbai City,BRIHAN MUMBAI,MC,6,172,PRABHAG NO 172 ,,,SURVE DEVENDRA MADHUKAR,,,,,,,10809,Independent,IND,,182,6,,9,22961,0.793,,,22961,,,,
Maharashtra,2017,21-02-2017, ,0,Mumbai City,BRIHAN MUMBAI,MC,6,172,PRABHAG NO 172 ,,,YADAV VIJAY RAMPRAKASH,,,,,,,16651,Bahujan Samaj Party,BSP,,161,7,,9,22961,0.701,,,22961,,,,
Maharashtra,2017,21-02-2017, ,0,Mumbai City,BRIHAN MUMBAI,MC,6,172,PRABHAG NO 172 ,,,PAWAR DINESH MEGHNATH,,,,,,,10809,Independent,IND,,72,8,,9,22961,0.314,,,22961,,,,
Maharashtra,2017,21-02-2017, ,0,Mumbai City,BRIHAN MUMBAI,MC,6,172,PRABHAG NO 172 ,,,Nair Sunita Alwyn,,,,,,,10809,Independent,IND,,41,9,,9,22961,0.179,,,22961,,,,
Maharashtra,2017,21-02-2017, ,0,Mumbai City,BRIHAN MUMBAI,MC,6,172,PRABHAG NO 172 ,,,NOTA,,,,,,,u10003,,,,436,10,,9,22961,1.899,,,22961,,,,
Maharashtra,2017,21-02-2017, ,0,Mumbai City,BRIHAN MUMBAI,MC,6,173,PRABHAG NO 173 ,,,THOMBRE PRALHAD ABA,,,,,,,18691,Shivsena,SHS,,6492,1,,15,17331,37.459,,,17331,,,,
Maharashtra,2018,06-04-2018, ,1,Mumbai City,BRIHAN MUMBAI,MC,6,173,ward no.173 ,,,KAMBLE RAMDAS DEVIDAS,,,,,,,18691,Shivsena,SHS,,6616,1,,3,13170,50.235,,,13170,,,,
Maharashtra,2017,21-02-2017, ,0,Mumbai City,BRIHAN MUMBAI,MC,6,173,PRABHAG NO 173 ,,,PAGARE VIJAY SHANTARAM,,,,,,,1605,Bhartiya Janata Party,BJP,,2985,2,,15,17331,17.223,,,17331,,,,
Maharashtra,2018,06-04-2018, ,1,Mumbai City,BRIHAN MUMBAI,MC,6,173,ward no.173 ,,,SHETYE SUNIL BALKRISHNA,,,,,,,1605,Indian National Congress,BJP,,5771,2,,3,13170,43.819,,,13170,,,,
Maharashtra,2017,21-02-2017, ,0,Mumbai City,BRIHAN MUMBAI,MC,6,173,PRABHAG NO 173 ,,,Shetye Sunil Balkrishna,,,,,,,18691,Shivsena,SHS,,2190,3,,15,17331,12.636,,,17331,,,,
Maharashtra,2018,06-04-2018, ,1,Mumbai City,BRIHAN MUMBAI,MC,6,173,ward no.173 ,,,ZENDE GAUTAM YESHWANT,,,,,,,1096,Bahujan Republican Sociolist Party,BARESP,,549,3,,3,13170,4.169,,,13170,,,,
Maharashtra,2017,21-02-2017, ,0,Mumbai City,BRIHAN MUMBAI,MC,6,173,PRABHAG NO 173 ,,,HEGDE RAJESH GOVIND,,,,,,,11633,Maharashtra Navnirman Sena,MNS,,1342,4,,15,17331,7.743,,,17331,,,,
Maharashtra,2018,06-04-2018, ,1,Mumbai City,BRIHAN MUMBAI,MC,6,173,ward no.173 ,,,NOTA,,,,,,,u10003,,,,234,4,,3,13170,1.777,,,13170,,,,
Maharashtra,2017,21-02-2017, ,0,Mumbai City,BRIHAN MUMBAI,MC,6,173,PRABHAG NO 173 ,,,KAMBLE RAJU HANUMANT,,,,,,,10809,Independent,IND,,1274,5,,15,17331,7.351,,,17331,,,,
Maharashtra,2017,21-02-2017, ,0,Mumbai City,BRIHAN MUMBAI,MC,6,173,PRABHAG NO 173 ,,,GAIKWAD NAVIN NATHA,,,,,,,1605,Indian National Congress,BJP,,1213,6,,15,17331,6.999,,,17331,,,,
Maharashtra,2017,21-02-2017, ,0,Mumbai City,BRIHAN MUMBAI,MC,6,173,PRABHAG NO 173 ,,,More Vinod Dinkar,,,,,,,10809,Independent,IND,,643,7,,15,17331,3.71,,,17331,,,,
Maharashtra,2017,21-02-2017, ,0,Mumbai City,BRIHAN MUMBAI,MC,6,173,PRABHAG NO 173 ,,,TAMBE SANJAY JAYPRAKASH,,,,,,,1875,Bharip Bahujan Mahasangh,BBM,,268,8,,15,17331,1.546,,,17331,,,,
Maharashtra,2017,21-02-2017, ,0,Mumbai City,BRIHAN MUMBAI,MC,6,173,PRABHAG NO 173 ,,,KAMBLE SHARAD ARJUN,,,,,,,16651,Bahujan Samaj Party,BSP,,260,9,,15,17331,1.5,,,17331,,,,
Maharashtra,2017,21-02-2017, ,0,Mumbai City,BRIHAN MUMBAI,MC,6,173,PRABHAG NO 173 ,,,Hotakar Rakamaji Bhimasha,,,,,,,10809,Independent,IND,,155,10,,15,17331,0.894,,,17331,,,,
Maharashtra,2017,21-02-2017, ,0,Mumbai City,BRIHAN MUMBAI,MC,6,173,PRABHAG NO 173 ,,,BHISE PRASHANT EKNATH,,,,,,,5792,Nationalist Congress Party,NCP,,120,11,,15,17331,0.692,,,17331,,,,
Maharashtra,2017,21-02-2017, ,0,Mumbai City,BRIHAN MUMBAI,MC,6,173,PRABHAG NO 173 ,,,WAGHMARE VIJAY ASHOK,,,,,,,12285,Republican Party of India (A),RPI(A),,105,12,,15,17331,0.606,,,17331,,,,
Maharashtra,2017,21-02-2017, ,0,Mumbai City,BRIHAN MUMBAI,MC,6,173,PRABHAG NO 173 ,,,DANGLE NISHANT VILAS,,,,,,,10809,Independent,IND,,34,13,,15,17331,0.196,,,17331,,,,
Maharashtra,2017,21-02-2017, ,0,Mumbai City,BRIHAN MUMBAI,MC,6,173,PRABHAG NO 173 ,,,KHARAT ASHOK DHONDIRAM,,,,,,,10809,Independent,IND,,25,14,,15,17331,0.144,,,17331,,,,
Maharashtra,2017,21-02-2017, ,0,Mumbai City,BRIHAN MUMBAI,MC,6,173,PRABHAG NO 173 ,,,Sonawane Dinesh Rajaram,,,,,,,1096,bahujan republican sociolist party,BARESP,,22,15,,15,17331,0.127,,,17331,,,,
Maharashtra,2017,21-02-2017, ,0,Mumbai City,BRIHAN MUMBAI,MC,6,173,PRABHAG NO 173 ,,,NOTA,,,,,,,u10003,,,,203,16,,15,17331,1.171,,,17331,,,,
Maharashtra,2017,21-02-2017, ,0,Mumbai City,BRIHAN MUMBAI,MC,6,174,PRABHAG NO 174 ,,,REDDY KRISHNAVENI VINOD,,,,,,,1605,Bhartiya Janata Party,BJP,,2300,1,,17,14142,16.264,,,14142,,,,
Maharashtra,2017,21-02-2017, ,0,Mumbai City,BRIHAN MUMBAI,MC,6,174,PRABHAG NO 174 ,,,Dubey Neelam Dilip,,,,,,,5792,Nationalist Congress Party,NCP,,2112,2,,17,14142,14.934,,,14142,,,,
Maharashtra,2017,21-02-2017, ,0,Mumbai City,BRIHAN MUMBAI,MC,6,174,PRABHAG NO 174 ,,,KHAN KHURSHIDA IMRAN,,,,,,,706,All India Majlis e Ittehadul Muslimeen,AIMIM,,1953,3,,17,14142,13.81,,,14142,,,,
Maharashtra,2017,21-02-2017, ,0,Mumbai City,BRIHAN MUMBAI,MC,6,174,PRABHAG NO 174 ,,,KHAN PRAVINABANO SABIRALI,,,,,,,7425,Samajwadi Party,SP,,1709,4,,17,14142,12.085,,,14142,,,,
Maharashtra,2017,21-02-2017, ,0,Mumbai City,BRIHAN MUMBAI,MC,6,174,PRABHAG NO 174 ,,,khamkar sharvari chetan,,,,,,,18691,Shivsena,SHS,,1578,5,,17,14142,11.158,,,14142,,,,
Maharashtra,2017,21-02-2017, ,0,Mumbai City,BRIHAN MUMBAI,MC,6,174,PRABHAG NO 174 ,,,PAWAR TRUSHNA EKNATH,,,,,,,10809,Independent,IND,,1467,6,,17,14142,10.373,,,14142,,,,
Maharashtra,2017,21-02-2017, ,0,Mumbai City,BRIHAN MUMBAI,MC,6,174,PRABHAG NO 174 ,,,SAYED ZUBAIDAKHATOON KHALIDALI,,,,,,,1605,Indian National Congress,BJP,,1222,7,,17,14142,8.641,,,14142,,,,
Maharashtra,2017,21-02-2017, ,0,Mumbai City,BRIHAN MUMBAI,MC,6,174,PRABHAG NO 174 ,,,BHAPKAR MANGAL ASHOK,,,,,,,11633,Maharashtra Navnirman Sena,MNS,,583,8,,17,14142,4.122,,,14142,,,,
Maharashtra,2017,21-02-2017, ,0,Mumbai City,BRIHAN MUMBAI,MC,6,174,PRABHAG NO 174 ,,,SANSARE PRIYANKA MANOJ,,,,,,,10809,Independent,IND,,439,9,,17,14142,3.104,,,14142,,,,
Maharashtra,2017,21-02-2017, ,0,Mumbai City,BRIHAN MUMBAI,MC,6,174,PRABHAG NO 174 ,,,SASANE SHEETAL BHARAT,,,,,,,16651,Bahujan Samaj Party,BSP,,195,10,,17,14142,1.379,,,14142,,,,
Maharashtra,2017,21-02-2017, ,0,Mumbai City,BRIHAN MUMBAI,MC,6,174,PRABHAG NO 174 ,,,KHAN SUGRABEE ALIHUSAIN,,,,,,,10809,Independent,IND,,124,11,,17,14142,0.877,,,14142,,,,
Maharashtra,2017,21-02-2017, ,0,Mumbai City,BRIHAN MUMBAI,MC,6,174,PRABHAG NO 174 ,,,SHAIKH NASIBUNNISA JAMALWARIS,,,,,,,5792,Nationalist Congress Party,NCP,,121,12,,17,14142,0.856,,,14142,,,,
Maharashtra,2017,21-02-2017, ,0,Mumbai City,BRIHAN MUMBAI,MC,6,174,PRABHAG NO 174 ,,,KHAN AKHTAR JAHAN BABU,,,,,,,10809,Independent,IND,,67,13,,17,14142,0.474,,,14142,,,,
Maharashtra,2017,21-02-2017, ,0,Mumbai City,BRIHAN MUMBAI,MC,6,174,PRABHAG NO 174 ,,,JADHAV JAYSHRI SITARAM,,,,,,,10809,Independent,IND,,54,14,,17,14142,0.382,,,14142,,,,
Maharashtra,2017,21-02-2017, ,0,Mumbai City,BRIHAN MUMBAI,MC,6,174,PRABHAG NO 174 ,,,SHAIKH TASIRUN SAMSEALAM,,,,,,,10809,Independent,IND,,48,15,,17,14142,0.339,,,14142,,,,
Maharashtra,2017,21-02-2017, ,0,Mumbai City,BRIHAN MUMBAI,MC,6,174,PRABHAG NO 174 ,,,Jaiswar Urmila Jokhuprasad,,,,,,,1096,bahujan republican sociolist party,BARESP,,35,16,,17,14142,0.247,,,14142,,,,
Maharashtra,2017,21-02-2017, ,0,Mumbai City,BRIHAN MUMBAI,MC,6,174,PRABHAG NO 174 ,,,KAMBLE MANISHA ANIL,,,,,,,10809,Independent,IND,,20,17,,17,14142,0.141,,,14142,,,,
Maharashtra,2017,21-02-2017, ,0,Mumbai City,BRIHAN MUMBAI,MC,6,174,PRABHAG NO 174 ,,,NOTA,,,,,,,u10003,,,,115,18,,17,14142,0.813,,,14142,,,,
Maharashtra,2017,21-02-2017, ,0,Mumbai City,BRIHAN MUMBAI,MC,6,175,PRABHAG NO 175 ,,,SATAMKAR MANGESH SHRIDHAR,,,,,,,18691,Shivsena,SHS,,6096,1,,5,17599,34.638,,,17599,,,,
Maharashtra,2017,21-02-2017, ,0,Mumbai City,BRIHAN MUMBAI,MC,6,175,PRABHAG NO 175 ,,,YADAV LALITA KACHRU,,,,,,,1605,Indian National Congress,BJP,,5619,2,,5,17599,31.928,,,17599,,,,
Maharashtra,2017,21-02-2017, ,0,Mumbai City,BRIHAN MUMBAI,MC,6,175,PRABHAG NO 175 ,,,YADAV LORIK RAMCHET,,,,,,,1605,Bhartiya Janata Party,BJP,,4867,3,,5,17599,27.655,,,17599,,,,
Maharashtra,2017,21-02-2017, ,0,Mumbai City,BRIHAN MUMBAI,MC,6,175,PRABHAG NO 175 ,,,GUPTA YOGESH SANJAY,,,,,,,5792,Nationalist Congress Party,NCP,,464,4,,5,17599,2.637,,,17599,,,,
Maharashtra,2017,21-02-2017, ,0,Mumbai City,BRIHAN MUMBAI,MC,6,175,PRABHAG NO 175 ,,,Kamble Varsha Vijay,,,,,,,10809,Independent,IND,,153,5,,5,17599,0.869,,,17599,,,,
Maharashtra,2017,21-02-2017, ,0,Mumbai City,BRIHAN MUMBAI,MC,6,175,PRABHAG NO 175 ,,,NOTA,,,,,,,u10003,,,,400,6,,5,17599,2.273,,,17599,,,,
Maharashtra,2017,21-02-2017, ,0,Mumbai City,BRIHAN MUMBAI,MC,6,176,PRABHAG NO 176 ,,,RAJA RAVI KONDU,,,,,,,1605,Indian National Congress,BJP,,3814,1,,17,14871,25.647,,,14871,,,,
Maharashtra,2017,21-02-2017, ,0,Mumbai City,BRIHAN MUMBAI,MC,6,176,PRABHAG NO 176 ,,,PATIL GAJANAN PADMAKAR,,,,,,,18691,Shivsena,SHS,,3678,2,,17,14871,24.733,,,14871,,,,
Maharashtra,2017,21-02-2017, ,0,Mumbai City,BRIHAN MUMBAI,MC,6,176,PRABHAG NO 176 ,,,R MURUGANANTHAM RAMAIAH,,,,,,,1605,Bhartiya Janata Party,BJP,,3495,3,,17,14871,23.502,,,14871,,,,
Maharashtra,2017,21-02-2017, ,0,Mumbai City,BRIHAN MUMBAI,MC,6,176,PRABHAG NO 176 ,,,Sable Santosh Baburao,,,,,,,10809,Independent,IND,,1479,4,,17,14871,9.946,,,14871,,,,
Maharashtra,2017,21-02-2017, ,0,Mumbai City,BRIHAN MUMBAI,MC,6,176,PRABHAG NO 176 ,,,UDAYAR SASUNDAR SUBBIAH,,,,,,,930,All India Anna Dravid Munnetra Kazhagam Party,ADMK,,360,5,,17,14871,2.421,,,14871,,,,
Maharashtra,2017,21-02-2017, ,0,Mumbai City,BRIHAN MUMBAI,MC,6,176,PRABHAG NO 176 ,,,BHOGLE SANJAY PRABHAKAR,,,,,,,11633,Maharashtra Navnirman Sena,MNS,,350,6,,17,14871,2.354,,,14871,,,,
Maharashtra,2017,21-02-2017, ,0,Mumbai City,BRIHAN MUMBAI,MC,6,176,PRABHAG NO 176 ,,,DALVI VIJAY ASHOK,,,,,,,2444,Communist Party Of India,CPI,,350,7,,17,14871,2.354,,,14871,,,,
Maharashtra,2017,21-02-2017, ,0,Mumbai City,BRIHAN MUMBAI,MC,6,176,PRABHAG NO 176 ,,,Iyer Ranganathan Lakshaman,,,,,,,5792,Nationalist Congress Party,NCP,,339,8,,17,14871,2.28,,,14871,,,,
Maharashtra,2017,21-02-2017, ,0,Mumbai City,BRIHAN MUMBAI,MC,6,176,PRABHAG NO 176 ,,,AGRAHARI BABURAM RAMDAYAL,,,,,,,16651,Bahujan Samaj Party,BSP,,286,9,,17,14871,1.923,,,14871,,,,
Maharashtra,2017,21-02-2017, ,0,Mumbai City,BRIHAN MUMBAI,MC,6,176,PRABHAG NO 176 ,,,Panicker Arun Desebalan,,,,,,,10809,Independent,IND,,234,10,,17,14871,1.574,,,14871,,,,
Maharashtra,2017,21-02-2017, ,0,Mumbai City,BRIHAN MUMBAI,MC,6,176,PRABHAG NO 176 ,,,HIRE VATSALA TULSHIRAM,,,,,,,1096,bahujan republican sociolist party,BARESP,,95,11,,17,14871,0.639,,,14871,,,,
Maharashtra,2017,21-02-2017, ,0,Mumbai City,BRIHAN MUMBAI,MC,6,176,PRABHAG NO 176 ,,,Kohli AmarjitSingh GurucharanSingh,,,,,,,10809,Independent,IND,,86,12,,17,14871,0.578,,,14871,,,,
Maharashtra,2017,21-02-2017, ,0,Mumbai City,BRIHAN MUMBAI,MC,6,176,PRABHAG NO 176 ,,,Deswan Vasu Murti,,,,,,,10809,Independent,IND,,34,13,,17,14871,0.229,,,14871,,,,
Maharashtra,2017,21-02-2017, ,0,Mumbai City,BRIHAN MUMBAI,MC,6,176,PRABHAG NO 176 ,,,BHOLE VINOD POPATRAO,,,,,,,10809,Independent,IND,,29,14,,17,14871,0.195,,,14871,,,,
Maharashtra,2017,21-02-2017, ,0,Mumbai City,BRIHAN MUMBAI,MC,6,176,PRABHAG NO 176 ,,,SHETYE PRASHANT PRABHAKAR,,,,,,,10809,Independent,IND,,25,15,,17,14871,0.168,,,14871,,,,
Maharashtra,2017,21-02-2017, ,0,Mumbai City,BRIHAN MUMBAI,MC,6,176,PRABHAG NO 176 ,,,KUMBHE KISHOR CHANDRASEN,,,,,,,10809,Independent,IND,,17,16,,17,14871,0.114,,,14871,,,,
Maharashtra,2017,21-02-2017, ,0,Mumbai City,BRIHAN MUMBAI,MC,6,176,PRABHAG NO 176 ,,,NAIDU RAMESHBABU GURUSWAMI,,,,,,,10809,Independent,IND,,9,17,,17,14871,0.061,,,14871,,,,
Maharashtra,2017,21-02-2017, ,0,Mumbai City,BRIHAN MUMBAI,MC,6,176,PRABHAG NO 176 ,,,NOTA,,,,,,,u10003,,,,191,18,,17,14871,1.284,,,14871,,,,
Maharashtra,2017,21-02-2017, ,0,Mumbai City,BRIHAN MUMBAI,MC,6,177,PRABHAG NO 177 ,,,Shah Nehal Amar,,,,,,,1605,Bhartiya Janata Party,BJP,,11298,1,,10,20148,56.075,,,20148,,,,
Maharashtra,2017,21-02-2017, ,0,Mumbai City,BRIHAN MUMBAI,MC,6,177,PRABHAG NO 177 ,,,Manekatala Princy JasbirSingh,,,,,,,1605,Indian National Congress,BJP,,3158,2,,10,20148,15.674,,,20148,,,,
Maharashtra,2017,21-02-2017, ,0,Mumbai City,BRIHAN MUMBAI,MC,6,177,PRABHAG NO 177 ,,,GANATRA MAHALAXMI V,,,,,,,18691,Shivsena,SHS,,2633,3,,10,20148,13.068,,,20148,,,,
Maharashtra,2017,21-02-2017, ,0,Mumbai City,BRIHAN MUMBAI,MC,6,177,PRABHAG NO 177 ,,,SAIGAL HARVINDERKAUR MANDEEPSINGH,,,,,,,10809,Independent,IND,,868,4,,10,20148,4.308,,,20148,,,,
Maharashtra,2017,21-02-2017, ,0,Mumbai City,BRIHAN MUMBAI,MC,6,177,PRABHAG NO 177 ,,,BORKAR ANAMIKA VIVEK,,,,,,,11633,Maharashtra Navnirman Sena,MNS,,630,5,,10,20148,3.127,,,20148,,,,
Maharashtra,2017,21-02-2017, ,0,Mumbai City,BRIHAN MUMBAI,MC,6,177,PRABHAG NO 177 ,,,SANTIMANO MONICA JOSEPH,,,,,,,5792,Nationalist Congress Party,NCP,,343,6,,10,20148,1.702,,,20148,,,,
Maharashtra,2017,21-02-2017, ,0,Mumbai City,BRIHAN MUMBAI,MC,6,177,PRABHAG NO 177 ,,,PRABHU DEVYANI YASHWANT,,,,,,,10809,Independent,IND,,209,7,,10,20148,1.037,,,20148,,,,
Maharashtra,2017,21-02-2017, ,0,Mumbai City,BRIHAN MUMBAI,MC,6,177,PRABHAG NO 177 ,,,TAMBE SNEHAL SANTOSH,,,,,,,16651,Bahujan Samaj Party,BSP,,192,8,,10,20148,0.953,,,20148,,,,
Maharashtra,2017,21-02-2017, ,0,Mumbai City,BRIHAN MUMBAI,MC,6,177,PRABHAG NO 177 ,,,Gogri Kamini Vrajlal,,,,,,,10809,Independent,IND,,188,9,,10,20148,0.933,,,20148,,,,
Maharashtra,2017,21-02-2017, ,0,Mumbai City,BRIHAN MUMBAI,MC,6,177,PRABHAG NO 177 ,,,Matta RajinderKaur RaghbirSingh,,,,,,,1605,Indian National Congress,BJP,,140,10,,10,20148,0.695,,,20148,,,,
Maharashtra,2017,21-02-2017, ,0,Mumbai City,BRIHAN MUMBAI,MC,6,177,PRABHAG NO 177 ,,,NOTA,,,,,,,u10003,,,,489,11,,10,20148,2.427,,,20148,,,,
Maharashtra,2017,21-02-2017, ,0,Mumbai City,BRIHAN MUMBAI,MC,6,178,PRABHAG NO 178 ,,,Ghole Amey Arun,,,,,,,18691,Shivsena,SHS,,7059,1,,12,24492,28.822,,,24492,,,,
Maharashtra,2017,21-02-2017, ,0,Mumbai City,BRIHAN MUMBAI,MC,6,178,PRABHAG NO 178 ,,,Kothari Jesal Manoj,,,,,,,1605,Bhartiya Janata Party,BJP,,6973,2,,12,24492,28.471,,,24492,,,,
Maharashtra,2017,21-02-2017, ,0,Mumbai City,BRIHAN MUMBAI,MC,6,178,PRABHAG NO 178 ,,,Kirdat Janardhan Balaram,,,,,,,1605,Indian National Congress,BJP,,4483,3,,12,24492,18.304,,,24492,,,,
Maharashtra,2017,21-02-2017, ,0,Mumbai City,BRIHAN MUMBAI,MC,6,178,PRABHAG NO 178 ,,,THAWAI RAGHUNATH DHARMA,,,,,,,10809,Independent,IND,,1348,4,,12,24492,5.504,,,24492,,,,
Maharashtra,2017,21-02-2017, ,0,Mumbai City,BRIHAN MUMBAI,MC,6,178,PRABHAG NO 178 ,,,MHATRE JITENDRA PANDURANG,,,,,,,5792,Nationalist Congress Party,NCP,,1290,5,,12,24492,5.267,,,24492,,,,
Maharashtra,2017,21-02-2017, ,0,Mumbai City,BRIHAN MUMBAI,MC,6,178,PRABHAG NO 178 ,,,KARANDIKAR VAIBHAV DATTATRAY,,,,,,,11633,Maharashtra Navnirman Sena,MNS,,1115,6,,12,24492,4.553,,,24492,,,,
Maharashtra,2017,21-02-2017, ,0,Mumbai City,BRIHAN MUMBAI,MC,6,178,PRABHAG NO 178 ,,,Karwa Girish Narayandas,,,,,,,10809,Independent,IND,,944,7,,12,24492,3.854,,,24492,,,,
Maharashtra,2017,21-02-2017, ,0,Mumbai City,BRIHAN MUMBAI,MC,6,178,PRABHAG NO 178 ,,,PATEL FLETCHER JOSEPH,,,,,,,10809,Independent,IND,,490,8,,12,24492,2.001,,,24492,,,,
Maharashtra,2017,21-02-2017, ,0,Mumbai City,BRIHAN MUMBAI,MC,6,178,PRABHAG NO 178 ,,,GHARAT DILIP NARAYAN,,,,,,,u10008,Bhartiya Shetkari Kamgar Paksh,,,108,9,,12,24492,0.441,,,24492,,,,
Maharashtra,2017,21-02-2017, ,0,Mumbai City,BRIHAN MUMBAI,MC,6,178,PRABHAG NO 178 ,,,gajapurkar ramchandra sakharam,,,,,,,1875,Bharip Bahujan Mahasangh,BBM,,105,10,,12,24492,0.429,,,24492,,,,
Maharashtra,2017,21-02-2017, ,0,Mumbai City,BRIHAN MUMBAI,MC,6,178,PRABHAG NO 178 ,,,Shinde Neelam Sunil,,,,,,,8690,Akhil Bharatiya Sena,ABHS,,53,11,,12,24492,0.216,,,24492,,,,
Maharashtra,2017,21-02-2017, ,0,Mumbai City,BRIHAN MUMBAI,MC,6,178,PRABHAG NO 178 ,,,GARJE PRAVEEN PANDURANG,,,,,,,268,Akhil Bharat Hindu Mahasabha Maharashtra Pradesh,ABHM,,35,12,,12,24492,0.143,,,24492,,,,
Maharashtra,2017,21-02-2017, ,0,Mumbai City,BRIHAN MUMBAI,MC,6,178,PRABHAG NO 178 ,,,NOTA,,,,,,,u10003,,,,489,13,,12,24492,1.997,,,24492,,,,
Maharashtra,2017,21-02-2017, ,0,Mumbai City,BRIHAN MUMBAI,MC,6,179,PRABHAG NO 179 ,,,VANU SUFIYAN NIYAZAHMED,,,,,,,1605,Indian National Congress,BJP,,5630,1,,15,20910,26.925,,,20910,,,,
Maharashtra,2017,21-02-2017, ,0,Mumbai City,BRIHAN MUMBAI,MC,6,179,PRABHAG NO 179 ,,,VISHWASRAO TRUSHNA CHANDRAKANT,,,,,,,18691,Shivsena,SHS,,5503,2,,15,20910,26.318,,,20910,,,,
Maharashtra,2017,21-02-2017, ,0,Mumbai City,BRIHAN MUMBAI,MC,6,179,PRABHAG NO 179 ,,,SAYED ARIF ABDULSALAM,,,,,,,5792,Nationalist Congress Party,NCP,,2857,3,,15,20910,13.663,,,20910,,,,
Maharashtra,2017,21-02-2017, ,0,Mumbai City,BRIHAN MUMBAI,MC,6,179,PRABHAG NO 179 ,,,CHHEDA BABUBHAIBHAVANJI RAVJI,,,,,,,1605,Bhartiya Janata Party,BJP,,2279,4,,15,20910,10.899,,,20910,,,,
Maharashtra,2017,21-02-2017, ,0,Mumbai City,BRIHAN MUMBAI,MC,6,179,PRABHAG NO 179 ,,,SAYYED SHABBIR BABAMIYA,,,,,,,706,All India Majlis e Ittehadul Muslimeen,AIMIM,,1391,5,,15,20910,6.652,,,20910,,,,
Maharashtra,2017,21-02-2017, ,0,Mumbai City,BRIHAN MUMBAI,MC,6,179,PRABHAG NO 179 ,,,LOHALE SANTOSH LAHANU,,,,,,,10809,Independent,IND,,1143,6,,15,20910,5.466,,,20910,,,,
Maharashtra,2017,21-02-2017, ,0,Mumbai City,BRIHAN MUMBAI,MC,6,179,PRABHAG NO 179 ,,,KAMBLE ANANT LAXMAN,,,,,,,11633,Maharashtra Navnirman Sena,MNS,,682,7,,15,20910,3.262,,,20910,,,,
Maharashtra,2017,21-02-2017, ,0,Mumbai City,BRIHAN MUMBAI,MC,6,179,PRABHAG NO 179 ,,,KHARE ASHOK MADHUKAR,,,,,,,10809,Independent,IND,,631,8,,15,20910,3.018,,,20910,,,,
Maharashtra,2017,21-02-2017, ,0,Mumbai City,BRIHAN MUMBAI,MC,6,179,PRABHAG NO 179 ,,,sharma vaishali vijaykumar,,,,,,,1875,Bharip Bahujan Mahasangh,BBM,,136,9,,15,20910,0.65,,,20910,,,,
Maharashtra,2017,21-02-2017, ,0,Mumbai City,BRIHAN MUMBAI,MC,6,179,PRABHAG NO 179 ,,,GARJE PRAVEEN PANDURANG,,,,,,,268,Akhil Bharat Hindu Mahasabha Maharashtra Pradesh,ABHM,,104,10,,15,20910,0.497,,,20910,,,,
Maharashtra,2017,21-02-2017, ,0,Mumbai City,BRIHAN MUMBAI,MC,6,179,PRABHAG NO 179 ,,,FODKAR SARFARAZALI MUSHTAQUEALI,,,,,,,7425,Samajwadi Party,SP,,96,11,,15,20910,0.459,,,20910,,,,
Maharashtra,2017,21-02-2017, ,0,Mumbai City,BRIHAN MUMBAI,MC,6,179,PRABHAG NO 179 ,,,SHAIKH MOHAMMEDGAUS AHMED,,,,,,,10809,Independent,IND,,87,12,,15,20910,0.416,,,20910,,,,
Maharashtra,2017,21-02-2017, ,0,Mumbai City,BRIHAN MUMBAI,MC,6,179,PRABHAG NO 179 ,,,VAISHYA KAMLA RAMSEVAK,,,,,,,12285,Republican Party of India (A),RPI(A),,58,13,,15,20910,0.277,,,20910,,,,
Maharashtra,2017,21-02-2017, ,0,Mumbai City,BRIHAN MUMBAI,MC,6,179,PRABHAG NO 179 ,,,KHATIB AKHTARIBEGAM ZAINUDDIN,,,,,,,10809,Independent,IND,,46,14,,15,20910,0.22,,,20910,,,,
Maharashtra,2017,21-02-2017, ,0,Mumbai City,BRIHAN MUMBAI,MC,6,179,PRABHAG NO 179 ,,,Pardeshi Shekhar Uttamsingh,,,,,,,10809,Independent,IND,,24,15,,15,20910,0.115,,,20910,,,,
Maharashtra,2017,21-02-2017, ,0,Mumbai City,BRIHAN MUMBAI,MC,6,179,PRABHAG NO 179 ,,,NOTA,,,,,,,u10003,,,,243,16,,15,20910,1.162,,,20910,,,,
Maharashtra,2017,21-02-2017, ,0,Mumbai City,BRIHAN MUMBAI,MC,6,180,PRABHAG NO 180 ,,,GAONKAR SMITA SHARAD,,,,,,,18691,Shivsena,SHS,,8625,1,,8,20512,42.049,,,20512,,,,
Maharashtra,2017,21-02-2017, ,0,Mumbai City,BRIHAN MUMBAI,MC,6,180,PRABHAG NO 180 ,,,Pawar Vaishali Krishna,,,,,,,1605,Indian National Congress,BJP,,5584,2,,8,20512,27.223,,,20512,,,,
Maharashtra,2017,21-02-2017, ,0,Mumbai City,BRIHAN MUMBAI,MC,6,180,PRABHAG NO 180 ,,,YADAV BINDU VINODKUMAR,,,,,,,1605,Bhartiya Janata Party,BJP,,3748,3,,8,20512,18.272,,,20512,,,,
Maharashtra,2017,21-02-2017, ,0,Mumbai City,BRIHAN MUMBAI,MC,6,180,PRABHAG NO 180 ,,,NAKTI TEJASWINI RAMESH,,,,,,,11633,Maharashtra Navnirman Sena,MNS,,753,4,,8,20512,3.671,,,20512,,,,
Maharashtra,2017,21-02-2017, ,0,Mumbai City,BRIHAN MUMBAI,MC,6,180,PRABHAG NO 180 ,,,Qureshi Sabika Mohd Hasan,,,,,,,5792,Nationalist Congress Party,NCP,,559,5,,8,20512,2.725,,,20512,,,,
Maharashtra,2017,21-02-2017, ,0,Mumbai City,BRIHAN MUMBAI,MC,6,180,PRABHAG NO 180 ,,,Qureshi Shamshad Adam,,,,,,,10809,Independent,IND,,369,6,,8,20512,1.799,,,20512,,,,
Maharashtra,2017,21-02-2017, ,0,Mumbai City,BRIHAN MUMBAI,MC,6,180,PRABHAG NO 180 ,,,PATIL aRTI MANGESH,,,,,,,u10008,Bhartiya Shetkari Kamgar Paksh,,,243,7,,8,20512,1.185,,,20512,,,,
Maharashtra,2017,21-02-2017, ,0,Mumbai City,BRIHAN MUMBAI,MC,6,180,PRABHAG NO 180 ,,,Kokate Shweta Deepak,,,,,,,10809,Independent,IND,,201,8,,8,20512,0.98,,,20512,,,,
Maharashtra,2017,21-02-2017, ,0,Mumbai City,BRIHAN MUMBAI,MC,6,180,PRABHAG NO 180 ,,,NOTA,,,,,,,u10003,,,,430,9,,8,20512,2.096,,,20512,,,,
Maharashtra,2017,21-02-2017, ,0,Mumbai City,BRIHAN MUMBAI,MC,6,181,PRABHAG NO 181 ,,,KOLI PUSHPA KRISHNA,,,,,,,1605,Indian National Congress,BJP,,5723,1,,12,17835,32.089,,,17835,,,,
Maharashtra,2017,21-02-2017, ,0,Mumbai City,BRIHAN MUMBAI,MC,6,181,PRABHAG NO 181 ,,,DHOKE MADHURI MANOHAR,,,,,,,18691,Shivsena,SHS,,3536,2,,12,17835,19.826,,,17835,,,,
Maharashtra,2017,21-02-2017, ,0,Mumbai City,BRIHAN MUMBAI,MC,6,181,PRABHAG NO 181 ,,,INGLE MEENA FRANCIS,,,,,,,10809,Independent,IND,,2418,3,,12,17835,13.558,,,17835,,,,
Maharashtra,2017,21-02-2017, ,0,Mumbai City,BRIHAN MUMBAI,MC,6,181,PRABHAG NO 181 ,,,PATIL ASMITA GAJANAN,,,,,,,12285,Republican Party of India (A),RPI(A),,2338,4,,12,17835,13.109,,,17835,,,,
Maharashtra,2017,21-02-2017, ,0,Mumbai City,BRIHAN MUMBAI,MC,6,181,PRABHAG NO 181 ,,,PEJE AQEELA ANWAR,,,,,,,10809,Independent,IND,,859,5,,12,17835,4.816,,,17835,,,,
Maharashtra,2017,21-02-2017, ,0,Mumbai City,BRIHAN MUMBAI,MC,6,181,PRABHAG NO 181 ,,,WAGHMARE NANDA EKNATH,,,,,,,1875,Bharip Bahujan Mahasangh,BBM,,619,6,,12,17835,3.471,,,17835,,,,
Maharashtra,2017,21-02-2017, ,0,Mumbai City,BRIHAN MUMBAI,MC,6,181,PRABHAG NO 181 ,,,HIWALKAR SNEHA GANESH,,,,,,,11633,Maharashtra Navnirman Sena,MNS,,566,7,,12,17835,3.174,,,17835,,,,
Maharashtra,2017,21-02-2017, ,0,Mumbai City,BRIHAN MUMBAI,MC,6,181,PRABHAG NO 181 ,,,DAHIFALE CHANDRAKALA AJINATH,,,,,,,10809,Independent,IND,,527,8,,12,17835,2.955,,,17835,,,,
Maharashtra,2017,21-02-2017, ,0,Mumbai City,BRIHAN MUMBAI,MC,6,181,PRABHAG NO 181 ,,,MOHOD ARUNA SHRIKRISHNA,,,,,,,10809,Independent,IND,,361,9,,12,17835,2.024,,,17835,,,,
Maharashtra,2017,21-02-2017, ,0,Mumbai City,BRIHAN MUMBAI,MC,6,181,PRABHAG NO 181 ,,,KHALE RUPALI MADAN,,,,,,,16651,Bahujan Samaj Party,BSP,,240,10,,12,17835,1.346,,,17835,,,,
Maharashtra,2017,21-02-2017, ,0,Mumbai City,BRIHAN MUMBAI,MC,6,181,PRABHAG NO 181 ,,,PATIL ANKITA ASHOK,,,,,,,10809,Independent,IND,,155,11,,12,17835,0.869,,,17835,,,,
Maharashtra,2017,21-02-2017, ,0,Mumbai City,BRIHAN MUMBAI,MC,6,181,PRABHAG NO 181 ,,,PATIL ROHINI SANJAY,,,,,,,8690,Akhil Bharatiya Sena,ABHS,,86,12,,12,17835,0.482,,,17835,,,,
Maharashtra,2017,21-02-2017, ,0,Mumbai City,BRIHAN MUMBAI,MC,6,181,PRABHAG NO 181 ,,,NOTA,,,,,,,u10003,,,,407,13,,12,17835,2.282,,,17835,,,,
Maharashtra,2017,21-02-2017, ,0,Mumbai City,BRIHAN MUMBAI,MC,6,182,PRABHAG NO 182 ,,,Vaidya Milind Dattaram,,,,,,,18691,Shivsena,SHS,,6899,1,,10,21515,32.066,,,21515,,,,
Maharashtra,2017,21-02-2017, ,0,Mumbai City,BRIHAN MUMBAI,MC,6,182,PRABHAG NO 182 ,,,PARKAR RAJAN SURESH,,,,,,,11633,Maharashtra Navnirman Sena,MNS,,5476,2,,10,21515,25.452,,,21515,,,,
Maharashtra,2017,21-02-2017, ,0,Mumbai City,BRIHAN MUMBAI,MC,6,182,PRABHAG NO 182 ,,,PARKAR ADIL RUKNUDDIN,,,,,,,1605,Indian National Congress,BJP,,3214,3,,10,21515,14.938,,,21515,,,,
Maharashtra,2017,21-02-2017, ,0,Mumbai City,BRIHAN MUMBAI,MC,6,182,PRABHAG NO 182 ,,,Ambekar Vilas Ramesh,,,,,,,1605,Bhartiya Janata Party,BJP,,2685,4,,10,21515,12.48,,,21515,,,,
Maharashtra,2017,21-02-2017, ,0,Mumbai City,BRIHAN MUMBAI,MC,6,182,PRABHAG NO 182 ,,,MITHAIWALA RAUF USMAN,,,,,,,706,All India Majlis e Ittehadul Muslimeen,AIMIM,,1804,5,,10,21515,8.385,,,21515,,,,
Maharashtra,2017,21-02-2017, ,0,Mumbai City,BRIHAN MUMBAI,MC,6,182,PRABHAG NO 182 ,,,SHAIKH SUHAIL QASIM,,,,,,,1731,Bhartiya Minorities Suraksha Mahasangh,BMSM,,402,6,,10,21515,1.868,,,21515,,,,
Maharashtra,2017,21-02-2017, ,0,Mumbai City,BRIHAN MUMBAI,MC,6,182,PRABHAG NO 182 ,,,GAIKWAD JOSEPH SAMSON,,,,,,,1605,Indian National Congress,BJP,,395,7,,10,21515,1.836,,,21515,,,,
Maharashtra,2017,21-02-2017, ,0,Mumbai City,BRIHAN MUMBAI,MC,6,182,PRABHAG NO 182 ,,,TANDEL DEVDAS KASHINATH,,,,,,,10809,Independent,IND,,123,8,,10,21515,0.572,,,21515,,,,
Maharashtra,2017,21-02-2017, ,0,Mumbai City,BRIHAN MUMBAI,MC,6,182,PRABHAG NO 182 ,,,GUPTA ANILKUMAR MATAPRASAD,,,,,,,7425,Samajwadi Party,SP,,114,9,,10,21515,0.53,,,21515,,,,
Maharashtra,2017,21-02-2017, ,0,Mumbai City,BRIHAN MUMBAI,MC,6,182,PRABHAG NO 182 ,,,joshi shailesh sharad,,,,,,,10809,Independent,IND,,36,10,,10,21515,0.167,,,21515,,,,
Maharashtra,2017,21-02-2017, ,0,Mumbai City,BRIHAN MUMBAI,MC,6,182,PRABHAG NO 182 ,,,NOTA,,,,,,,u10003,,,,367,11,,10,21515,1.706,,,21515,,,,
Maharashtra,2017,21-02-2017, ,0,Mumbai City,BRIHAN MUMBAI,MC,6,183,PRABHAG NO 183 ,,,MANE GANGA KUNAL,,,,,,,1605,Indian National Congress,BJP,,3896,1,,6,14063,27.704,,,14063,,,,
Maharashtra,2017,21-02-2017, ,0,Mumbai City,BRIHAN MUMBAI,MC,6,183,PRABHAG NO 183 ,,,KATKE URMILA RAHUL,,,,,,,18691,Shivsena,SHS,,3859,2,,6,14063,27.441,,,14063,,,,
Maharashtra,2017,21-02-2017, ,0,Mumbai City,BRIHAN MUMBAI,MC,6,183,PRABHAG NO 183 ,,,DHAYGUDE UTKARSHA LALA,,,,,,,16651,Bahujan Samaj Party,BSP,,2942,3,,6,14063,20.92,,,14063,,,,
Maharashtra,2017,21-02-2017, ,0,Mumbai City,BRIHAN MUMBAI,MC,6,183,PRABHAG NO 183 ,,,Vengurlekar Bhagyashree Shrikrishna,,,,,,,1605,Bhartiya Janata Party,BJP,,2303,4,,6,14063,16.376,,,14063,,,,
Maharashtra,2017,21-02-2017, ,0,Mumbai City,BRIHAN MUMBAI,MC,6,183,PRABHAG NO 183 ,,,Shaikh Heena Moula,,,,,,,5792,Nationalist Congress Party,NCP,,718,5,,6,14063,5.106,,,14063,,,,
Maharashtra,2017,21-02-2017, ,0,Mumbai City,BRIHAN MUMBAI,MC,6,183,PRABHAG NO 183 ,,,Ansari Jaibunisa Sajid,,,,,,,10809,Independent,IND,,137,6,,6,14063,0.974,,,14063,,,,
Maharashtra,2017,21-02-2017, ,0,Mumbai City,BRIHAN MUMBAI,MC,6,183,PRABHAG NO 183 ,,,NOTA,,,,,,,u10003,,,,208,7,,6,14063,1.479,,,14063,,,,
Maharashtra,2017,21-02-2017, ,0,Mumbai City,BRIHAN MUMBAI,MC,6,184,PRABHAG NO 184 ,,,KHAN BABU SAFAJALLI,,,,,,,1605,Indian National Congress,BJP,,7017,1,,20,18577,37.773,,,18577,,,,
Maharashtra,2017,21-02-2017, ,0,Mumbai City,BRIHAN MUMBAI,MC,6,184,PRABHAG NO 184 ,,,SURYAWANSHI RAJENDRA NARAYAN,,,,,,,18691,Shivsena,SHS,,4075,2,,20,18577,21.936,,,18577,,,,
Maharashtra,2017,21-02-2017, ,0,Mumbai City,BRIHAN MUMBAI,MC,6,184,PRABHAG NO 184 ,,,KALE DEEPAK NAMDEV,,,,,,,1605,Indian National Congress,BJP,,2520,3,,20,18577,13.565,,,18577,,,,
Maharashtra,2017,21-02-2017, ,0,Mumbai City,BRIHAN MUMBAI,MC,6,184,PRABHAG NO 184 ,,,PANKESHARI MANI BALAN,,,,,,,1605,Bhartiya Janata Party,BJP,,2297,4,,20,18577,12.365,,,18577,,,,
Maharashtra,2017,21-02-2017, ,0,Mumbai City,BRIHAN MUMBAI,MC,6,184,PRABHAG NO 184 ,,,Shaikh Mohammed Hayat Mohammed Husain,,,,,,,706,All India Majlis e Ittehadul Muslimeen,AIMIM,,789,5,,20,18577,4.247,,,18577,,,,
Maharashtra,2017,21-02-2017, ,0,Mumbai City,BRIHAN MUMBAI,MC,6,184,PRABHAG NO 184 ,,,SONAWANE RAJESH NARAYAN,,,,,,,11633,Maharashtra Navnirman Sena,MNS,,394,6,,20,18577,2.121,,,18577,,,,
Maharashtra,2017,21-02-2017, ,0,Mumbai City,BRIHAN MUMBAI,MC,6,184,PRABHAG NO 184 ,,,Shaikh Asgarhusain Zahidhusain,,,,,,,u10008,Bhartiya Shetkari Kamgar Paksh,,,335,7,,20,18577,1.803,,,18577,,,,
Maharashtra,2017,21-02-2017, ,0,Mumbai City,BRIHAN MUMBAI,MC,6,184,PRABHAG NO 184 ,,,JAISWAR RAMASHISH BALAIRAM,,,,,,,16651,Bahujan Samaj Party,BSP,,283,8,,20,18577,1.523,,,18577,,,,
Maharashtra,2017,21-02-2017, ,0,Mumbai City,BRIHAN MUMBAI,MC,6,184,PRABHAG NO 184 ,,,SHINDE SANTOSH ANIL,,,,,,,5792,Nationalist Congress Party,NCP,,129,9,,20,18577,0.694,,,18577,,,,
Maharashtra,2017,21-02-2017, ,0,Mumbai City,BRIHAN MUMBAI,MC,6,184,PRABHAG NO 184 ,,,DIVEKAR NITIN POPAT,,,,,,,10809,Independent,IND,,110,10,,20,18577,0.592,,,18577,,,,
Maharashtra,2017,21-02-2017, ,0,Mumbai City,BRIHAN MUMBAI,MC,6,184,PRABHAG NO 184 ,,,SHETTY PRITAM SUBHASH,,,,,,,1096,bahujan republican sociolist party,BARESP,,66,11,,20,18577,0.355,,,18577,,,,
Maharashtra,2017,21-02-2017, ,0,Mumbai City,BRIHAN MUMBAI,MC,6,184,PRABHAG NO 184 ,,,yadav rajbahadur birendrakumar,,,,,,,10809,Independent,IND,,63,12,,20,18577,0.339,,,18577,,,,
Maharashtra,2017,21-02-2017, ,0,Mumbai City,BRIHAN MUMBAI,MC,6,184,PRABHAG NO 184 ,,,ANSARI MANSOOR VAKEELAHMED,,,,,,,10809,Independent,IND,,60,13,,20,18577,0.323,,,18577,,,,
Maharashtra,2017,21-02-2017, ,0,Mumbai City,BRIHAN MUMBAI,MC,6,184,PRABHAG NO 184 ,,,Paste Satish Rajaram,,,,,,,10809,Independent,IND,,51,14,,20,18577,0.275,,,18577,,,,
Maharashtra,2017,21-02-2017, ,0,Mumbai City,BRIHAN MUMBAI,MC,6,184,PRABHAG NO 184 ,,,KOUNDER BALASUBRAMANYAN LOGANATHAN,,,,,,,10809,Independent,IND,,48,15,,20,18577,0.258,,,18577,,,,
Maharashtra,2017,21-02-2017, ,0,Mumbai City,BRIHAN MUMBAI,MC,6,184,PRABHAG NO 184 ,,,KHAN YASMIN SHAMMI,,,,,,,10979,Janata Dal Secular,JD(S),,45,16,,20,18577,0.242,,,18577,,,,
Maharashtra,2017,21-02-2017, ,0,Mumbai City,BRIHAN MUMBAI,MC,6,184,PRABHAG NO 184 ,,,Sharma Mahesh Shivsagar,,,,,,,10809,Independent,IND,,33,17,,20,18577,0.178,,,18577,,,,
Maharashtra,2017,21-02-2017, ,0,Mumbai City,BRIHAN MUMBAI,MC,6,184,PRABHAG NO 184 ,,,shaikhmohd imran idris,,,,,,,10809,Independent,IND,,30,18,,20,18577,0.161,,,18577,,,,
Maharashtra,2017,21-02-2017, ,0,Mumbai City,BRIHAN MUMBAI,MC,6,184,PRABHAG NO 184 ,,,Chowdhary MohammedIlyas Ahsanali,,,,,,,5995,Peace Party,PECP,,29,19,,20,18577,0.156,,,18577,,,,
Maharashtra,2017,21-02-2017, ,0,Mumbai City,BRIHAN MUMBAI,MC,6,184,PRABHAG NO 184 ,,,Bhagat Mangal Shivaji,,,,,,,10809,Independent,IND,,24,20,,20,18577,0.129,,,18577,,,,
Maharashtra,2017,21-02-2017, ,0,Mumbai City,BRIHAN MUMBAI,MC,6,184,PRABHAG NO 184 ,,,NOTA,,,,,,,u10003,,,,179,21,,20,18577,0.964,,,18577,,,,
Maharashtra,2017,21-02-2017, ,0,Mumbai City,BRIHAN MUMBAI,MC,6,185,PRABHAG NO 185 ,,,THAIVALAPILL JAGDISH MAKKUNNY,,,,,,,18691,Shivsena,SHS,,5802,1,,10,17878,32.453,,,17878,,,,
Maharashtra,2017,21-02-2017, ,0,Mumbai City,BRIHAN MUMBAI,MC,6,185,PRABHAG NO 185 ,,,UPADHYAY SANJAY RAMBHAKT,,,,,,,1605,Bhartiya Janata Party,BJP,,5122,2,,10,17878,28.65,,,17878,,,,
Maharashtra,2017,21-02-2017, ,0,Mumbai City,BRIHAN MUMBAI,MC,6,185,PRABHAG NO 185 ,,,NADAR BAKKIYANATHAN NARAYAN,,,,,,,1605,Indian National Congress,BJP,,4847,3,,10,17878,27.112,,,17878,,,,
Maharashtra,2017,21-02-2017, ,0,Mumbai City,BRIHAN MUMBAI,MC,6,185,PRABHAG NO 185 ,,,NARAPARAMBIL PAUL RAPHEL,,,,,,,10809,Independent,IND,,780,4,,10,17878,4.363,,,17878,,,,
Maharashtra,2017,21-02-2017, ,0,Mumbai City,BRIHAN MUMBAI,MC,6,185,PRABHAG NO 185 ,,,KHAIRE MAHESH NARYAN,,,,,,,11633,Maharashtra Navnirman Sena,MNS,,379,5,,10,17878,2.12,,,17878,,,,
Maharashtra,2017,21-02-2017, ,0,Mumbai City,BRIHAN MUMBAI,MC,6,185,PRABHAG NO 185 ,,,BHALERAO SANJAY YASHWANT,,,,,,,16651,Bahujan Samaj Party,BSP,,359,6,,10,17878,2.008,,,17878,,,,
Maharashtra,2017,21-02-2017, ,0,Mumbai City,BRIHAN MUMBAI,MC,6,185,PRABHAG NO 185 ,,,NADAR JOLLY MARIASINGARAYAN,,,,,,,10809,Independent,IND,,171,7,,10,17878,0.956,,,17878,,,,
Maharashtra,2017,21-02-2017, ,0,Mumbai City,BRIHAN MUMBAI,MC,6,185,PRABHAG NO 185 ,,,khan mohammadyusuf vazihulkamar,,,,,,,7425,Samajwadi Party,SP,,115,8,,10,17878,0.643,,,17878,,,,
Maharashtra,2017,21-02-2017, ,0,Mumbai City,BRIHAN MUMBAI,MC,6,185,PRABHAG NO 185 ,,,KARALE RAMESH BABURAO,,,,,,,268,Akhil Bharat Hindu Mahasabha Maharashtra Pradesh,ABHM,,28,9,,10,17878,0.157,,,17878,,,,
Maharashtra,2017,21-02-2017, ,0,Mumbai City,BRIHAN MUMBAI,MC,6,185,PRABHAG NO 185 ,,,NADAR SELVAKUMAR PERIMBRAJ,,,,,,,10809,Independent,IND,,28,10,,10,17878,0.157,,,17878,,,,
Maharashtra,2017,21-02-2017, ,0,Mumbai City,BRIHAN MUMBAI,MC,6,185,PRABHAG NO 185 ,,,NOTA,,,,,,,u10003,,,,247,11,,10,17878,1.382,,,17878,,,,
Maharashtra,2017,21-02-2017, ,0,Mumbai City,BRIHAN MUMBAI,MC,6,186,PRABHAG NO 186 ,,,NAKASHE VASANT SHIVRAM,,,,,,,18691,Shivsena,SHS,,8794,1,,4,18695,47.039,,,18695,,,,
Maharashtra,2017,21-02-2017, ,0,Mumbai City,BRIHAN MUMBAI,MC,6,186,PRABHAG NO 186 ,,,JAWALEKAR SANDESH VITHOBA,,,,,,,1605,Indian National Congress,BJP,,5775,2,,4,18695,30.891,,,18695,,,,
Maharashtra,2017,21-02-2017, ,0,Mumbai City,BRIHAN MUMBAI,MC,6,186,PRABHAG NO 186 ,,,kanade shrirang MOTIRAM,,,,,,,1605,Bhartiya Janata Party,BJP,,3472,3,,4,18695,18.572,,,18695,,,,
Maharashtra,2017,21-02-2017, ,0,Mumbai City,BRIHAN MUMBAI,MC,6,186,PRABHAG NO 186 ,,,Shaikh Asgarhusain Zahidhusain,,,,,,,u10008,Bhartiya Shetkari Kamgar Paksh,,,174,4,,4,18695,0.931,,,18695,,,,
Maharashtra,2017,21-02-2017, ,0,Mumbai City,BRIHAN MUMBAI,MC,6,186,PRABHAG NO 186 ,,,NOTA,,,,,,,u10003,,,,480,5,,4,18695,2.568,,,18695,,,,
Maharashtra,2017,21-02-2017, ,0,Mumbai City,BRIHAN MUMBAI,MC,6,187,PRABHAG NO 187 ,,,THEVAR MARIAMMAL KANDASWAMY,,,,,,,18691,Shivsena,SHS,,6876,1,,9,18213,37.753,,,18213,,,,
Maharashtra,2017,21-02-2017, ,0,Mumbai City,BRIHAN MUMBAI,MC,6,187,PRABHAG NO 187 ,,,SHAIKH SHAKILA ABDULKADAR,,,,,,,1605,Indian National Congress,BJP,,6094,2,,9,18213,33.46,,,18213,,,,
Maharashtra,2017,21-02-2017, ,0,Mumbai City,BRIHAN MUMBAI,MC,6,187,PRABHAG NO 187 ,,,Koli Nishigandha Digambar,,,,,,,11633,Maharashtra Navnirman Sena,MNS,,1285,3,,9,18213,7.055,,,18213,,,,
Maharashtra,2017,21-02-2017, ,0,Mumbai City,BRIHAN MUMBAI,MC,6,187,PRABHAG NO 187 ,,,Thevar Sornalaxmi balasubramaniam,,,,,,,1605,Bhartiya Janata Party,BJP,,1265,4,,9,18213,6.946,,,18213,,,,
Maharashtra,2017,21-02-2017, ,0,Mumbai City,BRIHAN MUMBAI,MC,6,187,PRABHAG NO 187 ,,,PATHAN SHIRINBANO TAHIR,,,,,,,5792,Nationalist Congress Party,NCP,,1248,5,,9,18213,6.852,,,18213,,,,
Maharashtra,2017,21-02-2017, ,0,Mumbai City,BRIHAN MUMBAI,MC,6,187,PRABHAG NO 187 ,,,SHAIKH KANIZFATIMA ABUKHALID,,,,,,,706,All India Majlis e Ittehadul Muslimeen,AIMIM,,1033,6,,9,18213,5.672,,,18213,,,,
Maharashtra,2017,21-02-2017, ,0,Mumbai City,BRIHAN MUMBAI,MC,6,187,PRABHAG NO 187 ,,,ANSARI HALIMABEGUM MOBIN,,,,,,,16651,Bahujan Samaj Party,BSP,,87,7,,9,18213,0.478,,,18213,,,,
Maharashtra,2017,21-02-2017, ,0,Mumbai City,BRIHAN MUMBAI,MC,6,187,PRABHAG NO 187 ,,,SHAIKH GULMEENABEGUM MOHDYUNUS,,,,,,,706,All India Majlis e Ittehadul Muslimeen,AIMIM,,61,8,,9,18213,0.335,,,18213,,,,
Maharashtra,2017,21-02-2017, ,0,Mumbai City,BRIHAN MUMBAI,MC,6,187,PRABHAG NO 187 ,,,SHAIKH SHABANABEGUM KHALILAHMED,,,,,,,7425,Samajwadi Party,SP,,61,9,,9,18213,0.335,,,18213,,,,
Maharashtra,2017,21-02-2017, ,0,Mumbai City,BRIHAN MUMBAI,MC,6,187,PRABHAG NO 187 ,,,NOTA,,,,,,,u10003,,,,203,10,,9,18213,1.115,,,18213,,,,
Maharashtra,2017,21-02-2017, ,0,Mumbai City,BRIHAN MUMBAI,MC,6,188,PRABHAG NO 188 ,,,KHAN RESHMABANO MOHAMMADHASIM,,,,,,,5792,Nationalist Congress Party,NCP,,7150,1,,8,21291,33.582,,,21291,,,,
Maharashtra,2017,21-02-2017, ,0,Mumbai City,BRIHAN MUMBAI,MC,6,188,PRABHAG NO 188 ,,,SHETTY SUMALATHA DINESH,,,,,,,1605,Indian National Congress,BJP,,7132,2,,8,21291,33.498,,,21291,,,,
Maharashtra,2017,21-02-2017, ,0,Mumbai City,BRIHAN MUMBAI,MC,6,188,PRABHAG NO 188 ,,,SHAIKH SHEHNAZBANO ABBASHUSSAIN,,,,,,,18691,Shivsena,SHS,,2434,3,,8,21291,11.432,,,21291,,,,
Maharashtra,2017,21-02-2017, ,0,Mumbai City,BRIHAN MUMBAI,MC,6,188,PRABHAG NO 188 ,,,Nandepalli Geeta Gautam,,,,,,,10809,Independent,IND,,2179,4,,8,21291,10.234,,,21291,,,,
Maharashtra,2017,21-02-2017, ,0,Mumbai City,BRIHAN MUMBAI,MC,6,188,PRABHAG NO 188 ,,,notapplicable suguna govindarajan,,,,,,,1605,Bhartiya Janata Party,BJP,,1382,5,,8,21291,6.491,,,21291,,,,
Maharashtra,2017,21-02-2017, ,0,Mumbai City,BRIHAN MUMBAI,MC,6,188,PRABHAG NO 188 ,,,Shaikh Shabeena Munna,,,,,,,11633,Maharashtra Navnirman Sena,MNS,,593,6,,8,21291,2.785,,,21291,,,,
Maharashtra,2017,21-02-2017, ,0,Mumbai City,BRIHAN MUMBAI,MC,6,188,PRABHAG NO 188 ,,,FAROOQUI SAIRABANO KAMIL,,,,,,,5995,Peace Party,PECP,,74,7,,8,21291,0.348,,,21291,,,,
Maharashtra,2017,21-02-2017, ,0,Mumbai City,BRIHAN MUMBAI,MC,6,188,PRABHAG NO 188 ,,,QAZI ANJUM SHAHID,,,,,,,10979,Janata Dal Secular,JD(S),,30,8,,8,21291,0.141,,,21291,,,,
Maharashtra,2017,21-02-2017, ,0,Mumbai City,BRIHAN MUMBAI,MC,6,188,PRABHAG NO 188 ,,,NOTA,,,,,,,u10003,,,,317,9,,8,21291,1.489,,,21291,,,,
Maharashtra,2017,21-02-2017, ,0,Mumbai City,BRIHAN MUMBAI,MC,6,189,PRABHAG NO 189 ,,,MORE HARSHALA ASHISH,,,,,,,11633,Maharashtra Navnirman Sena,MNS,,5920,1,,12,18697,31.663,,,18697,,,,
Maharashtra,2017,21-02-2017, ,0,Mumbai City,BRIHAN MUMBAI,MC,6,189,PRABHAG NO 189 ,,,Katke Supriya Dilip,,,,,,,18691,Shivsena,SHS,,3453,2,,12,18697,18.468,,,18697,,,,
Maharashtra,2017,21-02-2017, ,0,Mumbai City,BRIHAN MUMBAI,MC,6,189,PRABHAG NO 189 ,,,GAIKWAD MANGALA VISHNU,,,,,,,10809,Independent,IND,,2690,3,,12,18697,14.387,,,18697,,,,
Maharashtra,2017,21-02-2017, ,0,Mumbai City,BRIHAN MUMBAI,MC,6,189,PRABHAG NO 189 ,,,Wagh Seeta Deepak,,,,,,,1605,Indian National Congress,BJP,,2337,4,,12,18697,12.499,,,18697,,,,
Maharashtra,2017,21-02-2017, ,0,Mumbai City,BRIHAN MUMBAI,MC,6,189,PRABHAG NO 189 ,,,Gambhir Shamal Suresh,,,,,,,1605,Bhartiya Janata Party,BJP,,2126,5,,12,18697,11.371,,,18697,,,,
Maharashtra,2017,21-02-2017, ,0,Mumbai City,BRIHAN MUMBAI,MC,6,189,PRABHAG NO 189 ,,,Shaikh Afsarnisa Abdul,,,,,,,12285,Republican Party of India (A),RPI(A),,625,6,,12,18697,3.343,,,18697,,,,
Maharashtra,2017,21-02-2017, ,0,Mumbai City,BRIHAN MUMBAI,MC,6,189,PRABHAG NO 189 ,,,BHALERAO SUJATA RAMESH,,,,,,,706,All India Majlis e Ittehadul Muslimeen,AIMIM,,559,7,,12,18697,2.99,,,18697,,,,
Maharashtra,2017,21-02-2017, ,0,Mumbai City,BRIHAN MUMBAI,MC,6,189,PRABHAG NO 189 ,,,BHANDARE UJWALA ANIL,,,,,,,16651,Bahujan Samaj Party,BSP,,291,8,,12,18697,1.556,,,18697,,,,
Maharashtra,2017,21-02-2017, ,0,Mumbai City,BRIHAN MUMBAI,MC,6,189,PRABHAG NO 189 ,,,Metri Chandrakala Sabanna,,,,,,,10809,Independent,IND,,170,9,,12,18697,0.909,,,18697,,,,
Maharashtra,2017,21-02-2017, ,0,Mumbai City,BRIHAN MUMBAI,MC,6,189,PRABHAG NO 189 ,,,SINGH MEERA RATNAKAR,,,,,,,10809,Independent,IND,,91,10,,12,18697,0.487,,,18697,,,,
Maharashtra,2017,21-02-2017, ,0,Mumbai City,BRIHAN MUMBAI,MC,6,189,PRABHAG NO 189 ,,,PACHANGE SUMAN BALASAHEB,,,,,,,10809,Independent,IND,,79,11,,12,18697,0.423,,,18697,,,,
Maharashtra,2017,21-02-2017, ,0,Mumbai City,BRIHAN MUMBAI,MC,6,189,PRABHAG NO 189 ,,,Gaikwad Sonali Vasant,,,,,,,10809,Independent,IND,,46,12,,12,18697,0.246,,,18697,,,,
Maharashtra,2017,21-02-2017, ,0,Mumbai City,BRIHAN MUMBAI,MC,6,189,PRABHAG NO 189 ,,,NOTA,,,,,,,u10003,,,,310,13,,12,18697,1.658,,,18697,,,,
Maharashtra,2017,21-02-2017, ,0,Mumbai City,BRIHAN MUMBAI,MC,6,190,PRABHAG NO 190 ,,,Gambhir Sheetal Suresh,,,,,,,1605,Bhartiya Janata Party,BJP,,8401,1,,4,28494,29.483,,,28494,,,,
Maharashtra,2017,21-02-2017, ,0,Mumbai City,BRIHAN MUMBAI,MC,6,190,PRABHAG NO 190 ,,,PATANKAR VAISHALI RAJESH,,,,,,,18691,Shivsena,SHS,,7958,2,,4,28494,27.929,,,28494,,,,
Maharashtra,2017,21-02-2017, ,0,Mumbai City,BRIHAN MUMBAI,MC,6,190,PRABHAG NO 190 ,,,TANDEL BHARTI VIRENDRA,,,,,,,11633,Maharashtra Navnirman Sena,MNS,,7769,3,,4,28494,27.265,,,28494,,,,
Maharashtra,2017,21-02-2017, ,0,Mumbai City,BRIHAN MUMBAI,MC,6,190,PRABHAG NO 190 ,,,MALVANKAR SUPRIYA SUNIL,,,,,,,1605,Indian National Congress,BJP,,3622,4,,4,28494,12.711,,,28494,,,,
Maharashtra,2017,21-02-2017, ,0,Mumbai City,BRIHAN MUMBAI,MC,6,190,PRABHAG NO 190 ,,,NOTA,,,,,,,u10003,,,,744,5,,4,28494,2.611,,,28494,,,,
Maharashtra,2017,21-02-2017, ,0,Mumbai City,BRIHAN MUMBAI,MC,6,191,PRABHAG NO 191 ,,,RAUT VISHAKHA SHARAD,,,,,,,18691,Shivsena,SHS,,10660,1,,5,29494,36.143,,,29494,,,,
Maharashtra,2017,21-02-2017, ,0,Mumbai City,BRIHAN MUMBAI,MC,6,191,PRABHAG NO 191 ,,,Jadhav Tejasvi Vasant,,,,,,,1605,Bhartiya Janata Party,BJP,,8297,2,,5,29494,28.131,,,29494,,,,
Maharashtra,2017,21-02-2017, ,0,Mumbai City,BRIHAN MUMBAI,MC,6,191,PRABHAG NO 191 ,,,DESHPANDE SWAPNA YESHWANT,,,,,,,11633,Maharashtra Navnirman Sena,MNS,,8287,3,,5,29494,28.097,,,29494,,,,
Maharashtra,2017,21-02-2017, ,0,Mumbai City,BRIHAN MUMBAI,MC,6,191,PRABHAG NO 191 ,,,SHAH ROSHNA ASHWIN,,,,,,,1605,Indian National Congress,BJP,,1466,4,,5,29494,4.971,,,29494,,,,
Maharashtra,2017,21-02-2017, ,0,Mumbai City,BRIHAN MUMBAI,MC,6,191,PRABHAG NO 191 ,,,DALVI VANDANA VIJAYKUMAR,,,,,,,5792,Nationalist Congress Party,NCP,,173,5,,5,29494,0.587,,,29494,,,,
Maharashtra,2017,21-02-2017, ,0,Mumbai City,BRIHAN MUMBAI,MC,6,191,PRABHAG NO 191 ,,,NOTA,,,,,,,u10003,,,,611,6,,5,29494,2.072,,,29494,,,,
Maharashtra,2017,21-02-2017, ,0,Mumbai City,BRIHAN MUMBAI,MC,6,192,PRABHAG NO 192 ,,,PATANKAR PRITI PRAKASH,,,,,,,18691,Shivsena,SHS,,10525,1,,8,30221,34.827,,,30221,,,,
Maharashtra,2017,21-02-2017, ,0,Mumbai City,BRIHAN MUMBAI,MC,6,192,PRABHAG NO 192 ,,,JADHAV SNEHAL SUDHIR,,,,,,,11633,Maharashtra Navnirman Sena,MNS,,8428,2,,8,30221,27.888,,,30221,,,,
Maharashtra,2017,21-02-2017, ,0,Mumbai City,BRIHAN MUMBAI,MC,6,192,PRABHAG NO 192 ,,,BHATKAR VAIBHAVI VIVEK,,,,,,,1605,Bhartiya Janata Party,BJP,,7367,3,,8,30221,24.377,,,30221,,,,
Maharashtra,2017,21-02-2017, ,0,Mumbai City,BRIHAN MUMBAI,MC,6,192,PRABHAG NO 192 ,,,Kamble Harshal Jitendra,,,,,,,1605,Indian National Congress,BJP,,2394,4,,8,30221,7.922,,,30221,,,,
Maharashtra,2017,21-02-2017, ,0,Mumbai City,BRIHAN MUMBAI,MC,6,192,PRABHAG NO 192 ,,,KADAM SHEETAL VIJAY,,,,,,,5792,Nationalist Congress Party,NCP,,295,5,,8,30221,0.976,,,30221,,,,
Maharashtra,2017,21-02-2017, ,0,Mumbai City,BRIHAN MUMBAI,MC,6,192,PRABHAG NO 192 ,,,KAMBLE ANITA RAJESH,,,,,,,16651,Bahujan Samaj Party,BSP,,255,6,,8,30221,0.844,,,30221,,,,
Maharashtra,2017,21-02-2017, ,0,Mumbai City,BRIHAN MUMBAI,MC,6,192,PRABHAG NO 192 ,,,Kamble Nanda Sampat,,,,,,,10809,Independent,IND,,145,7,,8,30221,0.48,,,30221,,,,
Maharashtra,2017,21-02-2017, ,0,Mumbai City,BRIHAN MUMBAI,MC,6,192,PRABHAG NO 192 ,,,KARPE NEELAM RAVINDRA,,,,,,,10809,Independent,IND,,112,8,,8,30221,0.371,,,30221,,,,
Maharashtra,2017,21-02-2017, ,0,Mumbai City,BRIHAN MUMBAI,MC,6,192,PRABHAG NO 192 ,,,NOTA,,,,,,,u10003,,,,700,9,,8,30221,2.316,,,30221,,,,
Maharashtra,2017,21-02-2017, ,0,Mumbai City,BRIHAN MUMBAI,MC,6,193,PRABHAG NO 193 ,,,Worlikar Hemangi Hareshwar,,,,,,,18691,Shivsena,SHS,,13671,1,,10,32084,42.61,,,32084,,,,
Maharashtra,2017,21-02-2017, ,0,Mumbai City,BRIHAN MUMBAI,MC,6,193,PRABHAG NO 193 ,,,KOLI ROHIT MICHAEL,,,,,,,11633,Maharashtra Navnirman Sena,MNS,,4820,2,,10,32084,15.023,,,32084,,,,
Maharashtra,2017,21-02-2017, ,0,Mumbai City,BRIHAN MUMBAI,MC,6,193,PRABHAG NO 193 ,,,Nte Jayant Dattaram,,,,,,,1605,Bhartiya Janata Party,BJP,,4811,3,,10,32084,14.995,,,32084,,,,
Maharashtra,2017,21-02-2017, ,0,Mumbai City,BRIHAN MUMBAI,MC,6,193,PRABHAG NO 193 ,,,Lad Runal Rajan,,,,,,,5792,Nationalist Congress Party,NCP,,3432,4,,10,32084,10.697,,,32084,,,,
Maharashtra,2017,21-02-2017, ,0,Mumbai City,BRIHAN MUMBAI,MC,6,193,PRABHAG NO 193 ,,,KARANDEKAR NAVNATH MANOHAR,,,,,,,10809,Independent,IND,,1894,5,,10,32084,5.903,,,32084,,,,
Maharashtra,2017,21-02-2017, ,0,Mumbai City,BRIHAN MUMBAI,MC,6,193,PRABHAG NO 193 ,,,MAYEKAR ATIT VASANT,,,,,,,1605,Indian National Congress,BJP,,1444,6,,10,32084,4.501,,,32084,,,,
Maharashtra,2017,21-02-2017, ,0,Mumbai City,BRIHAN MUMBAI,MC,6,193,PRABHAG NO 193 ,,,RODRIGUES LINDWALL JOSEPH,,,,,,,10809,Independent,IND,,580,7,,10,32084,1.808,,,32084,,,,
Maharashtra,2017,21-02-2017, ,0,Mumbai City,BRIHAN MUMBAI,MC,6,193,PRABHAG NO 193 ,,,Kawathe Pradeep Manishankar,,,,,,,2444,Communist Party Of India,CPI,,415,8,,10,32084,1.293,,,32084,,,,
Maharashtra,2017,21-02-2017, ,0,Mumbai City,BRIHAN MUMBAI,MC,6,193,PRABHAG NO 193 ,,,BETKAR ANIL SAKHARAM,,,,,,,16651,Bahujan Samaj Party,BSP,,180,9,,10,32084,0.561,,,32084,,,,
Maharashtra,2017,21-02-2017, ,0,Mumbai City,BRIHAN MUMBAI,MC,6,193,PRABHAG NO 193 ,,,MHATRE DINANATH MARUTI,,,,,,,10809,Independent,IND,,116,10,,10,32084,0.362,,,32084,,,,
Maharashtra,2017,21-02-2017, ,0,Mumbai City,BRIHAN MUMBAI,MC,6,193,PRABHAG NO 193 ,,,NOTA,,,,,,,u10003,,,,721,11,,10,32084,2.247,,,32084,,,,
Maharashtra,2017,21-02-2017, ,0,Mumbai City,BRIHAN MUMBAI,MC,6,194,PRABHAG NO 194 ,,,sarvankar samadhan sadanand,,,,,,,18691,Shivsena,SHS,,8623,1,,14,33597,25.666,,,33597,,,,
Maharashtra,2017,21-02-2017, ,0,Mumbai City,BRIHAN MUMBAI,MC,6,194,PRABHAG NO 194 ,,,SAWANT MAHESH BALIRAM,,,,,,,10809,Independent,IND,,8364,2,,14,33597,24.895,,,33597,,,,
Maharashtra,2017,21-02-2017, ,0,Mumbai City,BRIHAN MUMBAI,MC,6,194,PRABHAG NO 194 ,,,DHURI SANTOSH BALKRISHNA,,,,,,,11633,Maharashtra Navnirman Sena,MNS,,6684,3,,14,33597,19.895,,,33597,,,,
Maharashtra,2017,21-02-2017, ,0,Mumbai City,BRIHAN MUMBAI,MC,6,194,PRABHAG NO 194 ,,,Dhavale Suryakant Laxman,,,,,,,1605,Bhartiya Janata Party,BJP,,5112,4,,14,33597,15.216,,,33597,,,,
Maharashtra,2017,21-02-2017, ,0,Mumbai City,BRIHAN MUMBAI,MC,6,194,PRABHAG NO 194 ,,,PATIL NITIN BHAURAO,,,,,,,1605,Indian National Congress,BJP,,1495,5,,14,33597,4.45,,,33597,,,,
Maharashtra,2017,21-02-2017, ,0,Mumbai City,BRIHAN MUMBAI,MC,6,194,PRABHAG NO 194 ,,,PAWAR NANDKISHOR ANANDRAO,,,,,,,5792,Nationalist Congress Party,NCP,,1069,6,,14,33597,3.182,,,33597,,,,
Maharashtra,2017,21-02-2017, ,0,Mumbai City,BRIHAN MUMBAI,MC,6,194,PRABHAG NO 194 ,,,SINGH AJAY GOVIND,,,,,,,10809,Independent,IND,,899,7,,14,33597,2.676,,,33597,,,,
Maharashtra,2017,21-02-2017, ,0,Mumbai City,BRIHAN MUMBAI,MC,6,194,PRABHAG NO 194 ,,,PATADE VINOD SHRIDHAR,,,,,,,10809,Independent,IND,,261,8,,14,33597,0.777,,,33597,,,,
Maharashtra,2017,21-02-2017, ,0,Mumbai City,BRIHAN MUMBAI,MC,6,194,PRABHAG NO 194 ,,,Surve Sudarshan Prabhakar,,,,,,,10809,Independent,IND,,229,9,,14,33597,0.682,,,33597,,,,
Maharashtra,2017,21-02-2017, ,0,Mumbai City,BRIHAN MUMBAI,MC,6,194,PRABHAG NO 194 ,,,ADHIKARI DIWANSINGH ADHIKARI,,,,,,,16651,Bahujan Samaj Party,BSP,,152,10,,14,33597,0.452,,,33597,,,,
Maharashtra,2017,21-02-2017, ,0,Mumbai City,BRIHAN MUMBAI,MC,6,194,PRABHAG NO 194 ,,,CHAWAN ABHISHEK ANAND,,,,,,,10809,Independent,IND,,109,11,,14,33597,0.324,,,33597,,,,
Maharashtra,2017,21-02-2017, ,0,Mumbai City,BRIHAN MUMBAI,MC,6,194,PRABHAG NO 194 ,,,SHARMA SANGATHAN VIDYADHAR,,,,,,,9677,Bahujan Vikas Aghadi,BVA,,95,12,,14,33597,0.283,,,33597,,,,
Maharashtra,2017,21-02-2017, ,0,Mumbai City,BRIHAN MUMBAI,MC,6,194,PRABHAG NO 194 ,,,Mane Eknath Sakharam,,,,,,,2444,Communist Party Of India,CPI,,77,13,,14,33597,0.229,,,33597,,,,
Maharashtra,2017,21-02-2017, ,0,Mumbai City,BRIHAN MUMBAI,MC,6,194,PRABHAG NO 194 ,,,DALVI APARNA ANAND,,,,,,,10979,Janata Dal Secular,JD(S),,41,14,,14,33597,0.122,,,33597,,,,
Maharashtra,2017,21-02-2017, ,0,Mumbai City,BRIHAN MUMBAI,MC,6,194,PRABHAG NO 194 ,,,NOTA,,,,,,,u10003,,,,387,15,,14,33597,1.152,,,33597,,,,
Maharashtra,2017,21-02-2017, ,0,Mumbai City,BRIHAN MUMBAI,MC,6,195,PRABHAG NO 195 ,,,Kharat Santosh Namdeo,,,,,,,18691,Shivsena,SHS,,10811,1,,11,26862,40.246,,,26862,,,,
Maharashtra,2017,21-02-2017, ,0,Mumbai City,BRIHAN MUMBAI,MC,6,195,PRABHAG NO 195 ,,,SHILWANT SUSHIL SAKHARAM,,,,,,,1605,Bhartiya Janata Party,BJP,,4838,2,,11,26862,18.011,,,26862,,,,
Maharashtra,2017,21-02-2017, ,0,Mumbai City,BRIHAN MUMBAI,MC,6,195,PRABHAG NO 195 ,,,KASALKAR MANGESH PARSHURAM,,,,,,,11633,Maharashtra Navnirman Sena,MNS,,2898,3,,11,26862,10.788,,,26862,,,,
Maharashtra,2017,21-02-2017, ,0,Mumbai City,BRIHAN MUMBAI,MC,6,195,PRABHAG NO 195 ,,,SHINDE AJAY KISHOR,,,,,,,1605,Indian National Congress,BJP,,2645,4,,11,26862,9.847,,,26862,,,,
Maharashtra,2017,21-02-2017, ,0,Mumbai City,BRIHAN MUMBAI,MC,6,195,PRABHAG NO 195 ,,,INSULKAR VANITA VASANT,,,,,,,5792,Nationalist Congress Party,NCP,,2603,5,,11,26862,9.69,,,26862,,,,
Maharashtra,2017,21-02-2017, ,0,Mumbai City,BRIHAN MUMBAI,MC,6,195,PRABHAG NO 195 ,,,Dodake Jitendra Sudam,,,,,,,1875,Bharip Bahujan Mahasangh,BBM,,1892,6,,11,26862,7.043,,,26862,,,,
Maharashtra,2017,21-02-2017, ,0,Mumbai City,BRIHAN MUMBAI,MC,6,195,PRABHAG NO 195 ,,,SHIRISHKAR SHARAD SITARAM,,,,,,,12285,Republican Party of India (A),RPI(A),,274,7,,11,26862,1.02,,,26862,,,,
Maharashtra,2017,21-02-2017, ,0,Mumbai City,BRIHAN MUMBAI,MC,6,195,PRABHAG NO 195 ,,,OVHAL SANJAY SUDAM,,,,,,,16651,Bahujan Samaj Party,BSP,,186,8,,11,26862,0.692,,,26862,,,,
Maharashtra,2017,21-02-2017, ,0,Mumbai City,BRIHAN MUMBAI,MC,6,195,PRABHAG NO 195 ,,,MORE BABAN DNYANU,,,,,,,1096,bahujan republican sociolist party,BARESP,,59,9,,11,26862,0.22,,,26862,,,,
Maharashtra,2017,21-02-2017, ,0,Mumbai City,BRIHAN MUMBAI,MC,6,195,PRABHAG NO 195 ,,,Palshetkar Manohar Tanaji,,,,,,,24549,Sambhaji Brigade,SBBGP,,56,10,,11,26862,0.208,,,26862,,,,
Maharashtra,2017,21-02-2017, ,0,Mumbai City,BRIHAN MUMBAI,MC,6,195,PRABHAG NO 195 ,,,ATHAWALE SACHIN DILIP,,,,,,,12285,Republican Party of India (A),RPI(A),,52,11,,11,26862,0.194,,,26862,,,,
Maharashtra,2017,21-02-2017, ,0,Mumbai City,BRIHAN MUMBAI,MC,6,195,PRABHAG NO 195 ,,,NOTA,,,,,,,u10003,,,,548,12,,11,26862,2.04,,,26862,,,,
Maharashtra,2017,21-02-2017, ,0,Mumbai City,BRIHAN MUMBAI,MC,6,196,PRABHAG NO 196 ,,,Chemburkar Ashish Ramnath,,,,,,,18691,Shivsena,SHS,,11306,1,,14,25973,43.53,,,25973,,,,
Maharashtra,2017,21-02-2017, ,0,Mumbai City,BRIHAN MUMBAI,MC,6,196,PRABHAG NO 196 ,,,PATIL DEEPAK ASHOK,,,,,,,1605,Bhartiya Janata Party,BJP,,5618,2,,14,25973,21.63,,,25973,,,,
Maharashtra,2017,21-02-2017, ,0,Mumbai City,BRIHAN MUMBAI,MC,6,196,PRABHAG NO 196 ,,,Nitanaware Dashrath Shivaram,,,,,,,5792,Nationalist Congress Party,NCP,,3731,3,,14,25973,14.365,,,25973,,,,
Maharashtra,2017,21-02-2017, ,0,Mumbai City,BRIHAN MUMBAI,MC,6,196,PRABHAG NO 196 ,,,NIKAM DASHRATH DATTRAM,,,,,,,11633,Maharashtra Navnirman Sena,MNS,,1551,4,,14,25973,5.972,,,25973,,,,
Maharashtra,2017,21-02-2017, ,0,Mumbai City,BRIHAN MUMBAI,MC,6,196,PRABHAG NO 196 ,,,KHARAT SANDEEP SUDHAKAR,,,,,,,16651,Bahujan Samaj Party,BSP,,1465,5,,14,25973,5.64,,,25973,,,,
Maharashtra,2017,21-02-2017, ,0,Mumbai City,BRIHAN MUMBAI,MC,6,196,PRABHAG NO 196 ,,,SURYAVANSHI INDRAJEET VASANT,,,,,,,1605,Indian National Congress,BJP,,1112,6,,14,25973,4.281,,,25973,,,,
Maharashtra,2017,21-02-2017, ,0,Mumbai City,BRIHAN MUMBAI,MC,6,196,PRABHAG NO 196 ,,,KADAM SANTOSH RAGHUNATH,,,,,,,1875,Bharip Bahujan Mahasangh,BBM,,240,7,,14,25973,0.924,,,25973,,,,
Maharashtra,2017,21-02-2017, ,0,Mumbai City,BRIHAN MUMBAI,MC,6,196,PRABHAG NO 196 ,,,REDKAR RAJAN BAPU,,,,,,,10809,Independent,IND,,177,8,,14,25973,0.681,,,25973,,,,
Maharashtra,2017,21-02-2017, ,0,Mumbai City,BRIHAN MUMBAI,MC,6,196,PRABHAG NO 196 ,,,Bhagat Janhvi Sujit,,,,,,,10809,Independent,IND,,88,9,,14,25973,0.339,,,25973,,,,
Maharashtra,2017,21-02-2017, ,0,Mumbai City,BRIHAN MUMBAI,MC,6,196,PRABHAG NO 196 ,,,RAJPUT MOHANSINGH SHANKARSINGH,,,,,,,10809,Independent,IND,,78,10,,14,25973,0.3,,,25973,,,,
Maharashtra,2017,21-02-2017, ,0,Mumbai City,BRIHAN MUMBAI,MC,6,196,PRABHAG NO 196 ,,,Kamble Rajendra Bhanudas,,,,,,,6911,Republican Party Of India,RPI,,59,11,,14,25973,0.227,,,25973,,,,
Maharashtra,2017,21-02-2017, ,0,Mumbai City,BRIHAN MUMBAI,MC,6,196,PRABHAG NO 196 ,,,Kolhapure Sanjay Ramchandra,,,,,,,10809,Independent,IND,,54,12,,14,25973,0.208,,,25973,,,,
Maharashtra,2017,21-02-2017, ,0,Mumbai City,BRIHAN MUMBAI,MC,6,196,PRABHAG NO 196 ,,,Bhingare Vishal Anand,,,,,,,24549,Sambhaji Brigade,SBBGP,,49,13,,14,25973,0.189,,,25973,,,,
Maharashtra,2017,21-02-2017, ,0,Mumbai City,BRIHAN MUMBAI,MC,6,196,PRABHAG NO 196 ,,,JHA LILENDRA GOVIND,,,,,,,10809,Independent,IND,,22,14,,14,25973,0.085,,,25973,,,,
Maharashtra,2017,21-02-2017, ,0,Mumbai City,BRIHAN MUMBAI,MC,6,196,PRABHAG NO 196 ,,,NOTA,,,,,,,u10003,,,,423,15,,14,25973,1.629,,,25973,,,,
Maharashtra,2017,21-02-2017, ,0,Mumbai City,BRIHAN MUMBAI,MC,6,197,PRABHAG NO 197 ,,,NARVANKAR DATTARAM SHIVARAM,,,,,,,11633,Maharashtra Navnirman Sena,MNS,,4419,1,,24,20609,21.442,,,20609,,,,
Maharashtra,2017,21-02-2017, ,0,Mumbai City,BRIHAN MUMBAI,MC,6,197,PRABHAG NO 197 ,,,Desai Parshuram Dattatray,,,,,,,18691,Shivsena,SHS,,3287,2,,24,20609,15.949,,,20609,,,,
Maharashtra,2017,21-02-2017, ,0,Mumbai City,BRIHAN MUMBAI,MC,6,197,PRABHAG NO 197 ,,,KHAN ABRAR LALMOHAMMED,,,,,,,5792,Nationalist Congress Party,NCP,,3202,3,,24,20609,15.537,,,20609,,,,
Maharashtra,2017,21-02-2017, ,0,Mumbai City,BRIHAN MUMBAI,MC,6,197,PRABHAG NO 197 ,,,PANDE NAVNEET DAYASHANKAR,,,,,,,1605,Bhartiya Janata Party,BJP,,2406,4,,24,20609,11.675,,,20609,,,,
Maharashtra,2017,21-02-2017, ,0,Mumbai City,BRIHAN MUMBAI,MC,6,197,PRABHAG NO 197 ,,,PAWAR RAJU GOVIND,,,,,,,10809,Independent,IND,,1772,5,,24,20609,8.598,,,20609,,,,
Maharashtra,2017,21-02-2017, ,0,Mumbai City,BRIHAN MUMBAI,MC,6,197,PRABHAG NO 197 ,,,Nair Anita Satyam,,,,,,,10809,Independent,IND,,1118,6,,24,20609,5.425,,,20609,,,,
Maharashtra,2017,21-02-2017, ,0,Mumbai City,BRIHAN MUMBAI,MC,6,197,PRABHAG NO 197 ,,,Sawant Aniruddha Krishna,,,,,,,10809,Independent,IND,,899,7,,24,20609,4.362,,,20609,,,,
Maharashtra,2017,21-02-2017, ,0,Mumbai City,BRIHAN MUMBAI,MC,6,197,PRABHAG NO 197 ,,,Pawar Prakash Govind,,,,,,,10809,Independent,IND,,701,8,,24,20609,3.401,,,20609,,,,
Maharashtra,2017,21-02-2017, ,0,Mumbai City,BRIHAN MUMBAI,MC,6,197,PRABHAG NO 197 ,,,Nadar Manoj Pandian,,,,,,,1605,Indian National Congress,BJP,,630,9,,24,20609,3.057,,,20609,,,,
Maharashtra,2017,21-02-2017, ,0,Mumbai City,BRIHAN MUMBAI,MC,6,197,PRABHAG NO 197 ,,,marchande manoj dinkar,,,,,,,1875,Bharip Bahujan Mahasangh,BBM,,560,10,,24,20609,2.717,,,20609,,,,
Maharashtra,2017,21-02-2017, ,0,Mumbai City,BRIHAN MUMBAI,MC,6,197,PRABHAG NO 197 ,,,KAMBLE ANAND SATU,,,,,,,16651,Bahujan Samaj Party,BSP,,371,11,,24,20609,1.8,,,20609,,,,
Maharashtra,2017,21-02-2017, ,0,Mumbai City,BRIHAN MUMBAI,MC,6,197,PRABHAG NO 197 ,,,GOLLAR TIMMA TIMMAPPA,,,,,,,7425,Samajwadi Party,SP,,274,12,,24,20609,1.33,,,20609,,,,
Maharashtra,2017,21-02-2017, ,0,Mumbai City,BRIHAN MUMBAI,MC,6,197,PRABHAG NO 197 ,,,Mehra Suresh Tejram,,,,,,,10809,Independent,IND,,129,13,,24,20609,0.626,,,20609,,,,
Maharashtra,2017,21-02-2017, ,0,Mumbai City,BRIHAN MUMBAI,MC,6,197,PRABHAG NO 197 ,,,devendra mukesh arma,,,,,,,1096,bahujan republican sociolist party,BARESP,,125,14,,24,20609,0.607,,,20609,,,,
Maharashtra,2017,21-02-2017, ,0,Mumbai City,BRIHAN MUMBAI,MC,6,197,PRABHAG NO 197 ,,,SALVI VIKAS PRAKASH,,,,,,,9677,Bahujan Vikas Aghadi,BVA,,121,15,,24,20609,0.587,,,20609,,,,
Maharashtra,2017,21-02-2017, ,0,Mumbai City,BRIHAN MUMBAI,MC,6,197,PRABHAG NO 197 ,,,GURAV ANAND TUKARAM,,,,,,,8690,Akhil Bharatiya Sena,ABHS,,97,16,,24,20609,0.471,,,20609,,,,
Maharashtra,2017,21-02-2017, ,0,Mumbai City,BRIHAN MUMBAI,MC,6,197,PRABHAG NO 197 ,,,Tiwari Dinesh Jayram,,,,,,,10809,Independent,IND,,85,17,,24,20609,0.412,,,20609,,,,
Maharashtra,2017,21-02-2017, ,0,Mumbai City,BRIHAN MUMBAI,MC,6,197,PRABHAG NO 197 ,,,Kothawale Sunil Chandrakant,,,,,,,24549,Sambhaji Brigade,SBBGP,,43,18,,24,20609,0.209,,,20609,,,,
Maharashtra,2017,21-02-2017, ,0,Mumbai City,BRIHAN MUMBAI,MC,6,197,PRABHAG NO 197 ,,,LONDHE AJAY KRISHNA,,,,,,,10809,Independent,IND,,42,19,,24,20609,0.204,,,20609,,,,
Maharashtra,2017,21-02-2017, ,0,Mumbai City,BRIHAN MUMBAI,MC,6,197,PRABHAG NO 197 ,,,SHAIKH MOHAMMAD PARVEZ MOHAMMAD AYUB,,,,,,,10809,Independent,IND,,41,20,,24,20609,0.199,,,20609,,,,
Maharashtra,2017,21-02-2017, ,0,Mumbai City,BRIHAN MUMBAI,MC,6,197,PRABHAG NO 197 ,,,Pawar Mohan Ramachandr,,,,,,,10809,Independent,IND,,39,21,,24,20609,0.189,,,20609,,,,
Maharashtra,2017,21-02-2017, ,0,Mumbai City,BRIHAN MUMBAI,MC,6,197,PRABHAG NO 197 ,,,rathod kishor ukabhai,,,,,,,10809,Independent,IND,,34,22,,24,20609,0.165,,,20609,,,,
Maharashtra,2017,21-02-2017, ,0,Mumbai City,BRIHAN MUMBAI,MC,6,197,PRABHAG NO 197 ,,,SHAIKH SHABANA IMTIYAZAHMED,,,,,,,10809,Independent,IND,,33,23,,24,20609,0.16,,,20609,,,,
Maharashtra,2017,21-02-2017, ,0,Mumbai City,BRIHAN MUMBAI,MC,6,197,PRABHAG NO 197 ,,,KHAN MIDRISRAZA HAJIMBASIR,,,,,,,10809,Independent,IND,,27,24,,24,20609,0.131,,,20609,,,,
Maharashtra,2017,21-02-2017, ,0,Mumbai City,BRIHAN MUMBAI,MC,6,197,PRABHAG NO 197 ,,,NOTA,,,,,,,u10003,,,,154,25,,24,20609,0.747,,,20609,,,,
Maharashtra,2017,21-02-2017, ,0,Mumbai City,BRIHAN MUMBAI,MC,6,198,PRABHAG NO 198 ,,,AMBEKAR SNEHAL SURYAKANT,,,,,,,18691,Shivsena,SHS,,13614,1,,6,26181,52,,,26181,,,,
Maharashtra,2017,21-02-2017, ,0,Mumbai City,BRIHAN MUMBAI,MC,6,198,PRABHAG NO 198 ,,,MHASHILKAR VINAYAK RAM,,,,,,,11633,Maharashtra Navnirman Sena,MNS,,8088,2,,6,26181,30.893,,,26181,,,,
Maharashtra,2017,21-02-2017, ,0,Mumbai City,BRIHAN MUMBAI,MC,6,198,PRABHAG NO 198 ,,,KADAM KUNAL RAMESH,,,,,,,12285,Republican Party of India (A),RPI(A),,1720,3,,6,26181,6.57,,,26181,,,,
Maharashtra,2017,21-02-2017, ,0,Mumbai City,BRIHAN MUMBAI,MC,6,198,PRABHAG NO 198 ,,,KAMBALE SANJAY SHANKAR,,,,,,,10809,Independent,IND,,1598,4,,6,26181,6.104,,,26181,,,,
Maharashtra,2017,21-02-2017, ,0,Mumbai City,BRIHAN MUMBAI,MC,6,198,PRABHAG NO 198 ,,,NARKAR RAMCHANDRA SITARAM,,,,,,,10809,Independent,IND,,219,5,,6,26181,0.836,,,26181,,,,
Maharashtra,2017,21-02-2017, ,0,Mumbai City,BRIHAN MUMBAI,MC,6,198,PRABHAG NO 198 ,,,TASGAONKAR MAKARAND SHRIDHAR,,,,,,,5792,Nationalist Congress Party,NCP,,123,6,,6,26181,0.47,,,26181,,,,
Maharashtra,2017,21-02-2017, ,0,Mumbai City,BRIHAN MUMBAI,MC,6,198,PRABHAG NO 198 ,,,NOTA,,,,,,,u10003,,,,819,7,,6,26181,3.128,,,26181,,,,
Maharashtra,2017,21-02-2017, ,0,Mumbai City,BRIHAN MUMBAI,MC,6,199,PRABHAG NO 199 ,,,Pednekar Kishori Kishor,,,,,,,18691,Shivsena,SHS,,11229,1,,10,26293,42.707,,,26293,,,,
Maharashtra,2017,21-02-2017, ,0,Mumbai City,BRIHAN MUMBAI,MC,6,199,PRABHAG NO 199 ,,,DESAI VIJAYMALA BABAN,,,,,,,5792,Nationalist Congress Party,NCP,,5456,2,,10,26293,20.751,,,26293,,,,
Maharashtra,2017,21-02-2017, ,0,Mumbai City,BRIHAN MUMBAI,MC,6,199,PRABHAG NO 199 ,,,PUGAONKAR aRATI CHANDRAKANT,,,,,,,1605,Bhartiya Janata Party,BJP,,4404,3,,10,26293,16.75,,,26293,,,,
Maharashtra,2017,21-02-2017, ,0,Mumbai City,BRIHAN MUMBAI,MC,6,199,PRABHAG NO 199 ,,,KANOJIA HEENA VIJAYKUMAR,,,,,,,1605,Indian National Congress,BJP,,1823,4,,10,26293,6.933,,,26293,,,,
Maharashtra,2017,21-02-2017, ,0,Mumbai City,BRIHAN MUMBAI,MC,6,199,PRABHAG NO 199 ,,,Kanojia Priyanka Premlal,,,,,,,11633,Maharashtra Navnirman Sena,MNS,,1416,5,,10,26293,5.385,,,26293,,,,
Maharashtra,2017,21-02-2017, ,0,Mumbai City,BRIHAN MUMBAI,MC,6,199,PRABHAG NO 199 ,,,Talekar Avanti Santosh,,,,,,,1096,bahujan republican sociolist party,BARESP,,570,6,,10,26293,2.168,,,26293,,,,
Maharashtra,2017,21-02-2017, ,0,Mumbai City,BRIHAN MUMBAI,MC,6,199,PRABHAG NO 199 ,,,JAISWAR SHASHIKALA AKHILESH,,,,,,,16651,Bahujan Samaj Party,BSP,,548,7,,10,26293,2.084,,,26293,,,,
Maharashtra,2017,21-02-2017, ,0,Mumbai City,BRIHAN MUMBAI,MC,6,199,PRABHAG NO 199 ,,,Kadam Sudha Vithalrao,,,,,,,10809,Independent,IND,,165,8,,10,26293,0.628,,,26293,,,,
Maharashtra,2017,21-02-2017, ,0,Mumbai City,BRIHAN MUMBAI,MC,6,199,PRABHAG NO 199 ,,,KHAVARE RAJSHREE SANDEEP,,,,,,,10809,Independent,IND,,88,9,,10,26293,0.335,,,26293,,,,
Maharashtra,2017,21-02-2017, ,0,Mumbai City,BRIHAN MUMBAI,MC,6,199,PRABHAG NO 199 ,,,KADAM VEENA SUDHAKAR,,,,,,,10809,Independent,IND,,67,10,,10,26293,0.255,,,26293,,,,
Maharashtra,2017,21-02-2017, ,0,Mumbai City,BRIHAN MUMBAI,MC,6,199,PRABHAG NO 199 ,,,NOTA,,,,,,,u10003,,,,527,11,,10,26293,2.004,,,26293,,,,
Maharashtra,2017,21-02-2017, ,0,Mumbai City,BRIHAN MUMBAI,MC,6,200,PRABHAG NO 200 ,,,PANCHAL URMILA ULHAS,,,,,,,18691,Shivsena,SHS,,9098,1,,7,25960,35.046,,,25960,,,,
Maharashtra,2017,21-02-2017, ,0,Mumbai City,BRIHAN MUMBAI,MC,6,200,PRABHAG NO 200 ,,,MUNGEKAR PALLAVI MAHENDRA,,,,,,,1605,Indian National Congress,BJP,,6937,2,,7,25960,26.722,,,25960,,,,
Maharashtra,2017,21-02-2017, ,0,Mumbai City,BRIHAN MUMBAI,MC,6,200,PRABHAG NO 200 ,,,Dhumale Pawar Jyotsna Rahul,,,,,,,1605,Bhartiya Janata Party,BJP,,6926,3,,7,25960,26.68,,,25960,,,,
Maharashtra,2017,21-02-2017, ,0,Mumbai City,BRIHAN MUMBAI,MC,6,200,PRABHAG NO 200 ,,,WAGHMARE SUVARNA SUNIT,,,,,,,10809,Independent,IND,,1356,4,,7,25960,5.223,,,25960,,,,
Maharashtra,2017,21-02-2017, ,0,Mumbai City,BRIHAN MUMBAI,MC,6,200,PRABHAG NO 200 ,,,KHARE PAYAL RAJENDRA,,,,,,,16651,Bahujan Samaj Party,BSP,,447,5,,7,25960,1.722,,,25960,,,,
Maharashtra,2017,21-02-2017, ,0,Mumbai City,BRIHAN MUMBAI,MC,6,200,PRABHAG NO 200 ,,,KAMBLE ANITA SANJAY,,,,,,,5792,Nationalist Congress Party,NCP,,381,6,,7,25960,1.468,,,25960,,,,
Maharashtra,2017,21-02-2017, ,0,Mumbai City,BRIHAN MUMBAI,MC,6,200,PRABHAG NO 200 ,,,TUPASOUNDRYA SUNITA MOHAN,,,,,,,u10008,Bhartiya Shetkari Kamgar Paksh,,,129,7,,7,25960,0.497,,,25960,,,,
Maharashtra,2017,21-02-2017, ,0,Mumbai City,BRIHAN MUMBAI,MC,6,200,PRABHAG NO 200 ,,,NOTA,,,,,,,u10003,,,,686,8,,7,25960,2.643,,,25960,,,,
Maharashtra,2017,21-02-2017, ,0,Mumbai City,BRIHAN MUMBAI,MC,6,201,PRABHAG NO 201 ,,,More Supriya Sunil,,,,,,,1605,Indian National Congress,BJP,,7406,1,,9,20774,35.65,,,20774,,,,
Maharashtra,2017,21-02-2017, ,0,Mumbai City,BRIHAN MUMBAI,MC,6,201,PRABHAG NO 201 ,,,SIDDIQUE IRAM SAJIDAHMED,,,,,,,7425,Samajwadi Party,SP,,4619,2,,9,20774,22.235,,,20774,,,,
Maharashtra,2017,21-02-2017, ,0,Mumbai City,BRIHAN MUMBAI,MC,6,201,PRABHAG NO 201 ,,,DAREKAR ASHWINI VIJAY,,,,,,,18691,Shivsena,SHS,,3575,3,,9,20774,17.209,,,20774,,,,
Maharashtra,2017,21-02-2017, ,0,Mumbai City,BRIHAN MUMBAI,MC,6,201,PRABHAG NO 201 ,,,MALIK SHEHNAZ SIRAJAHMED,,,,,,,706,All India Majlis e Ittehadul Muslimeen,AIMIM,,1826,4,,9,20774,8.79,,,20774,,,,
Maharashtra,2017,21-02-2017, ,0,Mumbai City,BRIHAN MUMBAI,MC,6,201,PRABHAG NO 201 ,,,Saklave Savita Vinod,,,,,,,1605,Bhartiya Janata Party,BJP,,1690,5,,9,20774,8.135,,,20774,,,,
Maharashtra,2017,21-02-2017, ,0,Mumbai City,BRIHAN MUMBAI,MC,6,201,PRABHAG NO 201 ,,,RANKHAMBE PUSHPA ANAND,,,,,,,11633,Maharashtra Navnirman Sena,MNS,,730,6,,9,20774,3.514,,,20774,,,,
Maharashtra,2017,21-02-2017, ,0,Mumbai City,BRIHAN MUMBAI,MC,6,201,PRABHAG NO 201 ,,,SAWANT SHAMBHAVI HEMANT,,,,,,,12285,Republican Party of India (A),RPI(A),,330,7,,9,20774,1.589,,,20774,,,,
Maharashtra,2017,21-02-2017, ,0,Mumbai City,BRIHAN MUMBAI,MC,6,201,PRABHAG NO 201 ,,,jagtap jyoti prakash,,,,,,,5792,Nationalist Congress Party,NCP,,203,8,,9,20774,0.977,,,20774,,,,
Maharashtra,2017,21-02-2017, ,0,Mumbai City,BRIHAN MUMBAI,MC,6,201,PRABHAG NO 201 ,,,SIDDIQUE RUBINA KHALID,,,,,,,10809,Independent,IND,,112,9,,9,20774,0.539,,,20774,,,,
Maharashtra,2017,21-02-2017, ,0,Mumbai City,BRIHAN MUMBAI,MC,6,201,PRABHAG NO 201 ,,,NOTA,,,,,,,u10003,,,,283,10,,9,20774,1.362,,,20774,,,,
Maharashtra,2017,21-02-2017, ,0,Mumbai City,BRIHAN MUMBAI,MC,6,202,PRABHAG NO 202 ,,,JADHAV SHRADDHA SHRIDHAR,,,,,,,18691,Shivsena,SHS,,12032,1,,8,27294,44.083,,,27294,,,,
Maharashtra,2017,21-02-2017, ,0,Mumbai City,BRIHAN MUMBAI,MC,6,202,PRABHAG NO 202 ,,,bamane pranali pramod,,बामणे प्रणाली प्रमोद,,,,,11633,Maharashtra Navnirman Sena,MNS,,4386,2,,8,27294,16.069,,,27294,,,,
Maharashtra,2017,21-02-2017, ,0,Mumbai City,BRIHAN MUMBAI,MC,6,202,PRABHAG NO 202 ,,,Bavkar Riya Harishchandra,,,,,,,1605,Indian National Congress,BJP,,4329,3,,8,27294,15.861,,,27294,,,,
Maharashtra,2017,21-02-2017, ,0,Mumbai City,BRIHAN MUMBAI,MC,6,202,PRABHAG NO 202 ,,,PAWAR VIJAYALAXMI NITESH,,,,,,,1605,Bhartiya Janata Party,BJP,,3292,4,,8,27294,12.061,,,27294,,,,
Maharashtra,2017,21-02-2017, ,0,Mumbai City,BRIHAN MUMBAI,MC,6,202,PRABHAG NO 202 ,,,BHASKARAN UMA SUNIL,,,,,,,5792,Nationalist Congress Party,NCP,,986,5,,8,27294,3.613,,,27294,,,,
Maharashtra,2017,21-02-2017, ,0,Mumbai City,BRIHAN MUMBAI,MC,6,202,PRABHAG NO 202 ,,,PARAB MANASI MANAJI,,,,,,,10809,Independent,IND,,855,6,,8,27294,3.133,,,27294,,,,
Maharashtra,2017,21-02-2017, ,0,Mumbai City,BRIHAN MUMBAI,MC,6,202,PRABHAG NO 202 ,,,SAKPAL MANASI ARUN,,,,,,,1875,Bharip Bahujan Mahasangh,BBM,,454,7,,8,27294,1.663,,,27294,,,,
Maharashtra,2017,21-02-2017, ,0,Mumbai City,BRIHAN MUMBAI,MC,6,202,PRABHAG NO 202 ,,,Mane Vandana Ramchandra,,,,,,,2444,Communist Party Of India,CPI,,413,8,,8,27294,1.513,,,27294,,,,
Maharashtra,2017,21-02-2017, ,0,Mumbai City,BRIHAN MUMBAI,MC,6,202,PRABHAG NO 202 ,,,NOTA,,,,,,,u10003,,,,547,9,,8,27294,2.004,,,27294,,,,
Maharashtra,2017,21-02-2017, ,0,Mumbai City,BRIHAN MUMBAI,MC,6,203,PRABHAG NO 203 ,,,Masurkar sindhu ravindranath,,,,,,,18691,Shivsena,SHS,,14541,1,,6,28723,50.625,,,28723,,,,
Maharashtra,2017,21-02-2017, ,0,Mumbai City,BRIHAN MUMBAI,MC,6,203,PRABHAG NO 203 ,,,AMBOLE TEJASWINI SANJAY,,,,,,,1605,Bhartiya Janata Party,BJP,,9622,2,,6,28723,33.499,,,28723,,,,
Maharashtra,2017,21-02-2017, ,0,Mumbai City,BRIHAN MUMBAI,MC,6,203,PRABHAG NO 203 ,,,DURGAVALE POONAM ARUN,,,,,,,11633,Maharashtra Navnirman Sena,MNS,,2061,3,,6,28723,7.175,,,28723,,,,
Maharashtra,2017,21-02-2017, ,0,Mumbai City,BRIHAN MUMBAI,MC,6,203,PRABHAG NO 203 ,,,JANGAM VIDYA CHANDRASHEKHAR,,,,,,,1605,Indian National Congress,BJP,,1497,4,,6,28723,5.212,,,28723,,,,
Maharashtra,2017,21-02-2017, ,0,Mumbai City,BRIHAN MUMBAI,MC,6,203,PRABHAG NO 203 ,,,BABRE RESHMA SUDHIR,,,,,,,10809,Independent,IND,,262,5,,6,28723,0.912,,,28723,,,,
Maharashtra,2017,21-02-2017, ,0,Mumbai City,BRIHAN MUMBAI,MC,6,203,PRABHAG NO 203 ,,,jadhav bharati jagannath,,,,,,,5792,Nationalist Congress Party,NCP,,122,6,,6,28723,0.425,,,28723,,,,
Maharashtra,2017,21-02-2017, ,0,Mumbai City,BRIHAN MUMBAI,MC,6,203,PRABHAG NO 203 ,,,NOTA,,,,,,,u10003,,,,618,7,,6,28723,2.152,,,28723,,,,
Maharashtra,2017,21-02-2017, ,0,Mumbai City,BRIHAN MUMBAI,MC,6,204,PRABHAG NO 204 ,,,KOKIL ANIL SADASHIV,,,,,,,18691,Shivsena,SHS,,13411,1,,5,25571,52.446,,,25571,,,,
Maharashtra,2017,21-02-2017, ,0,Mumbai City,BRIHAN MUMBAI,MC,6,204,PRABHAG NO 204 ,,,DALVI ARUN DATTARAM,,,,,,,1605,Bhartiya Janata Party,BJP,,7300,2,,5,25571,28.548,,,25571,,,,
Maharashtra,2017,21-02-2017, ,0,Mumbai City,BRIHAN MUMBAI,MC,6,204,PRABHAG NO 204 ,,,DESAI SACHINDRA GANPAT,,,,,,,11633,Maharashtra Navnirman Sena,MNS,,2772,3,,5,25571,10.84,,,25571,,,,
Maharashtra,2017,21-02-2017, ,0,Mumbai City,BRIHAN MUMBAI,MC,6,204,PRABHAG NO 204 ,,,SAWANT PRAKASH RAMKRISHNA,,,,,,,1605,Indian National Congress,BJP,,1420,4,,5,25571,5.553,,,25571,,,,
Maharashtra,2017,21-02-2017, ,0,Mumbai City,BRIHAN MUMBAI,MC,6,204,PRABHAG NO 204 ,,,KHALE SWAPNIL MADAN,,,,,,,16651,Bahujan Samaj Party,BSP,,144,5,,5,25571,0.563,,,25571,,,,
Maharashtra,2017,21-02-2017, ,0,Mumbai City,BRIHAN MUMBAI,MC,6,204,PRABHAG NO 204 ,,,NOTA,,,,,,,u10003,,,,524,6,,5,25571,2.049,,,25571,,,,
Maharashtra,2017,21-02-2017, ,0,Mumbai City,BRIHAN MUMBAI,MC,6,205,PRABHAG NO 205 ,,,PONGADE DATTARAM RAMBHAU,,,,,,,18691,Shivsena,SHS,,13859,1,,12,26948,51.429,,,26948,,,,
Maharashtra,2017,21-02-2017, ,0,Mumbai City,BRIHAN MUMBAI,MC,6,205,PRABHAG NO 205 ,,,SAWANT VILAS SHRIPAT,,,,,,,11633,Maharashtra Navnirman Sena,MNS,,6175,2,,12,26948,22.915,,,26948,,,,
Maharashtra,2017,21-02-2017, ,0,Mumbai City,BRIHAN MUMBAI,MC,6,205,PRABHAG NO 205 ,,,GHAG RAJENDRA MOHAN,,,,,,,1605,Bhartiya Janata Party,BJP,,2850,3,,12,26948,10.576,,,26948,,,,
Maharashtra,2017,21-02-2017, ,0,Mumbai City,BRIHAN MUMBAI,MC,6,205,PRABHAG NO 205 ,,,Yewale Umesh Raysing,,,,,,,5792,Nationalist Congress Party,NCP,,1064,4,,12,26948,3.948,,,26948,,,,
Maharashtra,2017,21-02-2017, ,0,Mumbai City,BRIHAN MUMBAI,MC,6,205,PRABHAG NO 205 ,,,KANGANE GORAKH NIVRUTTI,,,,,,,1605,Indian National Congress,BJP,,1004,5,,12,26948,3.726,,,26948,,,,
Maharashtra,2017,21-02-2017, ,0,Mumbai City,BRIHAN MUMBAI,MC,6,205,PRABHAG NO 205 ,,,GHAGARE PRASAD NARAYAN,,,,,,,2444,Communist Party Of India,CPI,,782,6,,12,26948,2.902,,,26948,,,,
Maharashtra,2017,21-02-2017, ,0,Mumbai City,BRIHAN MUMBAI,MC,6,205,PRABHAG NO 205 ,,,MISHRA SANJAYKUMAR GYANPRAKASH,,,,,,,10809,Independent,IND,,253,7,,12,26948,0.939,,,26948,,,,
Maharashtra,2017,21-02-2017, ,0,Mumbai City,BRIHAN MUMBAI,MC,6,205,PRABHAG NO 205 ,,,SATPUTE MAHENDRA SITARAM,,,,,,,1096,bahujan republican sociolist party,BARESP,,237,8,,12,26948,0.879,,,26948,,,,
Maharashtra,2017,21-02-2017, ,0,Mumbai City,BRIHAN MUMBAI,MC,6,205,PRABHAG NO 205 ,,,GAWADE RAJARAM GOVIND,,,,,,,16651,Bahujan Samaj Party,BSP,,126,9,,12,26948,0.468,,,26948,,,,
Maharashtra,2017,21-02-2017, ,0,Mumbai City,BRIHAN MUMBAI,MC,6,205,PRABHAG NO 205 ,,,Masurkar Swaminath Namdev,,,,,,,10809,Independent,IND,,100,10,,12,26948,0.371,,,26948,,,,
Maharashtra,2017,21-02-2017, ,0,Mumbai City,BRIHAN MUMBAI,MC,6,205,PRABHAG NO 205 ,,,Shitole Sangeeta Tejkumar,,,,,,,10979,Janata Dal Secular,JD(S),,86,11,,12,26948,0.319,,,26948,,,,
Maharashtra,2017,21-02-2017, ,0,Mumbai City,BRIHAN MUMBAI,MC,6,205,PRABHAG NO 205 ,,,kadam ashok mahipat,,,,,,,10809,Independent,IND,,46,12,,12,26948,0.171,,,26948,,,,
Maharashtra,2017,21-02-2017, ,0,Mumbai City,BRIHAN MUMBAI,MC,6,205,PRABHAG NO 205 ,,,NOTA,,,,,,,u10003,,,,366,13,,12,26948,1.358,,,26948,,,,
Maharashtra,2017,21-02-2017, ,0,Mumbai City,BRIHAN MUMBAI,MC,6,206,PRABHAG NO 206 ,,,PADWAL SACHIN DEVDAS,,,,,,,18691,Shivsena,SHS,,7225,1,,12,20568,35.127,,,20568,,,,
Maharashtra,2017,21-02-2017, ,0,Mumbai City,BRIHAN MUMBAI,MC,6,206,PRABHAG NO 206 ,,,MURAI RAMVACHAN SITARAM,,,,,,,1605,Indian National Congress,BJP,,6262,2,,12,20568,30.445,,,20568,,,,
Maharashtra,2017,21-02-2017, ,0,Mumbai City,BRIHAN MUMBAI,MC,6,206,PRABHAG NO 206 ,,,MHATRE VIJAY LAXMAN,,,,,,,1605,Bhartiya Janata Party,BJP,,2602,3,,12,20568,12.651,,,20568,,,,
Maharashtra,2017,21-02-2017, ,0,Mumbai City,BRIHAN MUMBAI,MC,6,206,PRABHAG NO 206 ,,,PEDNEKAR CHETAN RAMESH,,,,,,,11633,Maharashtra Navnirman Sena,MNS,,1440,4,,12,20568,7.001,,,20568,,,,
Maharashtra,2017,21-02-2017, ,0,Mumbai City,BRIHAN MUMBAI,MC,6,206,PRABHAG NO 206 ,,,Mokal Shekhar Jagannath,,,,,,,10809,Independent,IND,,1397,5,,12,20568,6.792,,,20568,,,,
Maharashtra,2017,21-02-2017, ,0,Mumbai City,BRIHAN MUMBAI,MC,6,206,PRABHAG NO 206 ,,,SHIVDIKAR NEEL NANDKUMAR,,,,,,,5792,Nationalist Congress Party,NCP,,637,6,,12,20568,3.097,,,20568,,,,
Maharashtra,2017,21-02-2017, ,0,Mumbai City,BRIHAN MUMBAI,MC,6,206,PRABHAG NO 206 ,,,Sangrar Isak Ismail,,,,,,,10809,Independent,IND,,319,7,,12,20568,1.551,,,20568,,,,
Maharashtra,2017,21-02-2017, ,0,Mumbai City,BRIHAN MUMBAI,MC,6,206,PRABHAG NO 206 ,,,KALE RAJENDRA KESHAV,,,,,,,2444,Communist Party Of India,CPI,,158,8,,12,20568,0.768,,,20568,,,,
Maharashtra,2017,21-02-2017, ,0,Mumbai City,BRIHAN MUMBAI,MC,6,206,PRABHAG NO 206 ,,,AGRE SANDIP BHIKAJI,,,,,,,16651,Bahujan Samaj Party,BSP,,138,9,,12,20568,0.671,,,20568,,,,
Maharashtra,2017,21-02-2017, ,0,Mumbai City,BRIHAN MUMBAI,MC,6,206,PRABHAG NO 206 ,,,BUDHWANT ANITA JIJABA,,,,,,,1096,bahujan republican sociolist party,BARESP,,131,10,,12,20568,0.637,,,20568,,,,
Maharashtra,2017,21-02-2017, ,0,Mumbai City,BRIHAN MUMBAI,MC,6,206,PRABHAG NO 206 ,,,Tukrul Prakash Sahadev,,,,,,,10809,Independent,IND,,44,11,,12,20568,0.214,,,20568,,,,
Maharashtra,2017,21-02-2017, ,0,Mumbai City,BRIHAN MUMBAI,MC,6,206,PRABHAG NO 206 ,,,GOLAR DATTARAJ ARJUN,,,,,,,10809,Independent,IND,,29,12,,12,20568,0.141,,,20568,,,,
Maharashtra,2017,21-02-2017, ,0,Mumbai City,BRIHAN MUMBAI,MC,6,206,PRABHAG NO 206 ,,,NOTA,,,,,,,u10003,,,,186,13,,12,20568,0.904,,,20568,,,,
Maharashtra,2017,21-02-2017, ,0,Mumbai City,BRIHAN MUMBAI,MC,6,207,PRABHAG NO 207 ,,,Lokhande Surekha Rohidas,,,,,,,1605,Bhartiya Janata Party,BJP,,6005,1,,11,24567,24.443,,,24567,,,,
Maharashtra,2017,21-02-2017, ,0,Mumbai City,BRIHAN MUMBAI,MC,6,207,PRABHAG NO 207 ,,,Chavan Asha Vasant,,,,,,,18691,Shivsena,SHS,,5962,2,,11,24567,24.268,,,24567,,,,
Maharashtra,2017,21-02-2017, ,0,Mumbai City,BRIHAN MUMBAI,MC,6,207,PRABHAG NO 207 ,,,GAWLI VANDANA PRADEEP,,,,,,,8690,Akhil Bharatiya Sena,ABHS,,5661,3,,11,24567,23.043,,,24567,,,,
Maharashtra,2017,21-02-2017, ,0,Mumbai City,BRIHAN MUMBAI,MC,6,207,PRABHAG NO 207 ,,,Haryan Shalaka Dilip,,,,,,,11633,Maharashtra Navnirman Sena,MNS,,2664,4,,11,24567,10.844,,,24567,,,,
Maharashtra,2017,21-02-2017, ,0,Mumbai City,BRIHAN MUMBAI,MC,6,207,PRABHAG NO 207 ,,,Bhujbal Shubhangi Shivaji,,,,,,,1605,Indian National Congress,BJP,,1610,5,,11,24567,6.554,,,24567,,,,
Maharashtra,2017,21-02-2017, ,0,Mumbai City,BRIHAN MUMBAI,MC,6,207,PRABHAG NO 207 ,,,GHANCHI QURRATULAEN MOHDASLAM,,,,,,,706,All India Majlis e Ittehadul Muslimeen,AIMIM,,1326,6,,11,24567,5.397,,,24567,,,,
Maharashtra,2017,21-02-2017, ,0,Mumbai City,BRIHAN MUMBAI,MC,6,207,PRABHAG NO 207 ,,,Pednekar Surekha Charudatta,,,,,,,5792,Nationalist Congress Party,NCP,,346,7,,11,24567,1.408,,,24567,,,,
Maharashtra,2017,21-02-2017, ,0,Mumbai City,BRIHAN MUMBAI,MC,6,207,PRABHAG NO 207 ,,,LOKHANDE NANDA PRAKASH,,,,,,,1074,Bahujan Mukti Party,BMUP,,262,8,,11,24567,1.066,,,24567,,,,
Maharashtra,2017,21-02-2017, ,0,Mumbai City,BRIHAN MUMBAI,MC,6,207,PRABHAG NO 207 ,,,PATIL MALTI RAVINDRA,,,,,,,u10017,Bhartiya Sangram Parishad,,,201,9,,11,24567,0.818,,,24567,,,,
Maharashtra,2017,21-02-2017, ,0,Mumbai City,BRIHAN MUMBAI,MC,6,207,PRABHAG NO 207 ,,,KANADE SUNANDA CHANDRASHEKHAR,,,,,,,1605,Indian National Congress,BJP,,130,10,,11,24567,0.529,,,24567,,,,
Maharashtra,2017,21-02-2017, ,0,Mumbai City,BRIHAN MUMBAI,MC,6,207,PRABHAG NO 207 ,,,Rajput Khairunnisa MughalMehmoodAkbar,,,,,,,10809,Independent,IND,,43,11,,11,24567,0.175,,,24567,,,,
Maharashtra,2017,21-02-2017, ,0,Mumbai City,BRIHAN MUMBAI,MC,6,207,PRABHAG NO 207 ,,,NOTA,,,,,,,u10003,,,,357,12,,11,24567,1.453,,,24567,,,,
Maharashtra,2017,21-02-2017, ,0,Mumbai City,BRIHAN MUMBAI,MC,6,208,PRABHAG NO 208 ,,,Rahate Ramakant Sakharam,,,,,,,18691,Shivsena,SHS,,8938,1,,12,25117,35.585,,,25117,,,,
Maharashtra,2017,21-02-2017, ,0,Mumbai City,BRIHAN MUMBAI,MC,6,208,PRABHAG NO 208 ,,,TAKLE KIRAN SHANKAR,,,,,,,11633,Maharashtra Navnirman Sena,MNS,,5002,2,,12,25117,19.915,,,25117,,,,
Maharashtra,2017,21-02-2017, ,0,Mumbai City,BRIHAN MUMBAI,MC,6,208,PRABHAG NO 208 ,,,KHAN UMARSHAD MOHAMMED,,,,,,,706,All India Majlis e Ittehadul Muslimeen,AIMIM,,3888,3,,12,25117,15.48,,,25117,,,,
Maharashtra,2017,21-02-2017, ,0,Mumbai City,BRIHAN MUMBAI,MC,6,208,PRABHAG NO 208 ,,,JEJURKAR RAKESH RAMDAS,,,,,,,1605,Bhartiya Janata Party,BJP,,3502,4,,12,25117,13.943,,,25117,,,,
Maharashtra,2017,21-02-2017, ,0,Mumbai City,BRIHAN MUMBAI,MC,6,208,PRABHAG NO 208 ,,,Ghadigaonkar Prasad Namdeo,,,,,,,1605,Indian National Congress,BJP,,1850,5,,12,25117,7.366,,,25117,,,,
Maharashtra,2017,21-02-2017, ,0,Mumbai City,BRIHAN MUMBAI,MC,6,208,PRABHAG NO 208 ,,,SHINDE SUSHANT SUBHASH,,,,,,,5792,Nationalist Congress Party,NCP,,928,6,,12,25117,3.695,,,25117,,,,
Maharashtra,2017,21-02-2017, ,0,Mumbai City,BRIHAN MUMBAI,MC,6,208,PRABHAG NO 208 ,,,KHARMALE PANKAJ VASANT,,,,,,,24549,Sambhaji Brigade,SBBGP,,186,7,,12,25117,0.741,,,25117,,,,
Maharashtra,2017,21-02-2017, ,0,Mumbai City,BRIHAN MUMBAI,MC,6,208,PRABHAG NO 208 ,,,Khan MohammedRafique Kalimullah,,,,,,,10809,Independent,IND,,172,8,,12,25117,0.685,,,25117,,,,
Maharashtra,2017,21-02-2017, ,0,Mumbai City,BRIHAN MUMBAI,MC,6,208,PRABHAG NO 208 ,,,YADAV SUNIL DEWOO,,,,,,,16651,Bahujan Samaj Party,BSP,,119,9,,12,25117,0.474,,,25117,,,,
Maharashtra,2017,21-02-2017, ,0,Mumbai City,BRIHAN MUMBAI,MC,6,208,PRABHAG NO 208 ,,,Shah Akbar Ali Abdul Quddus,,,,,,,1731,Bhartiya Minorities Suraksha Mahasangh,BMSM,,87,10,,12,25117,0.346,,,25117,,,,
Maharashtra,2017,21-02-2017, ,0,Mumbai City,BRIHAN MUMBAI,MC,6,208,PRABHAG NO 208 ,,,Khan MohammadHanif Ayub,,,,,,,7425,Samajwadi Party,SP,,71,11,,12,25117,0.283,,,25117,,,,
Maharashtra,2017,21-02-2017, ,0,Mumbai City,BRIHAN MUMBAI,MC,6,208,PRABHAG NO 208 ,,,KHAN MOHAMMEDINTEKHAB MOHAMMEDSAMI,,,,,,,10809,Independent,IND,,39,12,,12,25117,0.155,,,25117,,,,
Maharashtra,2017,21-02-2017, ,0,Mumbai City,BRIHAN MUMBAI,MC,6,208,PRABHAG NO 208 ,,,NOTA,,,,,,,u10003,,,,335,13,,12,25117,1.334,,,25117,,,,
Maharashtra,2017,21-02-2017, ,0,Mumbai City,BRIHAN MUMBAI,MC,6,209,PRABHAG NO 209 ,,,JADHAV YASHWANT KAMLAKAR,,,,,,,18691,Shivsena,SHS,,4884,1,,14,18556,26.32,,,18556,,,,
Maharashtra,2017,21-02-2017, ,0,Mumbai City,BRIHAN MUMBAI,MC,6,209,PRABHAG NO 209 ,,,BAGHDADI MANZURHASAN ABDULLATIF,,,,,,,1605,Indian National Congress,BJP,,3853,2,,14,18556,20.764,,,18556,,,,
Maharashtra,2017,21-02-2017, ,0,Mumbai City,BRIHAN MUMBAI,MC,6,209,PRABHAG NO 209 ,,,Sangoi Kantilal Popatlal,,,,,,,1605,Bhartiya Janata Party,BJP,,1953,3,,14,18556,10.525,,,18556,,,,
Maharashtra,2017,21-02-2017, ,0,Mumbai City,BRIHAN MUMBAI,MC,6,209,PRABHAG NO 209 ,,,NAIK MATEEN aLI,,,,,,,706,All India Majlis e Ittehadul Muslimeen,AIMIM,,1760,4,,14,18556,9.485,,,18556,,,,
Maharashtra,2017,21-02-2017, ,0,Mumbai City,BRIHAN MUMBAI,MC,6,209,PRABHAG NO 209 ,,,DSOUZA SANTOSH ALFRED,,,,,,,8690,Akhil Bharatiya Sena,ABHS,,1607,5,,14,18556,8.66,,,18556,,,,
Maharashtra,2017,21-02-2017, ,0,Mumbai City,BRIHAN MUMBAI,MC,6,209,PRABHAG NO 209 ,,,WAJE ANIL TUKARAM,,,,,,,10809,Independent,IND,,1225,6,,14,18556,6.602,,,18556,,,,
Maharashtra,2017,21-02-2017, ,0,Mumbai City,BRIHAN MUMBAI,MC,6,209,PRABHAG NO 209 ,,,Shete Nitin Dnyandeo,,,,,,,5792,Nationalist Congress Party,NCP,,1129,7,,14,18556,6.084,,,18556,,,,
Maharashtra,2017,21-02-2017, ,0,Mumbai City,BRIHAN MUMBAI,MC,6,209,PRABHAG NO 209 ,,,SAWANT SUSHIL CHANDRAKANT,,,,,,,11633,Maharashtra Navnirman Sena,MNS,,910,8,,14,18556,4.904,,,18556,,,,
Maharashtra,2017,21-02-2017, ,0,Mumbai City,BRIHAN MUMBAI,MC,6,209,PRABHAG NO 209 ,,,Khan Abdulmatin Shamsuddin,,,,,,,7425,Samajwadi Party,SP,,436,9,,14,18556,2.35,,,18556,,,,
Maharashtra,2017,21-02-2017, ,0,Mumbai City,BRIHAN MUMBAI,MC,6,209,PRABHAG NO 209 ,,,dubey shyambihari ramnaresh,,,,,,,16651,Bahujan Samaj Party,BSP,,189,10,,14,18556,1.019,,,18556,,,,
Maharashtra,2017,21-02-2017, ,0,Mumbai City,BRIHAN MUMBAI,MC,6,209,PRABHAG NO 209 ,,,Mukadam Irfan Umar,,,,,,,10809,Independent,IND,,132,11,,14,18556,0.711,,,18556,,,,
Maharashtra,2017,21-02-2017, ,0,Mumbai City,BRIHAN MUMBAI,MC,6,209,PRABHAG NO 209 ,,,CHAVAN MAHESH CHANDRAKANT,,,,,,,10809,Independent,IND,,104,12,,14,18556,0.56,,,18556,,,,
Maharashtra,2017,21-02-2017, ,0,Mumbai City,BRIHAN MUMBAI,MC,6,209,PRABHAG NO 209 ,,,KHAN TANVEERALAM SHAMEEMAHMED,,,,,,,1875,Bharip Bahujan Mahasangh,BBM,,71,13,,14,18556,0.383,,,18556,,,,
Maharashtra,2017,21-02-2017, ,0,Mumbai City,BRIHAN MUMBAI,MC,6,209,PRABHAG NO 209 ,,,SHAIKH NIKHAT NISAR,,,,,,,10809,Independent,IND,,56,14,,14,18556,0.302,,,18556,,,,
Maharashtra,2017,21-02-2017, ,0,Mumbai City,BRIHAN MUMBAI,MC,6,209,PRABHAG NO 209 ,,,NOTA,,,,,,,u10003,,,,247,15,,14,18556,1.331,,,18556,,,,
Maharashtra,2017,21-02-2017, ,0,Mumbai City,BRIHAN MUMBAI,MC,6,210,PRABHAG NO 210 ,,,JAMSUTKAR SONAM MANOJ,,,,,,,1605,Indian National Congress,BJP,,9589,1,,6,22418,42.774,,,22418,,,,
Maharashtra,2017,21-02-2017, ,0,Mumbai City,BRIHAN MUMBAI,MC,6,210,PRABHAG NO 210 ,,,JADHAV YAMINI YASHWANT,,,,,,,18691,Shivsena,SHS,,7327,2,,6,22418,32.684,,,22418,,,,
Maharashtra,2017,21-02-2017, ,0,Mumbai City,BRIHAN MUMBAI,MC,6,210,PRABHAG NO 210 ,,,SHINDE SHUBHANGI SUGATPRIYA,,,,,,,12285,Republican Party of India (A),RPI(A),,3379,3,,6,22418,15.073,,,22418,,,,
Maharashtra,2017,21-02-2017, ,0,Mumbai City,BRIHAN MUMBAI,MC,6,210,PRABHAG NO 210 ,,,VENGURLEKAR POONAM RAGHUNATH,,,,,,,11633,Maharashtra Navnirman Sena,MNS,,671,4,,6,22418,2.993,,,22418,,,,
Maharashtra,2017,21-02-2017, ,0,Mumbai City,BRIHAN MUMBAI,MC,6,210,PRABHAG NO 210 ,,,PAWAR SRUSHTI PRAVIN,,,,,,,16651,Bahujan Samaj Party,BSP,,334,5,,6,22418,1.49,,,22418,,,,
Maharashtra,2017,21-02-2017, ,0,Mumbai City,BRIHAN MUMBAI,MC,6,210,PRABHAG NO 210 ,,,SATHE SWATI DILIP,,,,,,,5792,Nationalist Congress Party,NCP,,311,6,,6,22418,1.387,,,22418,,,,
Maharashtra,2017,21-02-2017, ,0,Mumbai City,BRIHAN MUMBAI,MC,6,210,PRABHAG NO 210 ,,,NOTA,,,,,,,u10003,,,,807,7,,6,22418,3.6,,,22418,,,,
Maharashtra,2017,21-02-2017, ,0,Mumbai City,BRIHAN MUMBAI,MC,6,211,PRABHAG NO 211 ,,,Shaikh Rais Kasam,,,,,,,7425,Samajwadi Party,SP,,9455,1,,6,21772,43.427,,,21772,,,,
Maharashtra,2017,21-02-2017, ,0,Mumbai City,BRIHAN MUMBAI,MC,6,211,PRABHAG NO 211 ,,,KHAN MASIRAH AIJAZAHMED,,,,,,,1605,Indian National Congress,BJP,,7081,2,,6,21772,32.523,,,21772,,,,
Maharashtra,2017,21-02-2017, ,0,Mumbai City,BRIHAN MUMBAI,MC,6,211,PRABHAG NO 211 ,,,Qureshi MohammedAdil MobinAhmed,,,,,,,706,All India Majlis e Ittehadul Muslimeen,AIMIM,,3420,3,,6,21772,15.708,,,21772,,,,
Maharashtra,2017,21-02-2017, ,0,Mumbai City,BRIHAN MUMBAI,MC,6,211,PRABHAG NO 211 ,,,Lokhande Rohidas Madhukar,,,,,,,1605,Bhartiya Janata Party,BJP,,761,4,,6,21772,3.495,,,21772,,,,
Maharashtra,2017,21-02-2017, ,0,Mumbai City,BRIHAN MUMBAI,MC,6,211,PRABHAG NO 211 ,,,Rahate Rohit Shridhar,,,,,,,18691,Shivsena,SHS,,714,5,,6,21772,3.279,,,21772,,,,
Maharashtra,2017,21-02-2017, ,0,Mumbai City,BRIHAN MUMBAI,MC,6,211,PRABHAG NO 211 ,,,ANSARI AYAZAHMED ABDULRASHID,,,,,,,10809,Independent,IND,,124,6,,6,21772,0.57,,,21772,,,,
Maharashtra,2017,21-02-2017, ,0,Mumbai City,BRIHAN MUMBAI,MC,6,211,PRABHAG NO 211 ,,,NOTA,,,,,,,u10003,,,,217,7,,6,21772,0.997,,,21772,,,,
Maharashtra,2017,21-02-2017, ,0,Mumbai City,BRIHAN MUMBAI,MC,6,212,PRABHAG NO 212 ,,,GAVLI GEETA AJAY,,,,,,,8690,Akhil Bharatiya Sena,ABHS,,9028,1,,6,20988,43.015,,,20988,,,,
Maharashtra,2017,21-02-2017, ,0,Mumbai City,BRIHAN MUMBAI,MC,6,212,PRABHAG NO 212 ,,,Siddique Nazia MohammadAshfaque,,,,,,,1605,Indian National Congress,BJP,,5709,2,,6,20988,27.201,,,20988,,,,
Maharashtra,2017,21-02-2017, ,0,Mumbai City,BRIHAN MUMBAI,MC,6,212,PRABHAG NO 212 ,,,Saigaonkar Sonal Ajay,,,,,,,18691,Shivsena,SHS,,2148,3,,6,20988,10.234,,,20988,,,,
Maharashtra,2017,21-02-2017, ,0,Mumbai City,BRIHAN MUMBAI,MC,6,212,PRABHAG NO 212 ,,,Chawdhary Noorsaba MohammedYusuf,,,,,,,706,All India Majlis e Ittehadul Muslimeen,AIMIM,,1918,4,,6,20988,9.139,,,20988,,,,
Maharashtra,2017,21-02-2017, ,0,Mumbai City,BRIHAN MUMBAI,MC,6,212,PRABHAG NO 212 ,,,KHAMKAR MANDAKINI MANSING,,,,,,,1605,Bhartiya Janata Party,BJP,,1124,5,,6,20988,5.355,,,20988,,,,
Maharashtra,2017,21-02-2017, ,0,Mumbai City,BRIHAN MUMBAI,MC,6,212,PRABHAG NO 212 ,,,MOMIN RUKHSANA MOHAMMEDSAEED,,,,,,,7425,Samajwadi Party,SP,,771,6,,6,20988,3.674,,,20988,,,,
Maharashtra,2017,21-02-2017, ,0,Mumbai City,BRIHAN MUMBAI,MC,6,212,PRABHAG NO 212 ,,,NOTA,,,,,,,u10003,,,,290,7,,6,20988,1.382,,,20988,,,,
Maharashtra,2017,21-02-2017, ,0,Mumbai City,BRIHAN MUMBAI,MC,6,213,PRABHAG NO 213 ,,,Juneja Javed Ibrahim,,,,,,,1605,Indian National Congress,BJP,,7205,1,,15,23372,30.827,,,23372,,,,
Maharashtra,2017,21-02-2017, ,0,Mumbai City,BRIHAN MUMBAI,MC,6,213,PRABHAG NO 213 ,,,KADAM SUNIL DIGAMBER,,,,,,,18691,Shivsena,SHS,,5293,2,,15,23372,22.647,,,23372,,,,
Maharashtra,2017,21-02-2017, ,0,Mumbai City,BRIHAN MUMBAI,MC,6,213,PRABHAG NO 213 ,,,Syed Wasim Masood,,,,,,,7425,Samajwadi Party,SP,,4338,3,,15,23372,18.561,,,23372,,,,
Maharashtra,2017,21-02-2017, ,0,Mumbai City,BRIHAN MUMBAI,MC,6,213,PRABHAG NO 213 ,,,TRIPATHI VINAYKUMAR DINANATH,,,,,,,1605,Bhartiya Janata Party,BJP,,2158,4,,15,23372,9.233,,,23372,,,,
Maharashtra,2017,21-02-2017, ,0,Mumbai City,BRIHAN MUMBAI,MC,6,213,PRABHAG NO 213 ,,,Rayeen MohdNoman RayeenNizamuddin,,,,,,,706,All India Majlis e Ittehadul Muslimeen,AIMIM,,2112,5,,15,23372,9.036,,,23372,,,,
Maharashtra,2017,21-02-2017, ,0,Mumbai City,BRIHAN MUMBAI,MC,6,213,PRABHAG NO 213 ,,,RAPELLI RAMESH BALAYYA,,,,,,,10809,Independent,IND,,928,6,,15,23372,3.971,,,23372,,,,
Maharashtra,2017,21-02-2017, ,0,Mumbai City,BRIHAN MUMBAI,MC,6,213,PRABHAG NO 213 ,,,ARGILE VINOD PARSHURAM,,,,,,,11633,Maharashtra Navnirman Sena,MNS,,547,7,,15,23372,2.34,,,23372,,,,
Maharashtra,2017,21-02-2017, ,0,Mumbai City,BRIHAN MUMBAI,MC,6,213,PRABHAG NO 213 ,,,BANIYA RAJESH RAMCHANDRA,,,,,,,5792,Nationalist Congress Party,NCP,,327,8,,15,23372,1.399,,,23372,,,,
Maharashtra,2017,21-02-2017, ,0,Mumbai City,BRIHAN MUMBAI,MC,6,213,PRABHAG NO 213 ,,,DIWAR SACHIN MANOHAR,,,,,,,12285,Republican Party of India (A),RPI(A),,117,9,,15,23372,0.501,,,23372,,,,
Maharashtra,2017,21-02-2017, ,0,Mumbai City,BRIHAN MUMBAI,MC,6,213,PRABHAG NO 213 ,,,Shahu Santosh Gendalal,,,,,,,10809,Independent,IND,,59,10,,15,23372,0.252,,,23372,,,,
Maharashtra,2017,21-02-2017, ,0,Mumbai City,BRIHAN MUMBAI,MC,6,213,PRABHAG NO 213 ,,,KHAN NAJIR HAMEED,,,,,,,3952,Indian Union Muslim League,IUML,,40,11,,15,23372,0.171,,,23372,,,,
Maharashtra,2017,21-02-2017, ,0,Mumbai City,BRIHAN MUMBAI,MC,6,213,PRABHAG NO 213 ,,,Shaikh AbdulKalam FakirMohammad,,,,,,,5995,Peace Party,PECP,,40,12,,15,23372,0.171,,,23372,,,,
Maharashtra,2017,21-02-2017, ,0,Mumbai City,BRIHAN MUMBAI,MC,6,213,PRABHAG NO 213 ,,,Kazi Yawarali Yusufal,,,,,,,10809,Independent,IND,,38,13,,15,23372,0.163,,,23372,,,,
Maharashtra,2017,21-02-2017, ,0,Mumbai City,BRIHAN MUMBAI,MC,6,213,PRABHAG NO 213 ,,,ANSARI MOHDNAEEM ZAINULABDIN,,,,,,,10809,Independent,IND,,25,14,,15,23372,0.107,,,23372,,,,
Maharashtra,2017,21-02-2017, ,0,Mumbai City,BRIHAN MUMBAI,MC,6,213,PRABHAG NO 213 ,,,TAMANG SEEMLA BEEMBAHADUR,,,,,,,10979,Janata Dal Secular,JD(S),,19,15,,15,23372,0.081,,,23372,,,,
Maharashtra,2017,21-02-2017, ,0,Mumbai City,BRIHAN MUMBAI,MC,6,213,PRABHAG NO 213 ,,,NOTA,,,,,,,u10003,,,,126,16,,15,23372,0.539,,,23372,,,,
Maharashtra,2017,21-02-2017, ,0,Mumbai City,BRIHAN MUMBAI,MC,6,214,PRABHAG NO 214 ,,,PATIL SARITA AJAY,,,,,,,1605,Bhartiya Janata Party,BJP,,13859,1,,9,26436,52.425,,,26436,,,,
Maharashtra,2017,21-02-2017, ,0,Mumbai City,BRIHAN MUMBAI,MC,6,214,PRABHAG NO 214 ,,,Bane Arvind Jagannnath,,,,,,,18691,Shivsena,SHS,,8393,2,,9,26436,31.748,,,26436,,,,
Maharashtra,2017,21-02-2017, ,0,Mumbai City,BRIHAN MUMBAI,MC,6,214,PRABHAG NO 214 ,,,SHAH KAUSHIK JASVANTRAI,,,,,,,1605,Indian National Congress,BJP,,2668,3,,9,26436,10.092,,,26436,,,,
Maharashtra,2017,21-02-2017, ,0,Mumbai City,BRIHAN MUMBAI,MC,6,214,PRABHAG NO 214 ,,,Naik Dhanraj Sahadev,,,,,,,11633,Maharashtra Navnirman Sena,MNS,,460,4,,9,26436,1.74,,,26436,,,,
Maharashtra,2017,21-02-2017, ,0,Mumbai City,BRIHAN MUMBAI,MC,6,214,PRABHAG NO 214 ,,,Rokade Amool Shivaji,,,,,,,10809,Independent,IND,,207,5,,9,26436,0.783,,,26436,,,,
Maharashtra,2017,21-02-2017, ,0,Mumbai City,BRIHAN MUMBAI,MC,6,214,PRABHAG NO 214 ,,,Prabhoo Tushar Bhaskar,,,,,,,10809,Independent,IND,,198,6,,9,26436,0.749,,,26436,,,,
Maharashtra,2017,21-02-2017, ,0,Mumbai City,BRIHAN MUMBAI,MC,6,214,PRABHAG NO 214 ,,,Kamble Shobha Arvind,,,,,,,10809,Independent,IND,,60,7,,9,26436,0.227,,,26436,,,,
Maharashtra,2017,21-02-2017, ,0,Mumbai City,BRIHAN MUMBAI,MC,6,214,PRABHAG NO 214 ,,,SHINDE RAJESH JOTIRAM,,,,,,,10809,Independent,IND,,36,8,,9,26436,0.136,,,26436,,,,
Maharashtra,2017,21-02-2017, ,0,Mumbai City,BRIHAN MUMBAI,MC,6,214,PRABHAG NO 214 ,,,SONAWANE SHANKAR GANGADHAR,,,,,,,10809,Independent,IND,,19,9,,9,26436,0.072,,,26436,,,,
Maharashtra,2017,21-02-2017, ,0,Mumbai City,BRIHAN MUMBAI,MC,6,214,PRABHAG NO 214 ,,,NOTA,,,,,,,u10003,,,,536,10,,9,26436,2.028,,,26436,,,,
Maharashtra,2017,21-02-2017, ,0,Mumbai City,BRIHAN MUMBAI,MC,6,215,PRABHAG NO 215 ,,,Dudhwadkar Arundhati Arvind,,,,,,,18691,Shivsena,SHS,,10215,1,,6,24251,42.122,,,24251,,,,
Maharashtra,2017,21-02-2017, ,0,Mumbai City,BRIHAN MUMBAI,MC,6,215,PRABHAG NO 215 ,,,Manjrekar Shweta Rupesh,,,,,,,1605,Bhartiya Janata Party,BJP,,9800,2,,6,24251,40.411,,,24251,,,,
Maharashtra,2017,21-02-2017, ,0,Mumbai City,BRIHAN MUMBAI,MC,6,215,PRABHAG NO 215 ,,,MAHIDA LALITA BIPIN,,,,,,,1605,Indian National Congress,BJP,,2765,3,,6,24251,11.402,,,24251,,,,
Maharashtra,2017,21-02-2017, ,0,Mumbai City,BRIHAN MUMBAI,MC,6,215,PRABHAG NO 215 ,,,Babar Saroj Satish,,,,,,,11633,Maharashtra Navnirman Sena,MNS,,831,4,,6,24251,3.427,,,24251,,,,
Maharashtra,2017,21-02-2017, ,0,Mumbai City,BRIHAN MUMBAI,MC,6,215,PRABHAG NO 215 ,,,Dharia Nisha Gautam,,,,,,,7425,Samajwadi Party,SP,,154,5,,6,24251,0.635,,,24251,,,,
Maharashtra,2017,21-02-2017, ,0,Mumbai City,BRIHAN MUMBAI,MC,6,215,PRABHAG NO 215 ,,,Rathod Shanta Premji,,,,,,,10809,Independent,IND,,63,6,,6,24251,0.26,,,24251,,,,
Maharashtra,2017,21-02-2017, ,0,Mumbai City,BRIHAN MUMBAI,MC,6,215,PRABHAG NO 215 ,,,NOTA,,,,,,,u10003,,,,423,7,,6,24251,1.744,,,24251,,,,
Maharashtra,2017,21-02-2017, ,0,Mumbai City,BRIHAN MUMBAI,MC,6,216,PRABHAG NO 216 ,,,NARWANKAR RAJENDRA DATTATRAYA,,,,,,,1605,Indian National Congress,BJP,,8541,1,,6,21325,40.052,,,21325,,,,
Maharashtra,2017,21-02-2017, ,0,Mumbai City,BRIHAN MUMBAI,MC,6,216,PRABHAG NO 216 ,,,NAIK RAMESH SHRIRAM,,,,,,,1605,Bhartiya Janata Party,BJP,,5125,2,,6,21325,24.033,,,21325,,,,
Maharashtra,2017,21-02-2017, ,0,Mumbai City,BRIHAN MUMBAI,MC,6,216,PRABHAG NO 216 ,,,AVALEGAONKAR RAJESH VASNAT,,,,,,,18691,Shivsena,SHS,,2749,3,,6,21325,12.891,,,21325,,,,
Maharashtra,2017,21-02-2017, ,0,Mumbai City,BRIHAN MUMBAI,MC,6,216,PRABHAG NO 216 ,,,Qureshi Nasir Muhammadiqbal,,,,,,,706,All India Majlis e Ittehadul Muslimeen,AIMIM,,2597,4,,6,21325,12.178,,,21325,,,,
Maharashtra,2017,21-02-2017, ,0,Mumbai City,BRIHAN MUMBAI,MC,6,216,PRABHAG NO 216 ,,,SANAP SUNNY RAVINDRA,,,,,,,11633,Maharashtra Navnirman Sena,MNS,,1137,5,,6,21325,5.332,,,21325,,,,
Maharashtra,2017,21-02-2017, ,0,Mumbai City,BRIHAN MUMBAI,MC,6,216,PRABHAG NO 216 ,,,PALVE SUNIL KARBHARI,,,,,,,5792,Nationalist Congress Party,NCP,,903,6,,6,21325,4.234,,,21325,,,,
Maharashtra,2017,21-02-2017, ,0,Mumbai City,BRIHAN MUMBAI,MC,6,216,PRABHAG NO 216 ,,,NOTA,,,,,,,u10003,,,,273,7,,6,21325,1.28,,,21325,,,,
Maharashtra,2017,21-02-2017, ,0,Mumbai City,BRIHAN MUMBAI,MC,6,217,PRABHAG NO 217 ,,,Patel Minal Ruchit,,,,,,,1605,Bhartiya Janata Party,BJP,,13623,1,,4,25039,54.407,,,25039,,,,
Maharashtra,2017,21-02-2017, ,0,Mumbai City,BRIHAN MUMBAI,MC,6,217,PRABHAG NO 217 ,,,Salekar Yugandhara Yashwant,,,,,,,18691,Shivsena,SHS,,6282,2,,4,25039,25.089,,,25039,,,,
Maharashtra,2017,21-02-2017, ,0,Mumbai City,BRIHAN MUMBAI,MC,6,217,PRABHAG NO 217 ,,,Patel Manisha Yogesh,,,,,,,1605,Indian National Congress,BJP,,3249,3,,4,25039,12.976,,,25039,,,,
Maharashtra,2017,21-02-2017, ,0,Mumbai City,BRIHAN MUMBAI,MC,6,217,PRABHAG NO 217 ,,,Avhad Chandrika Trimbak,,,,,,,11633,Maharashtra Navnirman Sena,MNS,,1230,4,,4,25039,4.912,,,25039,,,,
Maharashtra,2017,21-02-2017, ,0,Mumbai City,BRIHAN MUMBAI,MC,6,217,PRABHAG NO 217 ,,,NOTA,,,,,,,u10003,,,,655,5,,4,25039,2.616,,,25039,,,,
Maharashtra,2017,21-02-2017, ,0,Mumbai City,BRIHAN MUMBAI,MC,6,218,PRABHAG NO 218 ,,,Potdar Anuradha Vijay,,,,,,,1605,Bhartiya Janata Party,BJP,,15289,1,,4,28565,53.524,,,28565,,,,
Maharashtra,2017,21-02-2017, ,0,Mumbai City,BRIHAN MUMBAI,MC,6,218,PRABHAG NO 218 ,,,Juwatkar Minal Pravin,,,,,,,18691,Shivsena,SHS,,9894,2,,4,28565,34.637,,,28565,,,,
Maharashtra,2017,21-02-2017, ,0,Mumbai City,BRIHAN MUMBAI,MC,6,218,PRABHAG NO 218 ,,,HIRLEKAR SUMITRA MAHESH,,,,,,,11633,Maharashtra Navnirman Sena,MNS,,1527,3,,4,28565,5.346,,,28565,,,,
Maharashtra,2017,21-02-2017, ,0,Mumbai City,BRIHAN MUMBAI,MC,6,218,PRABHAG NO 218 ,,,Tupat Vaishali Suresh,,,,,,,1605,Indian National Congress,BJP,,1253,4,,4,28565,4.386,,,28565,,,,
Maharashtra,2017,21-02-2017, ,0,Mumbai City,BRIHAN MUMBAI,MC,6,218,PRABHAG NO 218 ,,,NOTA,,,,,,,u10003,,,,602,5,,4,28565,2.107,,,28565,,,,
Maharashtra,2017,21-02-2017, ,0,Mumbai City,BRIHAN MUMBAI,MC,6,219,PRABHAG NO 219 ,,,Mehta Jyotsna Devesh,,,,,,,1605,Bhartiya Janata Party,BJP,,15361,1,,4,25569,60.077,,,25569,,,,
Maharashtra,2017,21-02-2017, ,0,Mumbai City,BRIHAN MUMBAI,MC,6,219,PRABHAG NO 219 ,,,MANDREKAR PRITI PRAMOD,,,,,,,1605,Indian National Congress,BJP,,5456,2,,4,25569,21.338,,,25569,,,,
Maharashtra,2017,21-02-2017, ,0,Mumbai City,BRIHAN MUMBAI,MC,6,219,PRABHAG NO 219 ,,,Shinde Durga Kiran,,,,,,,18691,Shivsena,SHS,,4095,3,,4,25569,16.015,,,25569,,,,
Maharashtra,2017,21-02-2017, ,0,Mumbai City,BRIHAN MUMBAI,MC,6,219,PRABHAG NO 219 ,,,Kamble Parul Rajendra,,,,,,,5792,Nationalist Congress Party,NCP,,111,4,,4,25569,0.434,,,25569,,,,
Maharashtra,2017,21-02-2017, ,0,Mumbai City,BRIHAN MUMBAI,MC,6,219,PRABHAG NO 219 ,,,NOTA,,,,,,,u10003,,,,546,5,,4,25569,2.135,,,25569,,,,
Maharashtra,2017,21-02-2017, ,0,Mumbai City,BRIHAN MUMBAI,MC,6,220,PRABHAG NO 220 ,,,SHAH ATUL HASMUKHLAL,,,,,,,1605,Bhartiya Janata Party,BJP,,5946,1,,10,22389,26.558,,,22389,,,,
Maharashtra,2017,21-02-2017, ,0,Mumbai City,BRIHAN MUMBAI,MC,6,220,PRABHAG NO 220 ,,,Bagalkar Surendra Ramkrishna,,,,,,,18691,Shivsena,SHS,,5946,2,,10,22389,26.558,,,22389,,,,
Maharashtra,2017,21-02-2017, ,0,Mumbai City,BRIHAN MUMBAI,MC,6,220,PRABHAG NO 220 ,,,SHETH NARESHBHAI RAKSHANJI,,,,,,,1605,Indian National Congress,BJP,,5358,3,,10,22389,23.931,,,22389,,,,
Maharashtra,2017,21-02-2017, ,0,Mumbai City,BRIHAN MUMBAI,MC,6,220,PRABHAG NO 220 ,,,Shaikh Zeeshan Hamid,,,,,,,706,All India Majlis e Ittehadul Muslimeen,AIMIM,,1257,4,,10,22389,5.614,,,22389,,,,
Maharashtra,2017,21-02-2017, ,0,Mumbai City,BRIHAN MUMBAI,MC,6,220,PRABHAG NO 220 ,,,KHANDKE RUPESH MAHENDRA,,,,,,,5792,Nationalist Congress Party,NCP,,971,5,,10,22389,4.337,,,22389,,,,
Maharashtra,2017,21-02-2017, ,0,Mumbai City,BRIHAN MUMBAI,MC,6,220,PRABHAG NO 220 ,,,ELECTRICWALA HUZAIFA ISMAIL,,,,,,,7425,Samajwadi Party,SP,,923,6,,10,22389,4.123,,,22389,,,,
Maharashtra,2017,21-02-2017, ,0,Mumbai City,BRIHAN MUMBAI,MC,6,220,PRABHAG NO 220 ,,,BOOTWALA ZOEB AHMEDALI,,,,,,,10809,Independent,IND,,789,7,,10,22389,3.524,,,22389,,,,
Maharashtra,2017,21-02-2017, ,0,Mumbai City,BRIHAN MUMBAI,MC,6,220,PRABHAG NO 220 ,,,MULAY KESHAV RAMESH,,,,,,,11633,Maharashtra Navnirman Sena,MNS,,752,8,,10,22389,3.359,,,22389,,,,
Maharashtra,2017,21-02-2017, ,0,Mumbai City,BRIHAN MUMBAI,MC,6,220,PRABHAG NO 220 ,,,rangwala yusufi taher,,,,,,,10809,Independent,IND,,68,9,,10,22389,0.304,,,22389,,,,
Maharashtra,2017,21-02-2017, ,0,Mumbai City,BRIHAN MUMBAI,MC,6,220,PRABHAG NO 220 ,,,SHETH MONA RAJ,,,,,,,8690,Akhil Bharatiya Sena,ABHS,,51,10,,10,22389,0.228,,,22389,,,,
Maharashtra,2017,21-02-2017, ,0,Mumbai City,BRIHAN MUMBAI,MC,6,220,PRABHAG NO 220 ,,,NOTA,,,,,,,u10003,,,,328,11,,10,22389,1.465,,,22389,,,,
Maharashtra,2017,21-02-2017, ,0,Mumbai City,BRIHAN MUMBAI,MC,6,221,PRABHAG NO 221 ,,,PUROHIT AKASH RAJ,,,,,,,1605,Bhartiya Janata Party,BJP,,6722,1,,16,20842,32.252,,,20842,,,,
Maharashtra,2017,21-02-2017, ,0,Mumbai City,BRIHAN MUMBAI,MC,6,221,PRABHAG NO 221 ,,,SANGHVI JANAK JITENDRA,,,,,,,1605,Indian National Congress,BJP,,4853,2,,16,20842,23.285,,,20842,,,,
Maharashtra,2017,21-02-2017, ,0,Mumbai City,BRIHAN MUMBAI,MC,6,221,PRABHAG NO 221 ,,,SHAIKH NISARAHMED CHAND,,,,,,,706,All India Majlis e Ittehadul Muslimeen,AIMIM,,4091,3,,16,20842,19.629,,,20842,,,,
Maharashtra,2017,21-02-2017, ,0,Mumbai City,BRIHAN MUMBAI,MC,6,221,PRABHAG NO 221 ,,,rawal kanhaiyalal himmatram,,,,,,,18691,Shivsena,SHS,,3515,4,,16,20842,16.865,,,20842,,,,
Maharashtra,2017,21-02-2017, ,0,Mumbai City,BRIHAN MUMBAI,MC,6,221,PRABHAG NO 221 ,,,Pansare Mahendra Jaysingh,,,,,,,5792,Nationalist Congress Party,NCP,,793,5,,16,20842,3.805,,,20842,,,,
Maharashtra,2017,21-02-2017, ,0,Mumbai City,BRIHAN MUMBAI,MC,6,221,PRABHAG NO 221 ,,,SORATHIA MOHAMMEDRAMZAN SHAIKHMOHAMMED,,,,,,,7425,Samajwadi Party,SP,,339,6,,16,20842,1.627,,,20842,,,,
Maharashtra,2017,21-02-2017, ,0,Mumbai City,BRIHAN MUMBAI,MC,6,221,PRABHAG NO 221 ,,,Dutta Ranjeet Harendra,,,,,,,10809,Independent,IND,,110,7,,16,20842,0.528,,,20842,,,,
Maharashtra,2017,21-02-2017, ,0,Mumbai City,BRIHAN MUMBAI,MC,6,221,PRABHAG NO 221 ,,,pashte pravin arjuna,,पाष्टे प्रविण अर्जुन,,,,,11633,Maharashtra Navnirman Sena,MNS,,54,8,,16,20842,0.259,,,20842,,,,
Maharashtra,2017,21-02-2017, ,0,Mumbai City,BRIHAN MUMBAI,MC,6,221,PRABHAG NO 221 ,,,QURESHI YAMEEN BASHIR,,,,,,,10809,Independent,IND,,42,9,,16,20842,0.202,,,20842,,,,
Maharashtra,2017,21-02-2017, ,0,Mumbai City,BRIHAN MUMBAI,MC,6,221,PRABHAG NO 221 ,,,shaikh abdullatif abdulkadar,,,,,,,10809,Independent,IND,,25,10,,16,20842,0.12,,,20842,,,,
Maharashtra,2017,21-02-2017, ,0,Mumbai City,BRIHAN MUMBAI,MC,6,221,PRABHAG NO 221 ,,,BANARASWALA FAISAL YUSUF,,,,,,,10809,Independent,IND,,21,11,,16,20842,0.101,,,20842,,,,
Maharashtra,2017,21-02-2017, ,0,Mumbai City,BRIHAN MUMBAI,MC,6,221,PRABHAG NO 221 ,,,rangrej mateenahmed niyajahamad,,,,,,,10809,Independent,IND,,19,12,,16,20842,0.091,,,20842,,,,
Maharashtra,2017,21-02-2017, ,0,Mumbai City,BRIHAN MUMBAI,MC,6,221,PRABHAG NO 221 ,,,Tanna Pravin Girdharlal,,,,,,,10809,Independent,IND,,16,13,,16,20842,0.077,,,20842,,,,
Maharashtra,2017,21-02-2017, ,0,Mumbai City,BRIHAN MUMBAI,MC,6,221,PRABHAG NO 221 ,,,KHAN MOHAMMEDUMER ABDULSAMAD,,,,,,,10809,Independent,IND,,16,14,,16,20842,0.077,,,20842,,,,
Maharashtra,2017,21-02-2017, ,0,Mumbai City,BRIHAN MUMBAI,MC,6,221,PRABHAG NO 221 ,,,Dhamnaskar Sudhir Dattatray,,,,,,,10809,Independent,IND,,13,15,,16,20842,0.062,,,20842,,,,
Maharashtra,2017,21-02-2017, ,0,Mumbai City,BRIHAN MUMBAI,MC,6,221,PRABHAG NO 221 ,,,Kazi Anwarali Yawarali,,,,,,,10809,Independent,IND,,11,16,,16,20842,0.053,,,20842,,,,
Maharashtra,2017,21-02-2017, ,0,Mumbai City,BRIHAN MUMBAI,MC,6,221,PRABHAG NO 221 ,,,NOTA,,,,,,,u10003,,,,202,17,,16,20842,0.969,,,20842,,,,
Maharashtra,2017,21-02-2017, ,0,Mumbai City,BRIHAN MUMBAI,MC,6,222,PRABHAG NO 222 ,,,MAKWANA RITA BHARAT,,,,,,,1605,Bhartiya Janata Party,BJP,,10365,1,,5,25058,41.364,,,25058,,,,
Maharashtra,2017,21-02-2017, ,0,Mumbai City,BRIHAN MUMBAI,MC,6,222,PRABHAG NO 222 ,,,kambli meena shekhar,,,,,,,18691,Shivsena,SHS,,8362,2,,5,25058,33.371,,,25058,,,,
Maharashtra,2017,21-02-2017, ,0,Mumbai City,BRIHAN MUMBAI,MC,6,222,PRABHAG NO 222 ,,,KHEDEKAR VINITI SADANAND,,,,,,,1605,Indian National Congress,BJP,,3231,3,,5,25058,12.894,,,25058,,,,
Maharashtra,2017,21-02-2017, ,0,Mumbai City,BRIHAN MUMBAI,MC,6,222,PRABHAG NO 222 ,,,GawanePatel Priti Shekhar,,,,,,,11633,Maharashtra Navnirman Sena,MNS,,1958,4,,5,25058,7.814,,,25058,,,,
Maharashtra,2017,21-02-2017, ,0,Mumbai City,BRIHAN MUMBAI,MC,6,222,PRABHAG NO 222 ,,,Choudhary Chandrakala Radheshyam,,,,,,,5792,Nationalist Congress Party,NCP,,490,5,,5,25058,1.955,,,25058,,,,
Maharashtra,2017,21-02-2017, ,0,Mumbai City,BRIHAN MUMBAI,MC,6,222,PRABHAG NO 222 ,,,NOTA,,,,,,,u10003,,,,652,6,,5,25058,2.602,,,25058,,,,
Maharashtra,2017,21-02-2017, ,0,Mumbai City,BRIHAN MUMBAI,MC,6,223,PRABHAG NO 223 ,,,NIKAM NIKITA DNYANRAJ,,,,,,,1605,Indian National Congress,BJP,,8634,1,,9,22085,39.094,,,22085,,,,
Maharashtra,2017,21-02-2017, ,0,Mumbai City,BRIHAN MUMBAI,MC,6,223,PRABHAG NO 223 ,,,mamidi Asha Parmesh,,,,,,,18691,Shivsena,SHS,,5442,2,,9,22085,24.641,,,22085,,,,
Maharashtra,2017,21-02-2017, ,0,Mumbai City,BRIHAN MUMBAI,MC,6,223,PRABHAG NO 223 ,,,ANSARI VAKARUNISA JAHID HUSSAIN,,,,,,,706,All India Majlis e Ittehadul Muslimeen,AIMIM,,4887,3,,9,22085,22.128,,,22085,,,,
Maharashtra,2017,21-02-2017, ,0,Mumbai City,BRIHAN MUMBAI,MC,6,223,PRABHAG NO 223 ,,,Shaikh NedaFathima ShahidAhmed,,,,,,,7425,Samajwadi Party,SP,,1376,4,,9,22085,6.23,,,22085,,,,
Maharashtra,2017,21-02-2017, ,0,Mumbai City,BRIHAN MUMBAI,MC,6,223,PRABHAG NO 223 ,,,BADHE SUREKHA PANDURANG,,,,,,,11633,Maharashtra Navnirman Sena,MNS,,793,5,,9,22085,3.591,,,22085,,,,
Maharashtra,2017,21-02-2017, ,0,Mumbai City,BRIHAN MUMBAI,MC,6,223,PRABHAG NO 223 ,,,Dossa Sharmeen Mohammed Irfan,,,,,,,5792,Nationalist Congress Party,NCP,,218,6,,9,22085,0.987,,,22085,,,,
Maharashtra,2017,21-02-2017, ,0,Mumbai City,BRIHAN MUMBAI,MC,6,223,PRABHAG NO 223 ,,,BHATTI ALMAS YASIN,,,,,,,10809,Independent,IND,,48,7,,9,22085,0.217,,,22085,,,,
Maharashtra,2017,21-02-2017, ,0,Mumbai City,BRIHAN MUMBAI,MC,6,223,PRABHAG NO 223 ,,,QADRI SHAMIM FAKHRUDDIN,,,,,,,10809,Independent,IND,,30,8,,9,22085,0.136,,,22085,,,,
Maharashtra,2017,21-02-2017, ,0,Mumbai City,BRIHAN MUMBAI,MC,6,223,PRABHAG NO 223 ,,,IDRISI RESHMA MOHAMMEDNABI,,,,,,,10809,Independent,IND,,26,9,,9,22085,0.118,,,22085,,,,
Maharashtra,2017,21-02-2017, ,0,Mumbai City,BRIHAN MUMBAI,MC,6,223,PRABHAG NO 223 ,,,NOTA,,,,,,,u10003,,,,631,10,,9,22085,2.857,,,22085,,,,
Maharashtra,2017,21-02-2017, ,0,Mumbai City,BRIHAN MUMBAI,MC,6,224,PRABHAG NO 224 ,,,Shaikh Afreen Javed,,,,,,,1605,Indian National Congress,BJP,,7681,1,,4,19482,39.426,,,19482,,,,
Maharashtra,2017,21-02-2017, ,0,Mumbai City,BRIHAN MUMBAI,MC,6,224,PRABHAG NO 224 ,,,Hafizi Tayeba Mohammed Jaffer,,,,,,,706,All India Majlis e Ittehadul Muslimeen,AIMIM,,5854,2,,4,19482,30.048,,,19482,,,,
Maharashtra,2017,21-02-2017, ,0,Mumbai City,BRIHAN MUMBAI,MC,6,224,PRABHAG NO 224 ,,,GAWADE SARLA RAMESH,,,,,,,1605,Bhartiya Janata Party,BJP,,3001,3,,4,19482,15.404,,,19482,,,,
Maharashtra,2017,21-02-2017, ,0,Mumbai City,BRIHAN MUMBAI,MC,6,224,PRABHAG NO 224 ,,,sakhare vijayashree shailendra,,,,,,,18691,Shivsena,SHS,,2605,4,,4,19482,13.371,,,19482,,,,
Maharashtra,2017,21-02-2017, ,0,Mumbai City,BRIHAN MUMBAI,MC,6,224,PRABHAG NO 224 ,,,NOTA,,,,,,,u10003,,,,341,5,,4,19482,1.75,,,19482,,,,
Maharashtra,2017,21-02-2017, ,0,Mumbai City,BRIHAN MUMBAI,MC,6,225,PRABHAG NO 225 ,,,sanap sujata digvijay,,,,,,,18691,Shivsena,SHS,,10388,1,,8,25619,40.548,,,25619,,,,
Maharashtra,2017,21-02-2017, ,0,Mumbai City,BRIHAN MUMBAI,MC,6,225,PRABHAG NO 225 ,,,THOKALE YOJANA VIRENDRA,,,,,,,1605,Bhartiya Janata Party,BJP,,6886,2,,8,25619,26.878,,,25619,,,,
Maharashtra,2017,21-02-2017, ,0,Mumbai City,BRIHAN MUMBAI,MC,6,225,PRABHAG NO 225 ,,,CHABUKSWAR ANJANA SURESH,,,,,,,1605,Indian National Congress,BJP,,5253,3,,8,25619,20.504,,,25619,,,,
Maharashtra,2017,21-02-2017, ,0,Mumbai City,BRIHAN MUMBAI,MC,6,225,PRABHAG NO 225 ,,,GANGAWANE VAISHALI SACHIN,,,,,,,11633,Maharashtra Navnirman Sena,MNS,,1165,4,,8,25619,4.547,,,25619,,,,
Maharashtra,2017,21-02-2017, ,0,Mumbai City,BRIHAN MUMBAI,MC,6,225,PRABHAG NO 225 ,,,Marchande Rohini Anant,,,,,,,10809,Independent,IND,,744,5,,8,25619,2.904,,,25619,,,,
Maharashtra,2017,21-02-2017, ,0,Mumbai City,BRIHAN MUMBAI,MC,6,225,PRABHAG NO 225 ,,,Jadhav Anmol Vijay,,,,,,,16651,Bahujan Samaj Party,BSP,,237,6,,8,25619,0.925,,,25619,,,,
Maharashtra,2017,21-02-2017, ,0,Mumbai City,BRIHAN MUMBAI,MC,6,225,PRABHAG NO 225 ,,,GAIKWAD SANJIVANI GULAB,,,,,,,1605,Indian National Congress,BJP,,210,7,,8,25619,0.82,,,25619,,,,
Maharashtra,2017,21-02-2017, ,0,Mumbai City,BRIHAN MUMBAI,MC,6,225,PRABHAG NO 225 ,,,Mane Rupa Mahipatrao,,,,,,,10809,Independent,IND,,150,8,,8,25619,0.586,,,25619,,,,
Maharashtra,2017,21-02-2017, ,0,Mumbai City,BRIHAN MUMBAI,MC,6,225,PRABHAG NO 225 ,,,NOTA,,,,,,,u10003,,,,586,9,,8,25619,2.287,,,25619,,,,
Maharashtra,2017,21-02-2017, ,0,Mumbai City,BRIHAN MUMBAI,MC,6,226,PRABHAG NO 226 ,,,NARWEKAR HARSHITA ASHWIN,,,,,,,1605,Bhartiya Janata Party,BJP,,11053,1,,10,24463,45.183,,,24463,,,,
Maharashtra,2017,21-02-2017, ,0,Mumbai City,BRIHAN MUMBAI,MC,6,226,PRABHAG NO 226 ,,,PAWLE SMITA KRISHNA,,,,,,,18691,Shivsena,SHS,,6852,2,,10,24463,28.01,,,24463,,,,
Maharashtra,2017,21-02-2017, ,0,Mumbai City,BRIHAN MUMBAI,MC,6,226,PRABHAG NO 226 ,,,Shekhar Sushama Vinod,,,,,,,1605,Indian National Congress,BJP,,3161,3,,10,24463,12.922,,,24463,,,,
Maharashtra,2017,21-02-2017, ,0,Mumbai City,BRIHAN MUMBAI,MC,6,226,PRABHAG NO 226 ,,,SINGH REKHA ASHISH,,,,,,,7425,Samajwadi Party,SP,,1287,4,,10,24463,5.261,,,24463,,,,
Maharashtra,2017,21-02-2017, ,0,Mumbai City,BRIHAN MUMBAI,MC,6,226,PRABHAG NO 226 ,,,TANDEL NILIMA VASUDEV,,,,,,,11633,Maharashtra Navnirman Sena,MNS,,969,5,,10,24463,3.961,,,24463,,,,
Maharashtra,2017,21-02-2017, ,0,Mumbai City,BRIHAN MUMBAI,MC,6,226,PRABHAG NO 226 ,,,Sayyd Shirin Nadim,,,,,,,5792,Nationalist Congress Party,NCP,,276,6,,10,24463,1.128,,,24463,,,,
Maharashtra,2017,21-02-2017, ,0,Mumbai City,BRIHAN MUMBAI,MC,6,226,PRABHAG NO 226 ,,,RATHOD SHOBHA RAMU,,,,,,,10809,Independent,IND,,147,7,,10,24463,0.601,,,24463,,,,
Maharashtra,2017,21-02-2017, ,0,Mumbai City,BRIHAN MUMBAI,MC,6,226,PRABHAG NO 226 ,,,Shaikh Rihanabegam Mohammad,,,,,,,16651,Bahujan Samaj Party,BSP,,132,8,,10,24463,0.54,,,24463,,,,
Maharashtra,2017,21-02-2017, ,0,Mumbai City,BRIHAN MUMBAI,MC,6,226,PRABHAG NO 226 ,,,Chavan Bharati Santosh,,,,,,,10809,Independent,IND,,122,9,,10,24463,0.499,,,24463,,,,
Maharashtra,2017,21-02-2017, ,0,Mumbai City,BRIHAN MUMBAI,MC,6,226,PRABHAG NO 226 ,,,Shah Sujata Anil,,,,,,,10809,Independent,IND,,112,10,,10,24463,0.458,,,24463,,,,
Maharashtra,2017,21-02-2017, ,0,Mumbai City,BRIHAN MUMBAI,MC,6,226,PRABHAG NO 226 ,,,NOTA,,,,,,,u10003,,,,352,11,,10,24463,1.439,,,24463,,,,
Maharashtra,2017,21-02-2017, ,0,Mumbai City,BRIHAN MUMBAI,MC,6,227,PRABHAG NO 227 ,,,Narwekar Makarand Suresh,,,,,,,1605,Bhartiya Janata Party,BJP,,6987,1,,11,12498,55.905,,,12498,,,,
Maharashtra,2017,21-02-2017, ,0,Mumbai City,BRIHAN MUMBAI,MC,6,227,PRABHAG NO 227 ,,,Rane Arvind Dattaram,,,,,,,18691,Shivsena,SHS,,1941,2,,11,12498,15.53,,,12498,,,,
Maharashtra,2017,21-02-2017, ,0,Mumbai City,BRIHAN MUMBAI,MC,6,227,PRABHAG NO 227 ,,,Doshi Puran Mohanlal,,,,,,,1605,Indian National Congress,BJP,,1720,3,,11,12498,13.762,,,12498,,,,
Maharashtra,2017,21-02-2017, ,0,Mumbai City,BRIHAN MUMBAI,MC,6,227,PRABHAG NO 227 ,,,PANDE ROHIT RAMAKANT,,,,,,,10809,Independent,IND,,1038,4,,11,12498,8.305,,,12498,,,,
Maharashtra,2017,21-02-2017, ,0,Mumbai City,BRIHAN MUMBAI,MC,6,227,PRABHAG NO 227 ,,,KOKATE SANJAY SHANKAR,,,,,,,5792,Nationalist Congress Party,NCP,,187,5,,11,12498,1.496,,,12498,,,,
Maharashtra,2017,21-02-2017, ,0,Mumbai City,BRIHAN MUMBAI,MC,6,227,PRABHAG NO 227 ,,,Gayakwad Vijaya Laxman,,,,,,,16651,Bahujan Samaj Party,BSP,,112,6,,11,12498,0.896,,,12498,,,,
Maharashtra,2017,21-02-2017, ,0,Mumbai City,BRIHAN MUMBAI,MC,6,227,PRABHAG NO 227 ,,,Vakil amir Ibrahim,,,,,,,706,All India Majlis e Ittehadul Muslimeen,AIMIM,,107,7,,11,12498,0.856,,,12498,,,,
Maharashtra,2017,21-02-2017, ,0,Mumbai City,BRIHAN MUMBAI,MC,6,227,PRABHAG NO 227 ,,,NARVEKAR VAIBHAV VASANT,,,,,,,10809,Independent,IND,,88,8,,11,12498,0.704,,,12498,,,,
Maharashtra,2017,21-02-2017, ,0,Mumbai City,BRIHAN MUMBAI,MC,6,227,PRABHAG NO 227 ,,,Chavan Vithal Chandibai,,,,,,,10979,Janata Dal Secular,JD(S),,50,9,,11,12498,0.4,,,12498,,,,
Maharashtra,2017,21-02-2017, ,0,Mumbai City,BRIHAN MUMBAI,MC,6,227,PRABHAG NO 227 ,,,Redkar Dhruv Pundalik,,,,,,,4941,Lokbharati,LB,,43,10,,11,12498,0.344,,,12498,,,,
Maharashtra,2017,21-02-2017, ,0,Mumbai City,BRIHAN MUMBAI,MC,6,227,PRABHAG NO 227 ,,,SINGH JEETENDRA AVADHNARAYAN,,,,,,,10809,Independent,IND,,15,11,,11,12498,0.12,,,12498,,,,
Maharashtra,2017,21-02-2017, ,0,Mumbai City,BRIHAN MUMBAI,MC,6,227,PRABHAG NO 227 ,,,NOTA,,,,,,,u10003,,,,210,12,,11,12498,1.68,,,12498,,,,
Maharashtra,2017,21-02-2017, ,0,Mumbai Suburban,BRIHAN MUMBAI,MC,7,1,PRABHAG NO 1 ,,,GHOSALKAR TEJASVEE ABHISHEK,,,,,,,18691,Shivsena,SHS,,4913,1,,11,14445,34.012,,,14445,,,,
Maharashtra,2017,21-02-2017, ,0,Mumbai Suburban,BRIHAN MUMBAI,MC,7,1,PRABHAG NO 1 ,,,YADAV REKHA RAMPRAKASH,,,,,,,10809,Independent,IND,,3089,2,,11,14445,21.385,,,14445,,,,
Maharashtra,2017,21-02-2017, ,0,Mumbai Suburban,BRIHAN MUMBAI,MC,7,1,PRABHAG NO 1 ,,,Mhatre Sheetal Ashok,,,,,,,1605,Indian National Congress,BJP,,2719,3,,11,14445,18.823,,,14445,,,,
Maharashtra,2017,21-02-2017, ,0,Mumbai Suburban,BRIHAN MUMBAI,MC,7,1,PRABHAG NO 1 ,,,Yadav Suchi Dinbandhu,,,,,,,1605,Bhartiya Janata Party,BJP,,2584,4,,11,14445,17.889,,,14445,,,,
Maharashtra,2017,21-02-2017, ,0,Mumbai Suburban,BRIHAN MUMBAI,MC,7,1,PRABHAG NO 1 ,,,CHAUDHARY KIRAN RAMPRATAP,,,,,,,10809,Independent,IND,,283,5,,11,14445,1.959,,,14445,,,,
Maharashtra,2017,21-02-2017, ,0,Mumbai Suburban,BRIHAN MUMBAI,MC,7,1,PRABHAG NO 1 ,,,wadekar jyoti baban,,,,,,,11633,Maharashtra Navnirman Sena,MNS,,179,6,,11,14445,1.239,,,14445,,,,
Maharashtra,2017,21-02-2017, ,0,Mumbai Suburban,BRIHAN MUMBAI,MC,7,1,PRABHAG NO 1 ,,,KUNCHIKORVE LAXMI SHANKAR,,,,,,,16651,Bahujan Samaj Party,BSP,,130,7,,11,14445,0.9,,,14445,,,,
Maharashtra,2017,21-02-2017, ,0,Mumbai Suburban,BRIHAN MUMBAI,MC,7,1,PRABHAG NO 1 ,,,MISHRA NISHA CHANDRAKANT,,,,,,,10809,Independent,IND,,127,8,,11,14445,0.879,,,14445,,,,
Maharashtra,2017,21-02-2017, ,0,Mumbai Suburban,BRIHAN MUMBAI,MC,7,1,PRABHAG NO 1 ,,,QUREISHI KAMRUNISHA ABDUL,,,,,,,7425,Samajwadi Party,SP,,101,9,,11,14445,0.699,,,14445,,,,
Maharashtra,2017,21-02-2017, ,0,Mumbai Suburban,BRIHAN MUMBAI,MC,7,1,PRABHAG NO 1 ,,,Salve Sangeeta Raviraj,,,,,,,10809,Independent,IND,,84,10,,11,14445,0.582,,,14445,,,,
Maharashtra,2017,21-02-2017, ,0,Mumbai Suburban,BRIHAN MUMBAI,MC,7,1,PRABHAG NO 1 ,,,pandey saritadevi vijay,,,,,,,5792,Nationalist Congress Party,NCP,,29,11,,11,14445,0.201,,,14445,,,,
Maharashtra,2017,21-02-2017, ,0,Mumbai Suburban,BRIHAN MUMBAI,MC,7,1,PRABHAG NO 1 ,,,NOTA,,,,,,,u10003,,,,207,12,,11,14445,1.433,,,14445,,,,
Maharashtra,2017,21-02-2017, ,0,Mumbai Suburban,BRIHAN MUMBAI,MC,7,2,PRABHAG NO 2 ,,,OZA JAGDISH KARUNASHANKAR,,,,,,,1605,Bhartiya Janata Party,BJP,,10719,1,,10,22163,48.364,,,22163,,,,
Maharashtra,2017,21-02-2017, ,0,Mumbai Suburban,BRIHAN MUMBAI,MC,7,2,PRABHAG NO 2 ,,,MHATRE BHALCHANDRA CHINTAMAN,,,,,,,18691,Shivsena,SHS,,7924,2,,10,22163,35.753,,,22163,,,,
Maharashtra,2017,21-02-2017, ,0,Mumbai Suburban,BRIHAN MUMBAI,MC,7,2,PRABHAG NO 2 ,,,BHAWAR JAGMOHAN KUMAWAT,,,,,,,1605,Indian National Congress,BJP,,1768,3,,10,22163,7.977,,,22163,,,,
Maharashtra,2017,21-02-2017, ,0,Mumbai Suburban,BRIHAN MUMBAI,MC,7,2,PRABHAG NO 2 ,,,Utekar Shailesh Krishna,,,,,,,11633,Maharashtra Navnirman Sena,MNS,,814,4,,10,22163,3.673,,,22163,,,,
Maharashtra,2017,21-02-2017, ,0,Mumbai Suburban,BRIHAN MUMBAI,MC,7,2,PRABHAG NO 2 ,,,Naik Dattaram Govind,,,,,,,10809,Independent,IND,,164,5,,10,22163,0.74,,,22163,,,,
Maharashtra,2017,21-02-2017, ,0,Mumbai Suburban,BRIHAN MUMBAI,MC,7,2,PRABHAG NO 2 ,,,Ashar hemendra parmanand,,,,,,,10809,Independent,IND,,129,6,,10,22163,0.582,,,22163,,,,
Maharashtra,2017,21-02-2017, ,0,Mumbai Suburban,BRIHAN MUMBAI,MC,7,2,PRABHAG NO 2 ,,,TIWARI SURENDRA VINAY,,,,,,,12285,Republican Party of India (A),RPI(A),,123,7,,10,22163,0.555,,,22163,,,,
Maharashtra,2017,21-02-2017, ,0,Mumbai Suburban,BRIHAN MUMBAI,MC,7,2,PRABHAG NO 2 ,,,Sawant Girish Jagannath,,,,,,,5792,Nationalist Congress Party,NCP,,92,8,,10,22163,0.415,,,22163,,,,
Maharashtra,2017,21-02-2017, ,0,Mumbai Suburban,BRIHAN MUMBAI,MC,7,2,PRABHAG NO 2 ,,,prasad somjee anugrah,,,,,,,16651,Bahujan Samaj Party,BSP,,51,9,,10,22163,0.23,,,22163,,,,
Maharashtra,2017,21-02-2017, ,0,Mumbai Suburban,BRIHAN MUMBAI,MC,7,2,PRABHAG NO 2 ,,,vakode mahesh chandrakant,,,,,,,10809,Independent,IND,,30,10,,10,22163,0.135,,,22163,,,,
Maharashtra,2017,21-02-2017, ,0,Mumbai Suburban,BRIHAN MUMBAI,MC,7,2,PRABHAG NO 2 ,,,NOTA,,,,,,,u10003,,,,349,11,,10,22163,1.575,,,22163,,,,
Maharashtra,2017,21-02-2017, ,0,Mumbai Suburban,BRIHAN MUMBAI,MC,7,3,PRABHAG NO 3 ,,,BRID BALKRISHNA JAYSING,,,,,,,18691,Shivsena,SHS,,5193,1,,21,23656,21.952,,,23656,,,,
Maharashtra,2017,21-02-2017, ,0,Mumbai Suburban,BRIHAN MUMBAI,MC,7,3,PRABHAG NO 3 ,,,CHAUBE ABHAYKUMAR RAJENDRAPRASAD,,,,,,,1605,Indian National Congress,BJP,,4965,2,,21,23656,20.988,,,23656,,,,
Maharashtra,2017,21-02-2017, ,0,Mumbai Suburban,BRIHAN MUMBAI,MC,7,3,PRABHAG NO 3 ,,,BHALEGHARE SAGAR LAXMAN,,,,,,,1605,Bhartiya Janata Party,BJP,,3626,3,,21,23656,15.328,,,23656,,,,
Maharashtra,2017,21-02-2017, ,0,Mumbai Suburban,BRIHAN MUMBAI,MC,7,3,PRABHAG NO 3 ,,,AMBORE RAMESH NAGU,,,,,,,11633,Maharashtra Navnirman Sena,MNS,,3554,4,,21,23656,15.024,,,23656,,,,
Maharashtra,2017,21-02-2017, ,0,Mumbai Suburban,BRIHAN MUMBAI,MC,7,3,PRABHAG NO 3 ,,,GUPTA CHAUTHIPRASAD SHOBHNATH,,,,,,,1605,Indian National Congress,BJP,,2363,5,,21,23656,9.989,,,23656,,,,
Maharashtra,2017,21-02-2017, ,0,Mumbai Suburban,BRIHAN MUMBAI,MC,7,3,PRABHAG NO 3 ,,,Yadav Suryabali Kailash,,,,,,,7425,Samajwadi Party,SP,,620,6,,21,23656,2.621,,,23656,,,,
Maharashtra,2017,21-02-2017, ,0,Mumbai Suburban,BRIHAN MUMBAI,MC,7,3,PRABHAG NO 3 ,,,BHARWAD VIKRAM DHIRUBHAI,,,,,,,9677,Bahujan Vikas Aghadi,BVA,,596,7,,21,23656,2.519,,,23656,,,,
Maharashtra,2017,21-02-2017, ,0,Mumbai Suburban,BRIHAN MUMBAI,MC,7,3,PRABHAG NO 3 ,,,Gimbal Sunil Rajaram,,,,,,,10809,Independent,IND,,530,8,,21,23656,2.24,,,23656,,,,
Maharashtra,2017,21-02-2017, ,0,Mumbai Suburban,BRIHAN MUMBAI,MC,7,3,PRABHAG NO 3 ,,,JHA AMARNATH KASHINATH,,,,,,,5792,Nationalist Congress Party,NCP,,484,9,,21,23656,2.046,,,23656,,,,
Maharashtra,2017,21-02-2017, ,0,Mumbai Suburban,BRIHAN MUMBAI,MC,7,3,PRABHAG NO 3 ,,,YADAV RAJESH HARISHCHANDRA,,,,,,,16651,Bahujan Samaj Party,BSP,,318,10,,21,23656,1.344,,,23656,,,,
Maharashtra,2017,21-02-2017, ,0,Mumbai Suburban,BRIHAN MUMBAI,MC,7,3,PRABHAG NO 3 ,,,gaikwad giridhar bhima,,,,,,,1875,Bharip Bahujan Mahasangh,BBM,,203,11,,21,23656,0.858,,,23656,,,,
Maharashtra,2017,21-02-2017, ,0,Mumbai Suburban,BRIHAN MUMBAI,MC,7,3,PRABHAG NO 3 ,,,WAGHMARE DILIP MUKINDA,,,,,,,2444,Communist Party Of India,CPI,,150,12,,21,23656,0.634,,,23656,,,,
Maharashtra,2017,21-02-2017, ,0,Mumbai Suburban,BRIHAN MUMBAI,MC,7,3,PRABHAG NO 3 ,,,HANWATE DEEPAK SHIVAJI,,,,,,,1096,bahujan republican sociolist party,BARESP,,148,13,,21,23656,0.626,,,23656,,,,
Maharashtra,2017,21-02-2017, ,0,Mumbai Suburban,BRIHAN MUMBAI,MC,7,3,PRABHAG NO 3 ,,,CHAVAN VIKAS TUKARAM,,,,,,,u10004,Aghadi/Front,,,119,14,,21,23656,0.503,,,23656,,,,
Maharashtra,2017,21-02-2017, ,0,Mumbai Suburban,BRIHAN MUMBAI,MC,7,3,PRABHAG NO 3 ,,,thaware santosh govind,,,,,,,10809,Independent,IND,,109,15,,21,23656,0.461,,,23656,,,,
Maharashtra,2017,21-02-2017, ,0,Mumbai Suburban,BRIHAN MUMBAI,MC,7,3,PRABHAG NO 3 ,,,AMBRE SHAILESH SHANKAR,,,,,,,24549,Sambhaji Brigade,SBBGP,,104,16,,21,23656,0.44,,,23656,,,,
Maharashtra,2017,21-02-2017, ,0,Mumbai Suburban,BRIHAN MUMBAI,MC,7,3,PRABHAG NO 3 ,,,NAIR PRADEEP BALAN,,,,,,,1605,Indian National Congress,BJP,,91,17,,21,23656,0.385,,,23656,,,,
Maharashtra,2017,21-02-2017, ,0,Mumbai Suburban,BRIHAN MUMBAI,MC,7,3,PRABHAG NO 3 ,,,saini nemchand bhairumal,,,,,,,10809,Independent,IND,,82,18,,21,23656,0.347,,,23656,,,,
Maharashtra,2017,21-02-2017, ,0,Mumbai Suburban,BRIHAN MUMBAI,MC,7,3,PRABHAG NO 3 ,,,Bhagwat Abhishek Shrikrishna,,,,,,,7682,Sardar Vallbhbhai Patel Party,SVPP,,45,19,,21,23656,0.19,,,23656,,,,
Maharashtra,2017,21-02-2017, ,0,Mumbai Suburban,BRIHAN MUMBAI,MC,7,3,PRABHAG NO 3 ,,,mane sadanand prabhakar,,,,,,,10809,Independent,IND,,45,20,,21,23656,0.19,,,23656,,,,
Maharashtra,2017,21-02-2017, ,0,Mumbai Suburban,BRIHAN MUMBAI,MC,7,3,PRABHAG NO 3 ,,,KAMBLE CHANDRKANT NAGORAO,,,,,,,u10004,Aghadi/Front,,,36,21,,21,23656,0.152,,,23656,,,,
Maharashtra,2017,21-02-2017, ,0,Mumbai Suburban,BRIHAN MUMBAI,MC,7,3,PRABHAG NO 3 ,,,NOTA,,,,,,,u10003,,,,275,22,,21,23656,1.162,,,23656,,,,
Maharashtra,2017,21-02-2017, ,0,Mumbai Suburban,BRIHAN MUMBAI,MC,7,4,PRABHAG NO 4 ,,,PATEKAR SUJATA UDESH,,,,,,,18691,Shivsena,SHS,,11078,1,,8,23006,48.153,,,23006,,,,
Maharashtra,2017,21-02-2017, ,0,Mumbai Suburban,BRIHAN MUMBAI,MC,7,4,PRABHAG NO 4 ,,,purohit kamla premsingh,,,,,,,1605,Bhartiya Janata Party,BJP,,6911,2,,8,23006,30.04,,,23006,,,,
Maharashtra,2017,21-02-2017, ,0,Mumbai Suburban,BRIHAN MUMBAI,MC,7,4,PRABHAG NO 4 ,,,MORE SIDDHIDA SUDESH,,,,,,,11633,Maharashtra Navnirman Sena,MNS,,1414,3,,8,23006,6.146,,,23006,,,,
Maharashtra,2017,21-02-2017, ,0,Mumbai Suburban,BRIHAN MUMBAI,MC,7,4,PRABHAG NO 4 ,,,SAWANT DARSHANA MILIND,,,,,,,1605,Indian National Congress,BJP,,1168,4,,8,23006,5.077,,,23006,,,,
Maharashtra,2017,21-02-2017, ,0,Mumbai Suburban,BRIHAN MUMBAI,MC,7,4,PRABHAG NO 4 ,,,SHARMA MAMTA RAMFER,,,,,,,5792,Nationalist Congress Party,NCP,,1079,5,,8,23006,4.69,,,23006,,,,
Maharashtra,2017,21-02-2017, ,0,Mumbai Suburban,BRIHAN MUMBAI,MC,7,4,PRABHAG NO 4 ,,,GAWADE CHANDA MANGESH,,,,,,,10809,Independent,IND,,632,6,,8,23006,2.747,,,23006,,,,
Maharashtra,2017,21-02-2017, ,0,Mumbai Suburban,BRIHAN MUMBAI,MC,7,4,PRABHAG NO 4 ,,,Sawant Shilpa gajanan,,,,,,,1605,Indian National Congress,BJP,,183,7,,8,23006,0.795,,,23006,,,,
Maharashtra,2017,21-02-2017, ,0,Mumbai Suburban,BRIHAN MUMBAI,MC,7,4,PRABHAG NO 4 ,,,GONDANE SONAL DIWAKAR,,,,,,,10809,Independent,IND,,173,8,,8,23006,0.752,,,23006,,,,
Maharashtra,2017,21-02-2017, ,0,Mumbai Suburban,BRIHAN MUMBAI,MC,7,4,PRABHAG NO 4 ,,,NOTA,,,,,,,u10003,,,,368,9,,8,23006,1.6,,,23006,,,,
Maharashtra,2017,21-02-2017, ,0,Mumbai Suburban,BRIHAN MUMBAI,MC,7,5,PRABHAG NO 5 ,,,GHADI SANJAY SHANKAR,,,,,,,18691,Shivsena,SHS,,11659,1,,4,25220,46.229,,,25220,,,,
Maharashtra,2017,21-02-2017, ,0,Mumbai Suburban,BRIHAN MUMBAI,MC,7,5,PRABHAG NO 5 ,,,Desai Motibhai Lallubhai,,,,,,,1605,Bhartiya Janata Party,BJP,,9638,2,,4,25220,38.216,,,25220,,,,
Maharashtra,2017,21-02-2017, ,0,Mumbai Suburban,BRIHAN MUMBAI,MC,7,5,PRABHAG NO 5 ,,,Mayekar Vimol suresh,,,,,,,11633,Maharashtra Navnirman Sena,MNS,,2417,3,,4,25220,9.584,,,25220,,,,
Maharashtra,2017,21-02-2017, ,0,Mumbai Suburban,BRIHAN MUMBAI,MC,7,5,PRABHAG NO 5 ,,,SONSURKAR UMESH MOHAN,,,,,,,1605,Indian National Congress,BJP,,967,4,,4,25220,3.834,,,25220,,,,
Maharashtra,2017,21-02-2017, ,0,Mumbai Suburban,BRIHAN MUMBAI,MC,7,5,PRABHAG NO 5 ,,,NOTA,,,,,,,u10003,,,,539,5,,4,25220,2.137,,,25220,,,,
Maharashtra,2017,21-02-2017, ,0,Mumbai Suburban,BRIHAN MUMBAI,MC,7,6,PRABHAG NO 6 ,,,KARKAR HARSHAD PRAKASH,,,,,,,18691,Shivsena,SHS,,11355,1,,4,23762,47.786,,,23762,,,,
Maharashtra,2017,21-02-2017, ,0,Mumbai Suburban,BRIHAN MUMBAI,MC,7,6,PRABHAG NO 6 ,,,Rathod Neela Kanubhai,,,,,,,1605,Bhartiya Janata Party,BJP,,9647,2,,4,23762,40.598,,,23762,,,,
Maharashtra,2017,21-02-2017, ,0,Mumbai Suburban,BRIHAN MUMBAI,MC,7,6,PRABHAG NO 6 ,,,NAHIRE SUBHASH BALIRAM,,,,,,,1605,Indian National Congress,BJP,,1801,3,,4,23762,7.579,,,23762,,,,
Maharashtra,2017,21-02-2017, ,0,Mumbai Suburban,BRIHAN MUMBAI,MC,7,6,PRABHAG NO 6 ,,,DHONDGE VASANT SAHADEV,,,,,,,11633,Maharashtra Navnirman Sena,MNS,,530,4,,4,23762,2.23,,,23762,,,,
Maharashtra,2017,21-02-2017, ,0,Mumbai Suburban,BRIHAN MUMBAI,MC,7,6,PRABHAG NO 6 ,,,NOTA,,,,,,,u10003,,,,429,5,,4,23762,1.805,,,23762,,,,
Maharashtra,2017,21-02-2017, ,0,Mumbai Suburban,BRIHAN MUMBAI,MC,7,7,PRABHAG NO 7 ,,,Mhatre Sheetal Mukesh,,,,,,,18691,Shivsena,SHS,,8205,1,,6,20942,39.18,,,20942,,,,
Maharashtra,2017,21-02-2017, ,0,Mumbai Suburban,BRIHAN MUMBAI,MC,7,7,PRABHAG NO 7 ,,,Patil Yogita Nilesh,,,,,,,1605,Bhartiya Janata Party,BJP,,7625,2,,6,20942,36.41,,,20942,,,,
Maharashtra,2017,21-02-2017, ,0,Mumbai Suburban,BRIHAN MUMBAI,MC,7,7,PRABHAG NO 7 ,,,Bhoir Pooja Vivek,,,,,,,11633,Maharashtra Navnirman Sena,MNS,,2068,3,,6,20942,9.875,,,20942,,,,
Maharashtra,2017,21-02-2017, ,0,Mumbai Suburban,BRIHAN MUMBAI,MC,7,7,PRABHAG NO 7 ,,,Varghese Bobby Mathew,,,,,,,1605,Indian National Congress,BJP,,1965,4,,6,20942,9.383,,,20942,,,,
Maharashtra,2017,21-02-2017, ,0,Mumbai Suburban,BRIHAN MUMBAI,MC,7,7,PRABHAG NO 7 ,,,CHAVAN RAMUBAI VASANT,,,,,,,16651,Bahujan Samaj Party,BSP,,314,5,,6,20942,1.499,,,20942,,,,
Maharashtra,2017,21-02-2017, ,0,Mumbai Suburban,BRIHAN MUMBAI,MC,7,7,PRABHAG NO 7 ,,,YERUNKARMORE TRUPTI PRAVIN,,,,,,,5792,Nationalist Congress Party,NCP,,271,6,,6,20942,1.294,,,20942,,,,
Maharashtra,2017,21-02-2017, ,0,Mumbai Suburban,BRIHAN MUMBAI,MC,7,7,PRABHAG NO 7 ,,,NOTA,,,,,,,u10003,,,,494,7,,6,20942,2.359,,,20942,,,,
Maharashtra,2017,21-02-2017, ,0,Mumbai Suburban,BRIHAN MUMBAI,MC,7,8,PRABHAG NO 8 ,,,Chheda Harish Ravji,,,,,,,1605,Bhartiya Janata Party,BJP,,8534,1,,5,19453,43.87,,,19453,,,,
Maharashtra,2017,21-02-2017, ,0,Mumbai Suburban,BRIHAN MUMBAI,MC,7,8,PRABHAG NO 8 ,,,Patil Deepa Ganesh,,,,,,,18691,Shivsena,SHS,,5644,2,,5,19453,29.014,,,19453,,,,
Maharashtra,2017,21-02-2017, ,0,Mumbai Suburban,BRIHAN MUMBAI,MC,7,8,PRABHAG NO 8 ,,,Sutrale Laukik Ashok,,,,,,,1605,Indian National Congress,BJP,,2325,3,,5,19453,11.952,,,19453,,,,
Maharashtra,2017,21-02-2017, ,0,Mumbai Suburban,BRIHAN MUMBAI,MC,7,8,PRABHAG NO 8 ,,,Khan Raies Imtiyaz,,,,,,,5792,Nationalist Congress Party,NCP,,1654,4,,5,19453,8.503,,,19453,,,,
Maharashtra,2017,21-02-2017, ,0,Mumbai Suburban,BRIHAN MUMBAI,MC,7,8,PRABHAG NO 8 ,,,GHOSALKAR GANESH LAXMAN,,,,,,,11633,Maharashtra Navnirman Sena,MNS,,798,5,,5,19453,4.102,,,19453,,,,
Maharashtra,2017,21-02-2017, ,0,Mumbai Suburban,BRIHAN MUMBAI,MC,7,8,PRABHAG NO 8 ,,,NOTA,,,,,,,u10003,,,,498,6,,5,19453,2.56,,,19453,,,,
Maharashtra,2017,21-02-2017, ,0,Mumbai Suburban,BRIHAN MUMBAI,MC,7,9,PRABHAG NO 9 ,,,KORGAONKAR SWETA SHARAD,,,,,,,1605,Indian National Congress,BJP,,9654,1,,4,26335,36.658,,,26335,,,,
Maharashtra,2017,21-02-2017, ,0,Mumbai Suburban,BRIHAN MUMBAI,MC,7,9,PRABHAG NO 9 ,,,MITHBAVKAR MOHAN RAMCHANDRA,,,,,,,1605,Bhartiya Janata Party,BJP,,7585,2,,4,26335,28.802,,,26335,,,,
Maharashtra,2017,21-02-2017, ,0,Mumbai Suburban,BRIHAN MUMBAI,MC,7,9,PRABHAG NO 9 ,,,MHATRE SACHIN DAMODAR,,,,,,,18691,Shivsena,SHS,,7363,3,,4,26335,27.959,,,26335,,,,
Maharashtra,2017,21-02-2017, ,0,Mumbai Suburban,BRIHAN MUMBAI,MC,7,9,PRABHAG NO 9 ,,,NAR MAHESH LAXMAN,,,,,,,11633,Maharashtra Navnirman Sena,MNS,,1248,4,,4,26335,4.739,,,26335,,,,
Maharashtra,2017,21-02-2017, ,0,Mumbai Suburban,BRIHAN MUMBAI,MC,7,9,PRABHAG NO 9 ,,,NOTA,,,,,,,u10003,,,,485,5,,4,26335,1.842,,,26335,,,,
Maharashtra,2017,21-02-2017, ,0,Mumbai Suburban,BRIHAN MUMBAI,MC,7,10,PRABHAG NO 10 ,,,Patel Jitendra Ambalal,,,,,,,1605,Bhartiya Janata Party,BJP,,15585,1,,5,28370,54.935,,,28370,,,,
Maharashtra,2017,21-02-2017, ,0,Mumbai Suburban,BRIHAN MUMBAI,MC,7,10,PRABHAG NO 10 ,,,MHATRE MILIND DWARKANATH,,,,,,,18691,Shivsena,SHS,,9362,2,,5,28370,33,,,28370,,,,
Maharashtra,2017,21-02-2017, ,0,Mumbai Suburban,BRIHAN MUMBAI,MC,7,10,PRABHAG NO 10 ,,,MESTRY SANDEEP MADHUKAR,,,,,,,1605,Indian National Congress,BJP,,1745,3,,5,28370,6.151,,,28370,,,,
Maharashtra,2017,21-02-2017, ,0,Mumbai Suburban,BRIHAN MUMBAI,MC,7,10,PRABHAG NO 10 ,,,NATE RAJESH SHRIDHAR,,,,,,,11633,Maharashtra Navnirman Sena,MNS,,969,4,,5,28370,3.416,,,28370,,,,
Maharashtra,2017,21-02-2017, ,0,Mumbai Suburban,BRIHAN MUMBAI,MC,7,10,PRABHAG NO 10 ,,,belekar arun dashrath,,,,,,,10809,Independent,IND,,117,5,,5,28370,0.412,,,28370,,,,
Maharashtra,2017,21-02-2017, ,0,Mumbai Suburban,BRIHAN MUMBAI,MC,7,10,PRABHAG NO 10 ,,,NOTA,,,,,,,u10003,,,,592,6,,5,28370,2.087,,,28370,,,,
Maharashtra,2017,21-02-2017, ,0,Mumbai Suburban,BRIHAN MUMBAI,MC,7,11,PRABHAG NO 11 ,,,Khursange Riddhi Bhaskar,,,,,,,18691,Shivsena,SHS,,13856,1,,11,25646,54.028,,,25646,,,,
Maharashtra,2017,21-02-2017, ,0,Mumbai Suburban,BRIHAN MUMBAI,MC,7,11,PRABHAG NO 11 ,,,DAREKAR PRAKASH YASHWANT,,,,,,,1605,Bhartiya Janata Party,BJP,,7454,2,,11,25646,29.065,,,25646,,,,
Maharashtra,2017,21-02-2017, ,0,Mumbai Suburban,BRIHAN MUMBAI,MC,7,11,PRABHAG NO 11 ,,,YADAV ASHOK MEGHAI,,,,,,,1605,Indian National Congress,BJP,,1463,3,,11,25646,5.705,,,25646,,,,
Maharashtra,2017,21-02-2017, ,0,Mumbai Suburban,BRIHAN MUMBAI,MC,7,11,PRABHAG NO 11 ,,,Kasar Rajesh Manohar,,,,,,,11633,Maharashtra Navnirman Sena,MNS,,1143,4,,11,25646,4.457,,,25646,,,,
Maharashtra,2017,21-02-2017, ,0,Mumbai Suburban,BRIHAN MUMBAI,MC,7,11,PRABHAG NO 11 ,,,CHAVAN SHIVAJI PANDURANG,,,,,,,10809,Independent,IND,,618,5,,11,25646,2.41,,,25646,,,,
Maharashtra,2017,21-02-2017, ,0,Mumbai Suburban,BRIHAN MUMBAI,MC,7,11,PRABHAG NO 11 ,,,Rane Krishnaji Bhaurao,,,,,,,5792,Nationalist Congress Party,NCP,,322,6,,11,25646,1.256,,,25646,,,,
Maharashtra,2017,21-02-2017, ,0,Mumbai Suburban,BRIHAN MUMBAI,MC,7,11,PRABHAG NO 11 ,,,MALUSHTE SUCHIT SAKHARAM,,,,,,,10809,Independent,IND,,177,7,,11,25646,0.69,,,25646,,,,
Maharashtra,2017,21-02-2017, ,0,Mumbai Suburban,BRIHAN MUMBAI,MC,7,11,PRABHAG NO 11 ,,,Bhosle Sunil Shyam,,,,,,,10809,Independent,IND,,76,8,,11,25646,0.296,,,25646,,,,
Maharashtra,2017,21-02-2017, ,0,Mumbai Suburban,BRIHAN MUMBAI,MC,7,11,PRABHAG NO 11 ,,,Jagtap Vijaya Sampat,,,,,,,10809,Independent,IND,,40,9,,11,25646,0.156,,,25646,,,,
Maharashtra,2017,21-02-2017, ,0,Mumbai Suburban,BRIHAN MUMBAI,MC,7,11,PRABHAG NO 11 ,,,TUPAT VISHWANATH GHANSHYAM,,,,,,,5577,National Black Panthar,NBPP,,36,10,,11,25646,0.14,,,25646,,,,
Maharashtra,2017,21-02-2017, ,0,Mumbai Suburban,BRIHAN MUMBAI,MC,7,11,PRABHAG NO 11 ,,,JAISWAL SUBHASH RAMESH,,,,,,,24549,Sambhaji Brigade,SBBGP,,32,11,,11,25646,0.125,,,25646,,,,
Maharashtra,2017,21-02-2017, ,0,Mumbai Suburban,BRIHAN MUMBAI,MC,7,11,PRABHAG NO 11 ,,,NOTA,,,,,,,u10003,,,,429,12,,11,25646,1.673,,,25646,,,,
Maharashtra,2017,21-02-2017, ,0,Mumbai Suburban,BRIHAN MUMBAI,MC,7,12,PRABHAG NO 12 ,,,SINGHAN GEETA SANJAY,,,,,,,18691,Shivsena,SHS,,9005,1,,11,21747,41.408,,,21747,,,,
Maharashtra,2017,21-02-2017, ,0,Mumbai Suburban,BRIHAN MUMBAI,MC,7,12,PRABHAG NO 12 ,,,CHOGLE VIKRAM SHIRISH,,,,,,,1605,Bhartiya Janata Party,BJP,,6695,2,,11,21747,30.786,,,21747,,,,
Maharashtra,2017,21-02-2017, ,0,Mumbai Suburban,BRIHAN MUMBAI,MC,7,12,PRABHAG NO 12 ,,,NAIK AMOL ARUN,,,,,,,10809,Independent,IND,,2356,3,,11,21747,10.834,,,21747,,,,
Maharashtra,2017,21-02-2017, ,0,Mumbai Suburban,BRIHAN MUMBAI,MC,7,12,PRABHAG NO 12 ,,,PAWAR SHIVANI JATIN,,,,,,,11633,Maharashtra Navnirman Sena,MNS,,1064,4,,11,21747,4.893,,,21747,,,,
Maharashtra,2017,21-02-2017, ,0,Mumbai Suburban,BRIHAN MUMBAI,MC,7,12,PRABHAG NO 12 ,,,PANDEY HEMANT BHAILAL,,,,,,,1605,Indian National Congress,BJP,,788,5,,11,21747,3.623,,,21747,,,,
Maharashtra,2017,21-02-2017, ,0,Mumbai Suburban,BRIHAN MUMBAI,MC,7,12,PRABHAG NO 12 ,,,DESAI AJAY YASHWANT,,,,,,,5792,Nationalist Congress Party,NCP,,745,6,,11,21747,3.426,,,21747,,,,
Maharashtra,2017,21-02-2017, ,0,Mumbai Suburban,BRIHAN MUMBAI,MC,7,12,PRABHAG NO 12 ,,,SHINDE PRAMOD PRALHAD,,,,,,,10809,Independent,IND,,226,7,,11,21747,1.039,,,21747,,,,
Maharashtra,2017,21-02-2017, ,0,Mumbai Suburban,BRIHAN MUMBAI,MC,7,12,PRABHAG NO 12 ,,,FULWARE PRADEEP BHANUDAS,,,,,,,u10004,Aghadi/Front,,,147,8,,11,21747,0.676,,,21747,,,,
Maharashtra,2017,21-02-2017, ,0,Mumbai Suburban,BRIHAN MUMBAI,MC,7,12,PRABHAG NO 12 ,,,Dalvi Vinay Tukaram,,,,,,,10809,Independent,IND,,135,9,,11,21747,0.621,,,21747,,,,
Maharashtra,2017,21-02-2017, ,0,Mumbai Suburban,BRIHAN MUMBAI,MC,7,12,PRABHAG NO 12 ,,,RAWAT HARGOVIND DURGASINGH,,,,,,,10809,Independent,IND,,108,10,,11,21747,0.497,,,21747,,,,
Maharashtra,2017,21-02-2017, ,0,Mumbai Suburban,BRIHAN MUMBAI,MC,7,12,PRABHAG NO 12 ,,,KAMBLE MACHHINDRA SHIVAJI,,,,,,,1096,bahujan republican sociolist party,BARESP,,97,11,,11,21747,0.446,,,21747,,,,
Maharashtra,2017,21-02-2017, ,0,Mumbai Suburban,BRIHAN MUMBAI,MC,7,12,PRABHAG NO 12 ,,,NOTA,,,,,,,u10003,,,,381,12,,11,21747,1.752,,,21747,,,,
Maharashtra,2017,21-02-2017, ,0,Mumbai Suburban,BRIHAN MUMBAI,MC,7,13,PRABHAG NO 13 ,,,Singh Vidyarthi Balister,,,,,,,1605,Bhartiya Janata Party,BJP,,13113,1,,13,25290,51.851,,,25290,,,,
Maharashtra,2017,21-02-2017, ,0,Mumbai Suburban,BRIHAN MUMBAI,MC,7,13,PRABHAG NO 13 ,,,KADAM RAJESH NANDKUMAR,,,,,,,18691,Shivsena,SHS,,5907,2,,13,25290,23.357,,,25290,,,,
Maharashtra,2017,21-02-2017, ,0,Mumbai Suburban,BRIHAN MUMBAI,MC,7,13,PRABHAG NO 13 ,,,PATIL VINAY GHANSHYAM,,,,,,,1605,Indian National Congress,BJP,,3632,3,,13,25290,14.361,,,25290,,,,
Maharashtra,2017,21-02-2017, ,0,Mumbai Suburban,BRIHAN MUMBAI,MC,7,13,PRABHAG NO 13 ,,,inamdar tajuddin badiuddin,,,,,,,5792,Nationalist Congress Party,NCP,,808,4,,13,25290,3.195,,,25290,,,,
Maharashtra,2017,21-02-2017, ,0,Mumbai Suburban,BRIHAN MUMBAI,MC,7,13,PRABHAG NO 13 ,,,SOLANKI VINOD JIVA,,,,,,,11633,Maharashtra Navnirman Sena,MNS,,579,5,,13,25290,2.289,,,25290,,,,
Maharashtra,2017,21-02-2017, ,0,Mumbai Suburban,BRIHAN MUMBAI,MC,7,13,PRABHAG NO 13 ,,,PATIL MAYUR VASANT,,,,,,,10809,Independent,IND,,224,6,,13,25290,0.886,,,25290,,,,
Maharashtra,2017,21-02-2017, ,0,Mumbai Suburban,BRIHAN MUMBAI,MC,7,13,PRABHAG NO 13 ,,,KHAN ABDULWAFA HABIB,,,,,,,7425,Samajwadi Party,SP,,132,7,,13,25290,0.522,,,25290,,,,
Maharashtra,2017,21-02-2017, ,0,Mumbai Suburban,BRIHAN MUMBAI,MC,7,13,PRABHAG NO 13 ,,,Pandey Dinesh Ramashankar,,,,,,,10809,Independent,IND,,114,8,,13,25290,0.451,,,25290,,,,
Maharashtra,2017,21-02-2017, ,0,Mumbai Suburban,BRIHAN MUMBAI,MC,7,13,PRABHAG NO 13 ,,,Dhumadiya Raju Santosh,,,,,,,7682,Sardar Vallbhbhai Patel Party,SVPP,,102,9,,13,25290,0.403,,,25290,,,,
Maharashtra,2017,21-02-2017, ,0,Mumbai Suburban,BRIHAN MUMBAI,MC,7,13,PRABHAG NO 13 ,,,SONAVANE LILAVATI SHRINIWAS,,,,,,,10809,Independent,IND,,81,10,,13,25290,0.32,,,25290,,,,
Maharashtra,2017,21-02-2017, ,0,Mumbai Suburban,BRIHAN MUMBAI,MC,7,13,PRABHAG NO 13 ,,,MALLAH RAJESH RAMKISAN,,,,,,,16651,Bahujan Samaj Party,BSP,,52,11,,13,25290,0.206,,,25290,,,,
Maharashtra,2017,21-02-2017, ,0,Mumbai Suburban,BRIHAN MUMBAI,MC,7,13,PRABHAG NO 13 ,,,PATIL SATISH RAMCHANDRA,,,,,,,9677,Bahujan Vikas Aghadi,BVA,,42,12,,13,25290,0.166,,,25290,,,,
Maharashtra,2017,21-02-2017, ,0,Mumbai Suburban,BRIHAN MUMBAI,MC,7,13,PRABHAG NO 13 ,,,INAMDAR NASIMUDDIN BADIUDDIN,,,,,,,10809,Independent,IND,,16,13,,13,25290,0.063,,,25290,,,,
Maharashtra,2017,21-02-2017, ,0,Mumbai Suburban,BRIHAN MUMBAI,MC,7,13,PRABHAG NO 13 ,,,NOTA,,,,,,,u10003,,,,488,14,,13,25290,1.93,,,25290,,,,
Maharashtra,2017,21-02-2017, ,0,Mumbai Suburban,BRIHAN MUMBAI,MC,7,14,PRABHAG NO 14 ,,,Patil Asawari Anil,,,,,,,1605,Bhartiya Janata Party,BJP,,8321,1,,6,20831,39.945,,,20831,,,,
Maharashtra,2017,21-02-2017, ,0,Mumbai Suburban,BRIHAN MUMBAI,MC,7,14,PRABHAG NO 14 ,,,KADAM BHARTI CHETAN,,,,,,,18691,Shivsena,SHS,,7180,2,,6,20831,34.468,,,20831,,,,
Maharashtra,2017,21-02-2017, ,0,Mumbai Suburban,BRIHAN MUMBAI,MC,7,14,PRABHAG NO 14 ,,,GUJAR NISHA SANDEEP,,,,,,,11633,Maharashtra Navnirman Sena,MNS,,2224,3,,6,20831,10.676,,,20831,,,,
Maharashtra,2017,21-02-2017, ,0,Mumbai Suburban,BRIHAN MUMBAI,MC,7,14,PRABHAG NO 14 ,,,MESTRY RASHMI YASHWANT,,,,,,,1605,Indian National Congress,BJP,,1844,4,,6,20831,8.852,,,20831,,,,
Maharashtra,2017,21-02-2017, ,0,Mumbai Suburban,BRIHAN MUMBAI,MC,7,14,PRABHAG NO 14 ,,,NIKAM SHUBHANGI SANTOSH,,,,,,,5792,Nationalist Congress Party,NCP,,650,5,,6,20831,3.12,,,20831,,,,
Maharashtra,2017,21-02-2017, ,0,Mumbai Suburban,BRIHAN MUMBAI,MC,7,14,PRABHAG NO 14 ,,,JADHAV DAIVATA LAXMAN,,,,,,,24549,Sambhaji Brigade,SBBGP,,87,6,,6,20831,0.418,,,20831,,,,
Maharashtra,2017,21-02-2017, ,0,Mumbai Suburban,BRIHAN MUMBAI,MC,7,14,PRABHAG NO 14 ,,,NOTA,,,,,,,u10003,,,,525,7,,6,20831,2.52,,,20831,,,,
Maharashtra,2017,21-02-2017, ,0,Mumbai Suburban,BRIHAN MUMBAI,MC,7,15,PRABHAG NO 15 ,,,SHAH PRAVIN RIKHAVCHAND,,,,,,,1605,Bhartiya Janata Party,BJP,,22860,1,,7,31177,73.323,,,31177,,,,
Maharashtra,2017,21-02-2017, ,0,Mumbai Suburban,BRIHAN MUMBAI,MC,7,15,PRABHAG NO 15 ,,,DHANAK PARESHBHAI BABUBHAI,,,,,,,18691,Shivsena,SHS,,3304,2,,7,31177,10.598,,,31177,,,,
Maharashtra,2017,21-02-2017, ,0,Mumbai Suburban,BRIHAN MUMBAI,MC,7,15,PRABHAG NO 15 ,,,GOSALIA MEHUL AJIT,,,,,,,1605,Indian National Congress,BJP,,2711,3,,7,31177,8.696,,,31177,,,,
Maharashtra,2017,21-02-2017, ,0,Mumbai Suburban,BRIHAN MUMBAI,MC,7,15,PRABHAG NO 15 ,,,BHOIR MAHESH VINOD,,,,,,,11633,Maharashtra Navnirman Sena,MNS,,939,4,,7,31177,3.012,,,31177,,,,
Maharashtra,2017,21-02-2017, ,0,Mumbai Suburban,BRIHAN MUMBAI,MC,7,15,PRABHAG NO 15 ,,,MISHRA NARAYAN RAMKEDAR,,,,,,,16651,Bahujan Samaj Party,BSP,,217,5,,7,31177,0.696,,,31177,,,,
Maharashtra,2017,21-02-2017, ,0,Mumbai Suburban,BRIHAN MUMBAI,MC,7,15,PRABHAG NO 15 ,,,MAHADIK ABHIJIT VIJAY,,,,,,,10809,Independent,IND,,212,6,,7,31177,0.68,,,31177,,,,
Maharashtra,2017,21-02-2017, ,0,Mumbai Suburban,BRIHAN MUMBAI,MC,7,15,PRABHAG NO 15 ,,,NAYAGAM BALAGANAPATHI THOMAS,,,,,,,10809,Independent,IND,,65,7,,7,31177,0.208,,,31177,,,,
Maharashtra,2017,21-02-2017, ,0,Mumbai Suburban,BRIHAN MUMBAI,MC,7,15,PRABHAG NO 15 ,,,NOTA,,,,,,,u10003,,,,869,8,,7,31177,2.787,,,31177,,,,
Maharashtra,2017,21-02-2017, ,0,Mumbai Suburban,BRIHAN MUMBAI,MC,7,16,PRABHAG NO 16 ,,,Khedkar Anjali Arun,,,,,,,1605,Bhartiya Janata Party,BJP,,9465,1,,6,28418,33.306,,,28418,,,,
Maharashtra,2017,21-02-2017, ,0,Mumbai Suburban,BRIHAN MUMBAI,MC,7,16,PRABHAG NO 16 ,,,DANDEKAR PRITI SANDESH,,,,,,,18691,Shivsena,SHS,,7554,2,,6,28418,26.582,,,28418,,,,
Maharashtra,2017,21-02-2017, ,0,Mumbai Suburban,BRIHAN MUMBAI,MC,7,16,PRABHAG NO 16 ,,,SHETTY VIJAYALAXMI NARAYAN,,,,,,,1605,Indian National Congress,BJP,,6676,3,,6,28418,23.492,,,28418,,,,
Maharashtra,2017,21-02-2017, ,0,Mumbai Suburban,BRIHAN MUMBAI,MC,7,16,PRABHAG NO 16 ,,,Bacche Manisha Navnath,,,,,,,5792,Nationalist Congress Party,NCP,,1852,4,,6,28418,6.517,,,28418,,,,
Maharashtra,2017,21-02-2017, ,0,Mumbai Suburban,BRIHAN MUMBAI,MC,7,16,PRABHAG NO 16 ,,,NIVALE RESHMA SHANKAR,,,,,,,11633,Maharashtra Navnirman Sena,MNS,,1724,5,,6,28418,6.067,,,28418,,,,
Maharashtra,2017,21-02-2017, ,0,Mumbai Suburban,BRIHAN MUMBAI,MC,7,16,PRABHAG NO 16 ,,,IJAGAJ POONAM NITESH,,,,,,,16651,Bahujan Samaj Party,BSP,,632,6,,6,28418,2.224,,,28418,,,,
Maharashtra,2017,21-02-2017, ,0,Mumbai Suburban,BRIHAN MUMBAI,MC,7,16,PRABHAG NO 16 ,,,NOTA,,,,,,,u10003,,,,515,7,,6,28418,1.812,,,28418,,,,
Maharashtra,2017,21-02-2017, ,0,Mumbai Suburban,BRIHAN MUMBAI,MC,7,17,PRABHAG NO 17 ,,,DOSHI BINA PARESH,,,,,,,1605,Bhartiya Janata Party,BJP,,14414,1,,5,25113,57.397,,,25113,,,,
Maharashtra,2017,21-02-2017, ,0,Mumbai Suburban,BRIHAN MUMBAI,MC,7,17,PRABHAG NO 17 ,,,SANGORE SHILPA SAURABH,,,,,,,18691,Shivsena,SHS,,4822,2,,5,25113,19.201,,,25113,,,,
Maharashtra,2017,21-02-2017, ,0,Mumbai Suburban,BRIHAN MUMBAI,MC,7,17,PRABHAG NO 17 ,,,RANE PRAGATI PRATAPSINH,,,,,,,1605,Indian National Congress,BJP,,4310,3,,5,25113,17.162,,,25113,,,,
Maharashtra,2017,21-02-2017, ,0,Mumbai Suburban,BRIHAN MUMBAI,MC,7,17,PRABHAG NO 17 ,,,VED KHUSHBOO MAHENDRA,,,,,,,11633,Maharashtra Navnirman Sena,MNS,,700,4,,5,25113,2.787,,,25113,,,,
Maharashtra,2017,21-02-2017, ,0,Mumbai Suburban,BRIHAN MUMBAI,MC,7,17,PRABHAG NO 17 ,,,KAMAT MEERA SADANAND,,,,,,,10809,Independent,IND,,336,5,,5,25113,1.338,,,25113,,,,
Maharashtra,2017,21-02-2017, ,0,Mumbai Suburban,BRIHAN MUMBAI,MC,7,17,PRABHAG NO 17 ,,,NOTA,,,,,,,u10003,,,,531,6,,5,25113,2.114,,,25113,,,,
Maharashtra,2017,21-02-2017, ,0,Mumbai Suburban,BRIHAN MUMBAI,MC,7,18,PRABHAG NO 18 ,,,Doshi Sandhya Vipul,,,,,,,18691,Shivsena,SHS,,9815,1,,8,24134,40.669,,,24134,,,,
Maharashtra,2017,21-02-2017, ,0,Mumbai Suburban,BRIHAN MUMBAI,MC,7,18,PRABHAG NO 18 ,,,AMBARE SUMESH GOPAL,,,,,,,1605,Bhartiya Janata Party,BJP,,8044,2,,8,24134,33.331,,,24134,,,,
Maharashtra,2017,21-02-2017, ,0,Mumbai Suburban,BRIHAN MUMBAI,MC,7,18,PRABHAG NO 18 ,,,More Kabirdas Dnyandeo,,,,,,,11633,Maharashtra Navnirman Sena,MNS,,3841,3,,8,24134,15.915,,,24134,,,,
Maharashtra,2017,21-02-2017, ,0,Mumbai Suburban,BRIHAN MUMBAI,MC,7,18,PRABHAG NO 18 ,,,PANDIT DILIP BAGARAM,,,,,,,1605,Indian National Congress,BJP,,974,4,,8,24134,4.036,,,24134,,,,
Maharashtra,2017,21-02-2017, ,0,Mumbai Suburban,BRIHAN MUMBAI,MC,7,18,PRABHAG NO 18 ,,,KONDVILKAR TEJAS VITTHAL,,,,,,,5792,Nationalist Congress Party,NCP,,341,5,,8,24134,1.413,,,24134,,,,
Maharashtra,2017,21-02-2017, ,0,Mumbai Suburban,BRIHAN MUMBAI,MC,7,18,PRABHAG NO 18 ,,,Agarwal Manish Vedprakash,,,,,,,10809,Independent,IND,,284,6,,8,24134,1.177,,,24134,,,,
Maharashtra,2017,21-02-2017, ,0,Mumbai Suburban,BRIHAN MUMBAI,MC,7,18,PRABHAG NO 18 ,,,WAGHMARE SANJAY SAYAJI,,,,,,,16651,Bahujan Samaj Party,BSP,,281,7,,8,24134,1.164,,,24134,,,,
Maharashtra,2017,21-02-2017, ,0,Mumbai Suburban,BRIHAN MUMBAI,MC,7,18,PRABHAG NO 18 ,,,SHELAR AMAR DNYANESHWAR,,,,,,,10809,Independent,IND,,179,8,,8,24134,0.742,,,24134,,,,
Maharashtra,2017,21-02-2017, ,0,Mumbai Suburban,BRIHAN MUMBAI,MC,7,18,PRABHAG NO 18 ,,,NOTA,,,,,,,u10003,,,,375,9,,8,24134,1.554,,,24134,,,,
Maharashtra,2017,21-02-2017, ,0,Mumbai Suburban,BRIHAN MUMBAI,MC,7,19,PRABHAG NO 19 ,,,Gudekar Shubhada Subhash,,,,,,,18691,Shivsena,SHS,,10817,1,,7,25720,42.057,,,25720,,,,
Maharashtra,2017,21-02-2017, ,0,Mumbai Suburban,BRIHAN MUMBAI,MC,7,19,PRABHAG NO 19 ,,,TAKKE RESHMA RAVINDRA,,,,,,,1605,Bhartiya Janata Party,BJP,,8687,2,,7,25720,33.775,,,25720,,,,
Maharashtra,2017,21-02-2017, ,0,Mumbai Suburban,BRIHAN MUMBAI,MC,7,19,PRABHAG NO 19 ,,,RAJHANS SANSKRUTI SATYANARAYAN,,,,,,,1605,Indian National Congress,BJP,,2198,3,,7,25720,8.546,,,25720,,,,
Maharashtra,2017,21-02-2017, ,0,Mumbai Suburban,BRIHAN MUMBAI,MC,7,19,PRABHAG NO 19 ,,,KARANDE SANGEETA SHANTARAM,,,,,,,11633,Maharashtra Navnirman Sena,MNS,,1298,4,,7,25720,5.047,,,25720,,,,
Maharashtra,2017,21-02-2017, ,0,Mumbai Suburban,BRIHAN MUMBAI,MC,7,19,PRABHAG NO 19 ,,,GAWALI JAYASHRI SANTOSH,,,,,,,5792,Nationalist Congress Party,NCP,,1124,5,,7,25720,4.37,,,25720,,,,
Maharashtra,2017,21-02-2017, ,0,Mumbai Suburban,BRIHAN MUMBAI,MC,7,19,PRABHAG NO 19 ,,,SAPKALE SARASWATI RAMESH,,,,,,,12285,Republican Party of India (A),RPI(A),,790,6,,7,25720,3.072,,,25720,,,,
Maharashtra,2017,21-02-2017, ,0,Mumbai Suburban,BRIHAN MUMBAI,MC,7,19,PRABHAG NO 19 ,,,DANDEKAR MANGAL VAMAN,,,,,,,16651,Bahujan Samaj Party,BSP,,385,7,,7,25720,1.497,,,25720,,,,
Maharashtra,2017,21-02-2017, ,0,Mumbai Suburban,BRIHAN MUMBAI,MC,7,19,PRABHAG NO 19 ,,,NOTA,,,,,,,u10003,,,,421,8,,7,25720,1.637,,,25720,,,,
Maharashtra,2017,21-02-2017, ,0,Mumbai Suburban,BRIHAN MUMBAI,MC,7,20,PRABHAG NO 20 ,,,TAWDE DEEPAK PARSHURAM,,,,,,,1605,Bhartiya Janata Party,BJP,,6856,1,,14,18163,37.747,,,18163,,,,
Maharashtra,2017,21-02-2017, ,0,Mumbai Suburban,BRIHAN MUMBAI,MC,7,20,PRABHAG NO 20 ,,,SURVE SUDHAKAR PARSHURAM,,,,,,,18691,Shivsena,SHS,,4360,2,,14,18163,24.005,,,18163,,,,
Maharashtra,2017,21-02-2017, ,0,Mumbai Suburban,BRIHAN MUMBAI,MC,7,20,PRABHAG NO 20 ,,,PATIL VINAYAK NANA,,,,,,,5792,Nationalist Congress Party,NCP,,2037,3,,14,18163,11.215,,,18163,,,,
Maharashtra,2017,21-02-2017, ,0,Mumbai Suburban,BRIHAN MUMBAI,MC,7,20,PRABHAG NO 20 ,,,CHAUDHARY MOHAMMADHAROON MOHAMMADYUNUS,,,,,,,7425,Samajwadi Party,SP,,1627,4,,14,18163,8.958,,,18163,,,,
Maharashtra,2017,21-02-2017, ,0,Mumbai Suburban,BRIHAN MUMBAI,MC,7,20,PRABHAG NO 20 ,,,DUBEY LALJI GAJANAN,,,,,,,1605,Indian National Congress,BJP,,934,5,,14,18163,5.142,,,18163,,,,
Maharashtra,2017,21-02-2017, ,0,Mumbai Suburban,BRIHAN MUMBAI,MC,7,20,PRABHAG NO 20 ,,,KADAM RAJENDRA GANPAT,,,,,,,11633,Maharashtra Navnirman Sena,MNS,,886,6,,14,18163,4.878,,,18163,,,,
Maharashtra,2017,21-02-2017, ,0,Mumbai Suburban,BRIHAN MUMBAI,MC,7,20,PRABHAG NO 20 ,,,Khan Yusuf MohammadUmar,,,,,,,10809,Independent,IND,,423,7,,14,18163,2.329,,,18163,,,,
Maharashtra,2017,21-02-2017, ,0,Mumbai Suburban,BRIHAN MUMBAI,MC,7,20,PRABHAG NO 20 ,,,AZMI SHAMIM SADRUDDIN,,,,,,,706,All India Majlis e Ittehadul Muslimeen,AIMIM,,414,8,,14,18163,2.279,,,18163,,,,
Maharashtra,2017,21-02-2017, ,0,Mumbai Suburban,BRIHAN MUMBAI,MC,7,20,PRABHAG NO 20 ,,,MOHD AZHARUDDIN AMIRUDDIN,,,,,,,9677,Bahujan Vikas Aghadi,BVA,,143,9,,14,18163,0.787,,,18163,,,,
Maharashtra,2017,21-02-2017, ,0,Mumbai Suburban,BRIHAN MUMBAI,MC,7,20,PRABHAG NO 20 ,,,YADAV VIJAYSHANKAR LALJI,,,,,,,16651,Bahujan Samaj Party,BSP,,100,10,,14,18163,0.551,,,18163,,,,
Maharashtra,2017,21-02-2017, ,0,Mumbai Suburban,BRIHAN MUMBAI,MC,7,20,PRABHAG NO 20 ,,,ShaikhMansuri Fatehmohammed Mohammedraza,,,,,,,10809,Independent,IND,,82,11,,14,18163,0.451,,,18163,,,,
Maharashtra,2017,21-02-2017, ,0,Mumbai Suburban,BRIHAN MUMBAI,MC,7,20,PRABHAG NO 20 ,,,Usmani MaqsoodAlam SirajulHaq,,,,,,,10809,Independent,IND,,65,12,,14,18163,0.358,,,18163,,,,
Maharashtra,2017,21-02-2017, ,0,Mumbai Suburban,BRIHAN MUMBAI,MC,7,20,PRABHAG NO 20 ,,,MISHRA KRISHNA RAVINDRA,,,,,,,10809,Independent,IND,,43,13,,14,18163,0.237,,,18163,,,,
Maharashtra,2017,21-02-2017, ,0,Mumbai Suburban,BRIHAN MUMBAI,MC,7,20,PRABHAG NO 20 ,,,KOKANE ANIL HARISHCHANDRA,,,,,,,12285,Republican Party of India (A),RPI(A),,9,14,,14,18163,0.05,,,18163,,,,
Maharashtra,2017,21-02-2017, ,0,Mumbai Suburban,BRIHAN MUMBAI,MC,7,20,PRABHAG NO 20 ,,,NOTA,,,,,,,u10003,,,,184,15,,14,18163,1.013,,,18163,,,,
Maharashtra,2017,21-02-2017, ,0,Mumbai Suburban,BRIHAN MUMBAI,MC,7,21,PRABHAG NO 21 ,,,Girkar Shailaja Vijay,,,,,,,1605,Bhartiya Janata Party,BJP,,15344,1,,4,23918,64.153,,,23918,,,,
Maharashtra,2017,21-02-2017, ,1,Mumbai Suburban,BRIHAN MUMBAI,MC,7,21,Ward no. 21 ,,,Girkar Pratibha Yogesh,,,,,,,1605,Bhartiya Janata Party,BJP,,9591,1,,2,11804,81.252,,,11804,,,,
Maharashtra,2017,21-02-2017, ,0,Mumbai Suburban,BRIHAN MUMBAI,MC,7,21,PRABHAG NO 21 ,,,MISTRY JAYASHREE ANIL,,,,,,,18691,Shivsena,SHS,,5000,2,,4,23918,20.905,,,23918,,,,
Maharashtra,2017,21-02-2017, ,1,Mumbai Suburban,BRIHAN MUMBAI,MC,7,21,Ward no. 21 ,,,MADHALE NILAM VISHAL,,,,,,,1605,Indian National Congress,BJP,,1984,2,,2,11804,16.808,,,11804,,,,
Maharashtra,2017,21-02-2017, ,0,Mumbai Suburban,BRIHAN MUMBAI,MC,7,21,PRABHAG NO 21 ,,,Bhandari Minakshi Jayesh,,,,,,,1605,Indian National Congress,BJP,,2364,3,,4,23918,9.884,,,23918,,,,
Maharashtra,2017,21-02-2017, ,1,Mumbai Suburban,BRIHAN MUMBAI,MC,7,21,Ward no. 21 ,,,NOTA,,,,,,,u10003,,,,229,3,,2,11804,1.94,,,11804,,,,
Maharashtra,2017,21-02-2017, ,0,Mumbai Suburban,BRIHAN MUMBAI,MC,7,21,PRABHAG NO 21 ,,,KULKARNI SEEMA PRADEEP,,,,,,,11633,Maharashtra Navnirman Sena,MNS,,768,4,,4,23918,3.211,,,23918,,,,
Maharashtra,2017,21-02-2017, ,0,Mumbai Suburban,BRIHAN MUMBAI,MC,7,21,PRABHAG NO 21 ,,,NOTA,,,,,,,u10003,,,,442,5,,4,23918,1.848,,,23918,,,,
Maharashtra,2017,21-02-2017, ,0,Mumbai Suburban,BRIHAN MUMBAI,MC,7,22,PRABHAG NO 22 ,,,More Priyanka Prafull,,,,,,,1605,Bhartiya Janata Party,BJP,,14570,1,,5,23957,60.817,,,23957,,,,
Maharashtra,2017,21-02-2017, ,0,Mumbai Suburban,BRIHAN MUMBAI,MC,7,22,PRABHAG NO 22 ,,,PRASADE SUVARNA SUBHASH,,,,,,,18691,Shivsena,SHS,,4313,2,,5,23957,18.003,,,23957,,,,
Maharashtra,2017,21-02-2017, ,0,Mumbai Suburban,BRIHAN MUMBAI,MC,7,22,PRABHAG NO 22 ,,,MADHALE NILAM VISHAL,,,,,,,1605,Indian National Congress,BJP,,2624,3,,5,23957,10.953,,,23957,,,,
Maharashtra,2017,21-02-2017, ,0,Mumbai Suburban,BRIHAN MUMBAI,MC,7,22,PRABHAG NO 22 ,,,MANWACHARYA POOJA KUNAL,,,,,,,5792,Nationalist Congress Party,NCP,,1183,4,,5,23957,4.938,,,23957,,,,
Maharashtra,2017,21-02-2017, ,0,Mumbai Suburban,BRIHAN MUMBAI,MC,7,22,PRABHAG NO 22 ,,,GHADI PAYAL PANDURANG,,,,,,,11633,Maharashtra Navnirman Sena,MNS,,806,5,,5,23957,3.364,,,23957,,,,
Maharashtra,2017,21-02-2017, ,0,Mumbai Suburban,BRIHAN MUMBAI,MC,7,22,PRABHAG NO 22 ,,,NOTA,,,,,,,u10003,,,,461,6,,5,23957,1.924,,,23957,,,,
Maharashtra,2017,21-02-2017, ,0,Mumbai Suburban,BRIHAN MUMBAI,MC,7,23,PRABHAG NO 23 ,,,JHA SHIVKUMAR BASUKINATH,,,,,,,1605,Bhartiya Janata Party,BJP,,7197,1,,20,21450,33.552,,,21450,,,,
Maharashtra,2017,21-02-2017, ,0,Mumbai Suburban,BRIHAN MUMBAI,MC,7,23,PRABHAG NO 23 ,,,SINGH SHIVSAHAY HANUMANPRASAD,,,,,,,1605,Indian National Congress,BJP,,4567,2,,20,21450,21.291,,,21450,,,,
Maharashtra,2017,21-02-2017, ,0,Mumbai Suburban,BRIHAN MUMBAI,MC,7,23,PRABHAG NO 23 ,,,Sawant Ashok Vasudev,,,,,,,18691,Shivsena,SHS,,4070,3,,20,21450,18.974,,,21450,,,,
Maharashtra,2017,21-02-2017, ,0,Mumbai Suburban,BRIHAN MUMBAI,MC,7,23,PRABHAG NO 23 ,,,Patel Sanjay Nagindas,,,,,,,10809,Independent,IND,,1064,4,,20,21450,4.96,,,21450,,,,
Maharashtra,2017,21-02-2017, ,0,Mumbai Suburban,BRIHAN MUMBAI,MC,7,23,PRABHAG NO 23 ,,,MISHRA RAGHVENDRA BALIRAJ,,,,,,,10809,Independent,IND,,1057,5,,20,21450,4.928,,,21450,,,,
Maharashtra,2017,21-02-2017, ,0,Mumbai Suburban,BRIHAN MUMBAI,MC,7,23,PRABHAG NO 23 ,,,Singh Jitendra Satyanarayan,,,,,,,10809,Independent,IND,,841,6,,20,21450,3.921,,,21450,,,,
Maharashtra,2017,21-02-2017, ,0,Mumbai Suburban,BRIHAN MUMBAI,MC,7,23,PRABHAG NO 23 ,,,JHA SANTOSH RAMAKANT,,,,,,,10809,Independent,IND,,556,7,,20,21450,2.592,,,21450,,,,
Maharashtra,2017,21-02-2017, ,0,Mumbai Suburban,BRIHAN MUMBAI,MC,7,23,PRABHAG NO 23 ,,,SALVI GAJANAN SHANTARAM,,,,,,,11633,Maharashtra Navnirman Sena,MNS,,299,8,,20,21450,1.394,,,21450,,,,
Maharashtra,2017,21-02-2017, ,0,Mumbai Suburban,BRIHAN MUMBAI,MC,7,23,PRABHAG NO 23 ,,,CHAUDHARI TILAKKUMAR RAMNARESH,,,,,,,10809,Independent,IND,,262,9,,20,21450,1.221,,,21450,,,,
Maharashtra,2017,21-02-2017, ,0,Mumbai Suburban,BRIHAN MUMBAI,MC,7,23,PRABHAG NO 23 ,,,CHAVAN KISHOR DHONDU,,,,,,,9677,Bahujan Vikas Aghadi,BVA,,235,10,,20,21450,1.096,,,21450,,,,
Maharashtra,2017,21-02-2017, ,0,Mumbai Suburban,BRIHAN MUMBAI,MC,7,23,PRABHAG NO 23 ,,,DUBEY ATMARAM SHYAMNARAYAN,,,,,,,10809,Independent,IND,,210,11,,20,21450,0.979,,,21450,,,,
Maharashtra,2017,21-02-2017, ,0,Mumbai Suburban,BRIHAN MUMBAI,MC,7,23,PRABHAG NO 23 ,,,JADHAV RAGHUNATH BABAN,,,,,,,10809,Independent,IND,,190,12,,20,21450,0.886,,,21450,,,,
Maharashtra,2017,21-02-2017, ,0,Mumbai Suburban,BRIHAN MUMBAI,MC,7,23,PRABHAG NO 23 ,,,KHAN HUSSAIN ABBASALI,,,,,,,16651,Bahujan Samaj Party,BSP,,145,13,,20,21450,0.676,,,21450,,,,
Maharashtra,2017,21-02-2017, ,0,Mumbai Suburban,BRIHAN MUMBAI,MC,7,23,PRABHAG NO 23 ,,,Bandivadekar Deepak Mahadev,,,,,,,10809,Independent,IND,,126,14,,20,21450,0.587,,,21450,,,,
Maharashtra,2017,21-02-2017, ,0,Mumbai Suburban,BRIHAN MUMBAI,MC,7,23,PRABHAG NO 23 ,,,dubey ravindranath pashupatinath,,dubey ravindranath पशुपतीनाथ,,,,,7425,Samajwadi Party,SP,,116,15,,20,21450,0.541,,,21450,,,,
Maharashtra,2017,21-02-2017, ,0,Mumbai Suburban,BRIHAN MUMBAI,MC,7,23,PRABHAG NO 23 ,,,PANDEY KRISHNAKANT KAILASHNATH,,,,,,,10809,Independent,IND,,89,16,,20,21450,0.415,,,21450,,,,
Maharashtra,2017,21-02-2017, ,0,Mumbai Suburban,BRIHAN MUMBAI,MC,7,23,PRABHAG NO 23 ,,,PANDEY SANTOSH ASHOK,,,,,,,10809,Independent,IND,,85,17,,20,21450,0.396,,,21450,,,,
Maharashtra,2017,21-02-2017, ,0,Mumbai Suburban,BRIHAN MUMBAI,MC,7,23,PRABHAG NO 23 ,,,AMBHORE RAJESH NARAYAN,,,,,,,10809,Independent,IND,,68,18,,20,21450,0.317,,,21450,,,,
Maharashtra,2017,21-02-2017, ,0,Mumbai Suburban,BRIHAN MUMBAI,MC,7,23,PRABHAG NO 23 ,,,RANAWARE PRAMOD JANARDHAN,,,,,,,5792,Nationalist Congress Party,NCP,,67,19,,20,21450,0.312,,,21450,,,,
Maharashtra,2017,21-02-2017, ,0,Mumbai Suburban,BRIHAN MUMBAI,MC,7,23,PRABHAG NO 23 ,,,Singh AmarPratap Shambhunath,,,,,,,10809,Independent,IND,,26,20,,20,21450,0.121,,,21450,,,,
Maharashtra,2017,21-02-2017, ,0,Mumbai Suburban,BRIHAN MUMBAI,MC,7,23,PRABHAG NO 23 ,,,NOTA,,,,,,,u10003,,,,180,21,,20,21450,0.839,,,21450,,,,
Maharashtra,2017,21-02-2017, ,0,Mumbai Suburban,BRIHAN MUMBAI,MC,7,24,PRABHAG NO 24 ,,,Yadav Sunita Ramnagina,,,,,,,1605,Bhartiya Janata Party,BJP,,10144,1,,10,19943,50.865,,,19943,,,,
Maharashtra,2017,21-02-2017, ,0,Mumbai Suburban,BRIHAN MUMBAI,MC,7,24,PRABHAG NO 24 ,,,Sawant-Vishwasrao Prajakta Vikas,,,,,,,18691,Shivsena,SHS,,5435,2,,10,19943,27.253,,,19943,,,,
Maharashtra,2017,21-02-2017, ,0,Mumbai Suburban,BRIHAN MUMBAI,MC,7,24,PRABHAG NO 24 ,,,JHA PUSHPA SANJAY,,,,,,,1605,Indian National Congress,BJP,,1167,3,,10,19943,5.852,,,19943,,,,
Maharashtra,2017,21-02-2017, ,0,Mumbai Suburban,BRIHAN MUMBAI,MC,7,24,PRABHAG NO 24 ,,,Pawar arti Vinod,,,,,,,11633,Maharashtra Navnirman Sena,MNS,,918,4,,10,19943,4.603,,,19943,,,,
Maharashtra,2017,21-02-2017, ,0,Mumbai Suburban,BRIHAN MUMBAI,MC,7,24,PRABHAG NO 24 ,,,Nag Savita Sudesh,,,,,,,10809,Independent,IND,,570,5,,10,19943,2.858,,,19943,,,,
Maharashtra,2017,21-02-2017, ,0,Mumbai Suburban,BRIHAN MUMBAI,MC,7,24,PRABHAG NO 24 ,,,JHA MANORAMA RAKESH,,,,,,,10809,Independent,IND,,419,6,,10,19943,2.101,,,19943,,,,
Maharashtra,2017,21-02-2017, ,0,Mumbai Suburban,BRIHAN MUMBAI,MC,7,24,PRABHAG NO 24 ,,,VISHWAKARMA SARITA MAHENDRA,,,,,,,10809,Independent,IND,,336,7,,10,19943,1.685,,,19943,,,,
Maharashtra,2017,21-02-2017, ,0,Mumbai Suburban,BRIHAN MUMBAI,MC,7,24,PRABHAG NO 24 ,,,JHA BINDU MANOJ,,,,,,,10809,Independent,IND,,220,8,,10,19943,1.103,,,19943,,,,
Maharashtra,2017,21-02-2017, ,0,Mumbai Suburban,BRIHAN MUMBAI,MC,7,24,PRABHAG NO 24 ,,,shukla asha shivkumar,,,,,,,10809,Independent,IND,,132,9,,10,19943,0.662,,,19943,,,,
Maharashtra,2017,21-02-2017, ,0,Mumbai Suburban,BRIHAN MUMBAI,MC,7,24,PRABHAG NO 24 ,,,JHA ANITA SANJAY,,,,,,,10809,Independent,IND,,89,10,,10,19943,0.446,,,19943,,,,
Maharashtra,2017,21-02-2017, ,0,Mumbai Suburban,BRIHAN MUMBAI,MC,7,24,PRABHAG NO 24 ,,,NOTA,,,,,,,u10003,,,,513,11,,10,19943,2.572,,,19943,,,,
Maharashtra,2017,21-02-2017, ,0,Mumbai Suburban,BRIHAN MUMBAI,MC,7,25,PRABHAG NO 25 ,,,bhoir madhuri yogesh,,,,,,,18691,Shivsena,SHS,,7185,1,,7,15466,46.457,,,15466,,,,
Maharashtra,2017,21-02-2017, ,0,Mumbai Suburban,BRIHAN MUMBAI,MC,7,25,PRABHAG NO 25 ,,,Bangera Nisha Suresh,,,,,,,1605,Bhartiya Janata Party,BJP,,6792,2,,7,15466,43.916,,,15466,,,,
Maharashtra,2017,21-02-2017, ,0,Mumbai Suburban,BRIHAN MUMBAI,MC,7,25,PRABHAG NO 25 ,,,MANKAR BHOOMI SUNIL,,,,,,,1605,Indian National Congress,BJP,,778,3,,7,15466,5.03,,,15466,,,,
Maharashtra,2017,21-02-2017, ,0,Mumbai Suburban,BRIHAN MUMBAI,MC,7,25,PRABHAG NO 25 ,,,MORYE ASHWINI ASHOK,,,,,,,11633,Maharashtra Navnirman Sena,MNS,,275,4,,7,15466,1.778,,,15466,,,,
Maharashtra,2017,21-02-2017, ,0,Mumbai Suburban,BRIHAN MUMBAI,MC,7,25,PRABHAG NO 25 ,,,Beloshe Geeta Suresh,,,,,,,5792,Nationalist Congress Party,NCP,,105,5,,7,15466,0.679,,,15466,,,,
Maharashtra,2017,21-02-2017, ,0,Mumbai Suburban,BRIHAN MUMBAI,MC,7,25,PRABHAG NO 25 ,,,KHARATMAL PRITI PRASHANT,,,,,,,10809,Independent,IND,,53,6,,7,15466,0.343,,,15466,,,,
Maharashtra,2017,21-02-2017, ,0,Mumbai Suburban,BRIHAN MUMBAI,MC,7,25,PRABHAG NO 25 ,,,MANE SANGITA ANIL,,,,,,,u10008,Bhartiya Shetkari Kamgar Paksh,,,25,7,,7,15466,0.162,,,15466,,,,
Maharashtra,2017,21-02-2017, ,0,Mumbai Suburban,BRIHAN MUMBAI,MC,7,25,PRABHAG NO 25 ,,,NOTA,,,,,,,u10003,,,,253,8,,7,15466,1.636,,,15466,,,,
Maharashtra,2017,21-02-2017, ,0,Mumbai Suburban,BRIHAN MUMBAI,MC,7,26,PRABHAG NO 26 ,,,PANDAGLE PREETAM GAUTAM,,,,,,,1605,Bhartiya Janata Party,BJP,,3948,1,,10,14597,27.047,,,14597,,,,
Maharashtra,2017,21-02-2017, ,0,Mumbai Suburban,BRIHAN MUMBAI,MC,7,26,PRABHAG NO 26 ,,,PANDAGLE BHARTI RAM,,,,,,,18691,Shivsena,SHS,,3129,2,,10,14597,21.436,,,14597,,,,
Maharashtra,2017,21-02-2017, ,0,Mumbai Suburban,BRIHAN MUMBAI,MC,7,26,PRABHAG NO 26 ,,,WAGH RAKSHA DEEPAK,,,,,,,1605,Indian National Congress,BJP,,2345,3,,10,14597,16.065,,,14597,,,,
Maharashtra,2017,21-02-2017, ,0,Mumbai Suburban,BRIHAN MUMBAI,MC,7,26,PRABHAG NO 26 ,,,Nandgaonkar Vandana Ramdas,,,,,,,1875,Bharip Bahujan Mahasangh,BBM,,1565,4,,10,14597,10.721,,,14597,,,,
Maharashtra,2017,21-02-2017, ,0,Mumbai Suburban,BRIHAN MUMBAI,MC,7,26,PRABHAG NO 26 ,,,GAIKWAD VIDYA ATUL,,,,,,,11633,Maharashtra Navnirman Sena,MNS,,1250,5,,10,14597,8.563,,,14597,,,,
Maharashtra,2017,21-02-2017, ,0,Mumbai Suburban,BRIHAN MUMBAI,MC,7,26,PRABHAG NO 26 ,,,NARWADE SUNITA RAJESH,,,,,,,5792,Nationalist Congress Party,NCP,,929,6,,10,14597,6.364,,,14597,,,,
Maharashtra,2017,21-02-2017, ,0,Mumbai Suburban,BRIHAN MUMBAI,MC,7,26,PRABHAG NO 26 ,,,KHOPE BHARATI SAMBHAJI,,,,,,,16651,Bahujan Samaj Party,BSP,,595,7,,10,14597,4.076,,,14597,,,,
Maharashtra,2017,21-02-2017, ,0,Mumbai Suburban,BRIHAN MUMBAI,MC,7,26,PRABHAG NO 26 ,,,PAKHARE SUNITA PANDURANG,,,,,,,12285,Republican Party of India (A),RPI(A),,267,8,,10,14597,1.829,,,14597,,,,
Maharashtra,2017,21-02-2017, ,0,Mumbai Suburban,BRIHAN MUMBAI,MC,7,26,PRABHAG NO 26 ,,,Admane Prema Gorakhnath,,,,,,,1074,Bahujan Mukti Party,BMUP,,149,9,,10,14597,1.021,,,14597,,,,
Maharashtra,2017,21-02-2017, ,0,Mumbai Suburban,BRIHAN MUMBAI,MC,7,26,PRABHAG NO 26 ,,,BOBADE JYOTI ARJUN,,,,,,,1096,bahujan republican sociolist party,BARESP,,70,10,,10,14597,0.48,,,14597,,,,
Maharashtra,2017,21-02-2017, ,0,Mumbai Suburban,BRIHAN MUMBAI,MC,7,26,PRABHAG NO 26 ,,,NOTA,,,,,,,u10003,,,,350,11,,10,14597,2.398,,,14597,,,,
Maharashtra,2017,21-02-2017, ,0,Mumbai Suburban,BRIHAN MUMBAI,MC,7,27,PRABHAG NO 27 ,,,PATIL SUREKHA MANOJKUMAR,,,,,,,1605,Bhartiya Janata Party,BJP,,7347,1,,4,15729,46.71,,,15729,,,,
Maharashtra,2017,21-02-2017, ,0,Mumbai Suburban,BRIHAN MUMBAI,MC,7,27,PRABHAG NO 27 ,,,Ambekar Anupama Prakash,,,,,,,18691,Shivsena,SHS,,4098,2,,4,15729,26.054,,,15729,,,,
Maharashtra,2017,21-02-2017, ,0,Mumbai Suburban,BRIHAN MUMBAI,MC,7,27,PRABHAG NO 27 ,,,YADAV PRIYANKA SUBHASH,,,,,,,1605,Indian National Congress,BJP,,3152,3,,4,15729,20.039,,,15729,,,,
Maharashtra,2017,21-02-2017, ,0,Mumbai Suburban,BRIHAN MUMBAI,MC,7,27,PRABHAG NO 27 ,,,GHULE KESHAR SHRIHARI,,,,,,,11633,Maharashtra Navnirman Sena,MNS,,765,4,,4,15729,4.864,,,15729,,,,
Maharashtra,2017,21-02-2017, ,0,Mumbai Suburban,BRIHAN MUMBAI,MC,7,27,PRABHAG NO 27 ,,,NOTA,,,,,,,u10003,,,,367,5,,4,15729,2.333,,,15729,,,,
Maharashtra,2017,21-02-2017, ,0,Mumbai Suburban,BRIHAN MUMBAI,MC,7,28,PRABHAG NO 28 ,,,YADAV RAJPATI BARGUN,,,,,,,1605,Indian National Congress,BJP,,8241,1,,8,20983,39.275,,,20983,,,,
Maharashtra,2017,21-02-2017, ,0,Mumbai Suburban,BRIHAN MUMBAI,MC,7,28,PRABHAG NO 28 ,,,HUNDARE EKNATH DNYANDEV,,,,,,,18691,Shivsena,SHS,,4608,2,,8,20983,21.961,,,20983,,,,
Maharashtra,2017,21-02-2017, ,0,Mumbai Suburban,BRIHAN MUMBAI,MC,7,28,PRABHAG NO 28 ,,,SALUNKHE KIRAN CHANDRAKANT,,,,,,,1605,Bhartiya Janata Party,BJP,,4572,3,,8,20983,21.789,,,20983,,,,
Maharashtra,2017,21-02-2017, ,0,Mumbai Suburban,BRIHAN MUMBAI,MC,7,28,PRABHAG NO 28 ,,,PALKAR BALKRISHNA PRABHAKAR,,,,,,,11633,Maharashtra Navnirman Sena,MNS,,923,4,,8,20983,4.399,,,20983,,,,
Maharashtra,2017,21-02-2017, ,0,Mumbai Suburban,BRIHAN MUMBAI,MC,7,28,PRABHAG NO 28 ,,,GHONGE VASANTRAO KRISHNARAO,,,,,,,1875,Bharip Bahujan Mahasangh,BBM,,903,5,,8,20983,4.303,,,20983,,,,
Maharashtra,2017,21-02-2017, ,0,Mumbai Suburban,BRIHAN MUMBAI,MC,7,28,PRABHAG NO 28 ,,,YADAV NILESHKUMAR GATTU,,,,,,,7425,Samajwadi Party,SP,,595,6,,8,20983,2.836,,,20983,,,,
Maharashtra,2017,21-02-2017, ,0,Mumbai Suburban,BRIHAN MUMBAI,MC,7,28,PRABHAG NO 28 ,,,PATIL RAJAN RAMDAS,,,,,,,16651,Bahujan Samaj Party,BSP,,581,7,,8,20983,2.769,,,20983,,,,
Maharashtra,2017,21-02-2017, ,0,Mumbai Suburban,BRIHAN MUMBAI,MC,7,28,PRABHAG NO 28 ,,,JOSHI SURENDRA MACHINDRA,,,,,,,8690,Akhil Bharatiya Sena,ABHS,,199,8,,8,20983,0.948,,,20983,,,,
Maharashtra,2017,21-02-2017, ,0,Mumbai Suburban,BRIHAN MUMBAI,MC,7,28,PRABHAG NO 28 ,,,NOTA,,,,,,,u10003,,,,361,9,,8,20983,1.72,,,20983,,,,
Maharashtra,2017,21-02-2017, ,0,Mumbai Suburban,BRIHAN MUMBAI,MC,7,29,PRABHAG NO 29 ,,,Singh Sagar Ramesh,,,,,,,1605,Bhartiya Janata Party,BJP,,8043,1,,13,21326,37.715,,,21326,,,,
Maharashtra,2017,21-02-2017, ,0,Mumbai Suburban,BRIHAN MUMBAI,MC,7,29,PRABHAG NO 29 ,,,PATIL SACHIN BALKRISHNA,,,,,,,18691,Shivsena,SHS,,5231,2,,13,21326,24.529,,,21326,,,,
Maharashtra,2017,21-02-2017, ,0,Mumbai Suburban,BRIHAN MUMBAI,MC,7,29,PRABHAG NO 29 ,,,Gupta Ramashish Gopal,,,,,,,1605,Indian National Congress,BJP,,3956,3,,13,21326,18.55,,,21326,,,,
Maharashtra,2017,21-02-2017, ,0,Mumbai Suburban,BRIHAN MUMBAI,MC,7,29,PRABHAG NO 29 ,,,PAMECHA MUKESH BASANTILAL,,,,,,,10809,Independent,IND,,1977,4,,13,21326,9.27,,,21326,,,,
Maharashtra,2017,21-02-2017, ,0,Mumbai Suburban,BRIHAN MUMBAI,MC,7,29,PRABHAG NO 29 ,,,Desai Satish Manohar,,,,,,,10809,Independent,IND,,934,5,,13,21326,4.38,,,21326,,,,
Maharashtra,2017,21-02-2017, ,0,Mumbai Suburban,BRIHAN MUMBAI,MC,7,29,PRABHAG NO 29 ,,,gunje sushil prakash,,,,,,,11633,Maharashtra Navnirman Sena,MNS,,538,6,,13,21326,2.523,,,21326,,,,
Maharashtra,2017,21-02-2017, ,0,Mumbai Suburban,BRIHAN MUMBAI,MC,7,29,PRABHAG NO 29 ,,,SALVE RAJESH JAGANNATH,,,,,,,16651,Bahujan Samaj Party,BSP,,110,7,,13,21326,0.516,,,21326,,,,
Maharashtra,2017,21-02-2017, ,0,Mumbai Suburban,BRIHAN MUMBAI,MC,7,29,PRABHAG NO 29 ,,,More Kiran Purushottam,,,,,,,5792,Nationalist Congress Party,NCP,,90,8,,13,21326,0.422,,,21326,,,,
Maharashtra,2017,21-02-2017, ,0,Mumbai Suburban,BRIHAN MUMBAI,MC,7,29,PRABHAG NO 29 ,,,YADAV PUNIT HIRAMAN,,,,,,,7425,Samajwadi Party,SP,,77,9,,13,21326,0.361,,,21326,,,,
Maharashtra,2017,21-02-2017, ,0,Mumbai Suburban,BRIHAN MUMBAI,MC,7,29,PRABHAG NO 29 ,,,VISHWAKARMA RAVI RAMaSRE,,,,,,,10809,Independent,IND,,32,10,,13,21326,0.15,,,21326,,,,
Maharashtra,2017,21-02-2017, ,0,Mumbai Suburban,BRIHAN MUMBAI,MC,7,29,PRABHAG NO 29 ,,,NAVGIRE NILESH HARIDAS,,,,,,,10809,Independent,IND,,25,11,,13,21326,0.117,,,21326,,,,
Maharashtra,2017,21-02-2017, ,0,Mumbai Suburban,BRIHAN MUMBAI,MC,7,29,PRABHAG NO 29 ,,,Marchande Shashikala Barkya,,,,,,,5577,National Black Panthar,NBPP,,22,12,,13,21326,0.103,,,21326,,,,
Maharashtra,2017,21-02-2017, ,0,Mumbai Suburban,BRIHAN MUMBAI,MC,7,29,PRABHAG NO 29 ,,,KURADE LAXMAN YELLPPA,,,,,,,9677,Bahujan Vikas Aghadi,BVA,,18,13,,13,21326,0.084,,,21326,,,,
Maharashtra,2017,21-02-2017, ,0,Mumbai Suburban,BRIHAN MUMBAI,MC,7,29,PRABHAG NO 29 ,,,NOTA,,,,,,,u10003,,,,273,14,,13,21326,1.28,,,21326,,,,
Maharashtra,2017,21-02-2017, ,0,Mumbai Suburban,BRIHAN MUMBAI,MC,7,30,PRABHAG NO 30 ,,,DEHERKAR LEENA RAJESH,,,,,,,1605,Bhartiya Janata Party,BJP,,18333,1,,5,24690,74.253,,,24690,,,,
Maharashtra,2017,21-02-2017, ,0,Mumbai Suburban,BRIHAN MUMBAI,MC,7,30,PRABHAG NO 30 ,,,RUGHANI NAMRATA NIKUNJ,,,,,,,18691,Shivsena,SHS,,3459,2,,5,24690,14.01,,,24690,,,,
Maharashtra,2017,21-02-2017, ,0,Mumbai Suburban,BRIHAN MUMBAI,MC,7,30,PRABHAG NO 30 ,,,Kanoujia Nirmala Brijmohan,,,,,,,1605,Indian National Congress,BJP,,1511,3,,5,24690,6.12,,,24690,,,,
Maharashtra,2017,21-02-2017, ,0,Mumbai Suburban,BRIHAN MUMBAI,MC,7,30,PRABHAG NO 30 ,,,DWIVEDI MINAL JITENDRA,,,,,,,11633,Maharashtra Navnirman Sena,MNS,,834,4,,5,24690,3.378,,,24690,,,,
Maharashtra,2017,21-02-2017, ,0,Mumbai Suburban,BRIHAN MUMBAI,MC,7,30,PRABHAG NO 30 ,,,gohil meena jitendra,,,,,,,7425,Samajwadi Party,SP,,63,5,,5,24690,0.255,,,24690,,,,
Maharashtra,2017,21-02-2017, ,0,Mumbai Suburban,BRIHAN MUMBAI,MC,7,30,PRABHAG NO 30 ,,,NOTA,,,,,,,u10003,,,,490,6,,5,24690,1.985,,,24690,,,,
Maharashtra,2017,21-02-2017, ,0,Mumbai Suburban,BRIHAN MUMBAI,MC,7,31,PRABHAG NO 31 ,,,YADAV KAMLESH SHOBHNATH,,,,,,,1605,Bhartiya Janata Party,BJP,,7826,1,,7,20006,39.118,,,20006,,,,
Maharashtra,2017,21-02-2017, ,0,Mumbai Suburban,BRIHAN MUMBAI,MC,7,31,PRABHAG NO 31 ,,,YADAV GEETA ASHISH,,,,,,,1605,Indian National Congress,BJP,,3973,2,,7,20006,19.859,,,20006,,,,
Maharashtra,2017,21-02-2017, ,0,Mumbai Suburban,BRIHAN MUMBAI,MC,7,31,PRABHAG NO 31 ,,,SALVI DINESH ANANT,,,,,,,11633,Maharashtra Navnirman Sena,MNS,,3163,3,,7,20006,15.81,,,20006,,,,
Maharashtra,2017,21-02-2017, ,0,Mumbai Suburban,BRIHAN MUMBAI,MC,7,31,PRABHAG NO 31 ,,,YADAV KAILASH BALIRAM,,,,,,,7425,Samajwadi Party,SP,,2535,4,,7,20006,12.671,,,20006,,,,
Maharashtra,2017,21-02-2017, ,0,Mumbai Suburban,BRIHAN MUMBAI,MC,7,31,PRABHAG NO 31 ,,,YADAV KAMLESH RAMSANEHI,,,,,,,18691,Shivsena,SHS,,1994,5,,7,20006,9.967,,,20006,,,,
Maharashtra,2017,21-02-2017, ,0,Mumbai Suburban,BRIHAN MUMBAI,MC,7,31,PRABHAG NO 31 ,,,BHATKAR BABITA DEVIDAS,,,,,,,16651,Bahujan Samaj Party,BSP,,163,6,,7,20006,0.815,,,20006,,,,
Maharashtra,2017,21-02-2017, ,0,Mumbai Suburban,BRIHAN MUMBAI,MC,7,31,PRABHAG NO 31 ,,,Vasaikar Sonal Sandeep,,,,,,,5792,Nationalist Congress Party,NCP,,104,7,,7,20006,0.52,,,20006,,,,
Maharashtra,2017,21-02-2017, ,0,Mumbai Suburban,BRIHAN MUMBAI,MC,7,31,PRABHAG NO 31 ,,,NOTA,,,,,,,u10003,,,,248,8,,7,20006,1.24,,,20006,,,,
Maharashtra,2017,21-02-2017, ,0,Mumbai Suburban,BRIHAN MUMBAI,MC,7,32,PRABHAG NO 32 ,,,KINNY STEFFIE MORRIS,,,,,,,1605,Indian National Congress,BJP,,6775,1,,4,18693,36.244,,,18693,,,,
Maharashtra,2017,21-02-2017, ,0,Mumbai Suburban,BRIHAN MUMBAI,MC,7,32,PRABHAG NO 32 ,,,BHANDARI GEETA KIRAN,,,,,,,18691,Shivsena,SHS,,5765,2,,4,18693,30.84,,,18693,,,,
Maharashtra,2017,21-02-2017, ,0,Mumbai Suburban,BRIHAN MUMBAI,MC,7,32,PRABHAG NO 32 ,,,WADE ARCHANA BHUSHAN,,,,,,,1605,Bhartiya Janata Party,BJP,,5320,3,,4,18693,28.46,,,18693,,,,
Maharashtra,2017,21-02-2017, ,0,Mumbai Suburban,BRIHAN MUMBAI,MC,7,32,PRABHAG NO 32 ,,,MOHANE CHANDRAKALA GOVIND,,,,,,,11633,Maharashtra Navnirman Sena,MNS,,393,4,,4,18693,2.102,,,18693,,,,
Maharashtra,2017,21-02-2017, ,0,Mumbai Suburban,BRIHAN MUMBAI,MC,7,32,PRABHAG NO 32 ,,,NOTA,,,,,,,u10003,,,,440,5,,4,18693,2.354,,,18693,,,,
Maharashtra,2017,21-02-2017, ,0,Mumbai Suburban,BRIHAN MUMBAI,MC,7,33,PRABHAG NO 33 ,,,CHOUDHARY VIRENDRA TUKARAM,,,,,,,1605,Indian National Congress,BJP,,5232,1,,7,14133,37.02,,,14133,,,,
Maharashtra,2017,21-02-2017, ,0,Mumbai Suburban,BRIHAN MUMBAI,MC,7,33,PRABHAG NO 33 ,,,VAITY UJWALA PRAMOD,,,,,,,1605,Bhartiya Janata Party,BJP,,2690,2,,7,14133,19.033,,,14133,,,,
Maharashtra,2017,21-02-2017, ,0,Mumbai Suburban,BRIHAN MUMBAI,MC,7,33,PRABHAG NO 33 ,,,BHANDARI AJIT DAMODAR,,,,,,,18691,Shivsena,SHS,,2418,3,,7,14133,17.109,,,14133,,,,
Maharashtra,2017,21-02-2017, ,0,Mumbai Suburban,BRIHAN MUMBAI,MC,7,33,PRABHAG NO 33 ,,,MANDAVKAR JAYARAM SITARAM,,,,,,,10809,Independent,IND,,1802,4,,7,14133,12.75,,,14133,,,,
Maharashtra,2017,21-02-2017, ,0,Mumbai Suburban,BRIHAN MUMBAI,MC,7,33,PRABHAG NO 33 ,,,BAGHBAN MOHDMUZAMMIL MOHDSHAKIL,,,,,,,706,All India Majlis e Ittehadul Muslimeen,AIMIM,,1302,5,,7,14133,9.212,,,14133,,,,
Maharashtra,2017,21-02-2017, ,0,Mumbai Suburban,BRIHAN MUMBAI,MC,7,33,PRABHAG NO 33 ,,,KANADE DISHA DATTARAM,,,,,,,5792,Nationalist Congress Party,NCP,,490,6,,7,14133,3.467,,,14133,,,,
Maharashtra,2017,21-02-2017, ,0,Mumbai Suburban,BRIHAN MUMBAI,MC,7,33,PRABHAG NO 33 ,,,BHOPI VIKAS MORRESHWAR,,,,,,,10809,Independent,IND,,22,7,,7,14133,0.156,,,14133,,,,
Maharashtra,2017,21-02-2017, ,0,Mumbai Suburban,BRIHAN MUMBAI,MC,7,33,PRABHAG NO 33 ,,,NOTA,,,,,,,u10003,,,,177,8,,7,14133,1.252,,,14133,,,,
Maharashtra,2017,21-02-2017, ,0,Mumbai Suburban,BRIHAN MUMBAI,MC,7,34,PRABHAG NO 34 ,,,SIDDIQUI QUMARJAHAN MOHAMMEDMOEEN,,,,,,,1605,Indian National Congress,BJP,,10500,1,,9,22917,45.818,,,22917,,,,
Maharashtra,2017,21-02-2017, ,0,Mumbai Suburban,BRIHAN MUMBAI,MC,7,34,PRABHAG NO 34 ,,,MADYALKAR SUVARNA PRAKASH,,,,,,,18691,Shivsena,SHS,,4195,2,,9,22917,18.305,,,22917,,,,
Maharashtra,2017,21-02-2017, ,0,Mumbai Suburban,BRIHAN MUMBAI,MC,7,34,PRABHAG NO 34 ,,,AZAM SHABANA JAWED,,,,,,,1605,Bhartiya Janata Party,BJP,,4027,3,,9,22917,17.572,,,22917,,,,
Maharashtra,2017,21-02-2017, ,0,Mumbai Suburban,BRIHAN MUMBAI,MC,7,34,PRABHAG NO 34 ,,,KHAN ALIYA HAIYUR,,,,,,,706,All India Majlis e Ittehadul Muslimeen,AIMIM,,1490,4,,9,22917,6.502,,,22917,,,,
Maharashtra,2017,21-02-2017, ,0,Mumbai Suburban,BRIHAN MUMBAI,MC,7,34,PRABHAG NO 34 ,,,GHADIGAONKAR VAISHALI VISHWAS,,,,,,,11633,Maharashtra Navnirman Sena,MNS,,1127,5,,9,22917,4.918,,,22917,,,,
Maharashtra,2017,21-02-2017, ,0,Mumbai Suburban,BRIHAN MUMBAI,MC,7,34,PRABHAG NO 34 ,,,RIZVI SONI SOHAIL,,,,,,,7425,Samajwadi Party,SP,,934,6,,9,22917,4.076,,,22917,,,,
Maharashtra,2017,21-02-2017, ,0,Mumbai Suburban,BRIHAN MUMBAI,MC,7,34,PRABHAG NO 34 ,,,Khan NaseemBegum Ahmed,,,,,,,14635,Communist Party Of India (Marxist),CPM,,294,7,,9,22917,1.283,,,22917,,,,
Maharashtra,2017,21-02-2017, ,0,Mumbai Suburban,BRIHAN MUMBAI,MC,7,34,PRABHAG NO 34 ,,,SINGH RUPALI BINAY,,,,,,,10809,Independent,IND,,70,8,,9,22917,0.305,,,22917,,,,
Maharashtra,2017,21-02-2017, ,0,Mumbai Suburban,BRIHAN MUMBAI,MC,7,34,PRABHAG NO 34 ,,,BONDARE VIMAL LAXMAN,,,,,,,1074,Bahujan Mukti Party,BMUP,,56,9,,9,22917,0.244,,,22917,,,,
Maharashtra,2017,21-02-2017, ,0,Mumbai Suburban,BRIHAN MUMBAI,MC,7,34,PRABHAG NO 34 ,,,NOTA,,,,,,,u10003,,,,224,10,,9,22917,0.977,,,22917,,,,
Maharashtra,2017,21-02-2017, ,0,Mumbai Suburban,BRIHAN MUMBAI,MC,7,35,PRABHAG NO 35 ,,,DESAI SEJAL PRASHANT,,,,,,,1605,Bhartiya Janata Party,BJP,,13751,1,,7,26282,52.321,,,26282,,,,
Maharashtra,2017,21-02-2017, ,0,Mumbai Suburban,BRIHAN MUMBAI,MC,7,35,PRABHAG NO 35 ,,,MEHTA PARUL PINAKIN,,,,,,,1605,Indian National Congress,BJP,,5778,2,,7,26282,21.985,,,26282,,,,
Maharashtra,2017,21-02-2017, ,0,Mumbai Suburban,BRIHAN MUMBAI,MC,7,35,PRABHAG NO 35 ,,,manku prabhleen baldev singh,,मानकु प्रभलीन बलदेव सिंग,,,,,18691,Shivsena,SHS,,5624,3,,7,26282,21.399,,,26282,,,,
Maharashtra,2017,21-02-2017, ,0,Mumbai Suburban,BRIHAN MUMBAI,MC,7,35,PRABHAG NO 35 ,,,NADAR THREESA SUBRAMANIAM,,,,,,,10809,Independent,IND,,344,4,,7,26282,1.309,,,26282,,,,
Maharashtra,2017,21-02-2017, ,0,Mumbai Suburban,BRIHAN MUMBAI,MC,7,35,PRABHAG NO 35 ,,,hingu shweta shailesh,,,,,,,5792,Nationalist Congress Party,NCP,,150,5,,7,26282,0.571,,,26282,,,,
Maharashtra,2017,21-02-2017, ,0,Mumbai Suburban,BRIHAN MUMBAI,MC,7,35,PRABHAG NO 35 ,,,SHAH RUPA HITEN,,,,,,,10809,Independent,IND,,107,6,,7,26282,0.407,,,26282,,,,
Maharashtra,2017,21-02-2017, ,0,Mumbai Suburban,BRIHAN MUMBAI,MC,7,35,PRABHAG NO 35 ,,,JANJALE SUPADABAI MURLIDHAR,,,,,,,10809,Independent,IND,,55,7,,7,26282,0.209,,,26282,,,,
Maharashtra,2017,21-02-2017, ,0,Mumbai Suburban,BRIHAN MUMBAI,MC,7,35,PRABHAG NO 35 ,,,NOTA,,,,,,,u10003,,,,473,8,,7,26282,1.8,,,26282,,,,
Maharashtra,2017,21-02-2017, ,0,Mumbai Suburban,BRIHAN MUMBAI,MC,7,36,PRABHAG NO 36 ,,,Patel Daksha Jagdish,,,,,,,1605,Bhartiya Janata Party,BJP,,11692,1,,6,28692,40.75,,,28692,,,,
Maharashtra,2017,21-02-2017, ,0,Mumbai Suburban,BRIHAN MUMBAI,MC,7,36,PRABHAG NO 36 ,,,GUJAR SWATI SUNIL,,,,,,,18691,Shivsena,SHS,,10052,2,,6,28692,35.034,,,28692,,,,
Maharashtra,2017,21-02-2017, ,0,Mumbai Suburban,BRIHAN MUMBAI,MC,7,36,PRABHAG NO 36 ,,,SHAH DIXITA JAYESH,,,,,,,1605,Indian National Congress,BJP,,3009,3,,6,28692,10.487,,,28692,,,,
Maharashtra,2017,21-02-2017, ,0,Mumbai Suburban,BRIHAN MUMBAI,MC,7,36,PRABHAG NO 36 ,,,FARKASE GEETA MAHESHKUMAR,,,,,,,11633,Maharashtra Navnirman Sena,MNS,,2829,4,,6,28692,9.86,,,28692,,,,
Maharashtra,2017,21-02-2017, ,0,Mumbai Suburban,BRIHAN MUMBAI,MC,7,36,PRABHAG NO 36 ,,,DHAMANSKAR BHAGYASHREE PRABHAKAR,,,,,,,10809,Independent,IND,,444,5,,6,28692,1.547,,,28692,,,,
Maharashtra,2017,21-02-2017, ,0,Mumbai Suburban,BRIHAN MUMBAI,MC,7,36,PRABHAG NO 36 ,,,ALHAT SHOBHA BHALCHANDRA,,,,,,,10809,Independent,IND,,183,6,,6,28692,0.638,,,28692,,,,
Maharashtra,2017,21-02-2017, ,0,Mumbai Suburban,BRIHAN MUMBAI,MC,7,36,PRABHAG NO 36 ,,,NOTA,,,,,,,u10003,,,,483,7,,6,28692,1.683,,,28692,,,,
Maharashtra,2017,21-02-2017, ,0,Mumbai Suburban,BRIHAN MUMBAI,MC,7,37,PRABHAG NO 37 ,,,Shinde Pratibha Hemant,,,,,,,1605,Bhartiya Janata Party,BJP,,7815,1,,8,23035,33.927,,,23035,,,,
Maharashtra,2017,21-02-2017, ,0,Mumbai Suburban,BRIHAN MUMBAI,MC,7,37,PRABHAG NO 37 ,,,CHAUHAN POOJA RANVIRSINGH,,,,,,,18691,Shivsena,SHS,,6363,2,,8,23035,27.623,,,23035,,,,
Maharashtra,2017,21-02-2017, ,0,Mumbai Suburban,BRIHAN MUMBAI,MC,7,37,PRABHAG NO 37 ,,,RAORANE RUPALI AJIT,,,,,,,5792,Nationalist Congress Party,NCP,,4624,3,,8,23035,20.074,,,23035,,,,
Maharashtra,2017,21-02-2017, ,0,Mumbai Suburban,BRIHAN MUMBAI,MC,7,37,PRABHAG NO 37 ,,,Thasale Jayshree Chandrakant,,,,,,,11633,Maharashtra Navnirman Sena,MNS,,2123,4,,8,23035,9.216,,,23035,,,,
Maharashtra,2017,21-02-2017, ,0,Mumbai Suburban,BRIHAN MUMBAI,MC,7,37,PRABHAG NO 37 ,,,Pawar Anusaya Anant,,,,,,,1605,Indian National Congress,BJP,,1444,5,,8,23035,6.269,,,23035,,,,
Maharashtra,2017,21-02-2017, ,0,Mumbai Suburban,BRIHAN MUMBAI,MC,7,37,PRABHAG NO 37 ,,,Nadkar Mayuri Uttam,,,,,,,14635,Communist Party Of India (Marxist),CPM,,232,6,,8,23035,1.007,,,23035,,,,
Maharashtra,2017,21-02-2017, ,0,Mumbai Suburban,BRIHAN MUMBAI,MC,7,37,PRABHAG NO 37 ,,,SINGH NANDA KAMALDEEP,,,,,,,24558,united congress party,UnCP,,62,7,,8,23035,0.269,,,23035,,,,
Maharashtra,2017,21-02-2017, ,0,Mumbai Suburban,BRIHAN MUMBAI,MC,7,37,PRABHAG NO 37 ,,,jadhav arti anand,,,,,,,10809,Independent,IND,,46,8,,8,23035,0.2,,,23035,,,,
Maharashtra,2017,21-02-2017, ,0,Mumbai Suburban,BRIHAN MUMBAI,MC,7,37,PRABHAG NO 37 ,,,NOTA,,,,,,,u10003,,,,326,9,,8,23035,1.415,,,23035,,,,
Maharashtra,2017,21-02-2017, ,0,Mumbai Suburban,BRIHAN MUMBAI,MC,7,38,PRABHAG NO 38 ,,,Chache Atmaram Laxman,,,,,,,18691,Shivsena,SHS,,6416,1,,8,18318,35.026,,,18318,,,,
Maharashtra,2017,21-02-2017, ,0,Mumbai Suburban,BRIHAN MUMBAI,MC,7,38,PRABHAG NO 38 ,,,Ubale Lalasaheb Gorakhnath,,,,,,,1605,Bhartiya Janata Party,BJP,,3715,2,,8,18318,20.281,,,18318,,,,
Maharashtra,2017,21-02-2017, ,0,Mumbai Suburban,BRIHAN MUMBAI,MC,7,38,PRABHAG NO 38 ,,,bharadkar vaibhav hemant,,,,,,,5792,Nationalist Congress Party,NCP,,2854,3,,8,18318,15.58,,,18318,,,,
Maharashtra,2017,21-02-2017, ,0,Mumbai Suburban,BRIHAN MUMBAI,MC,7,38,PRABHAG NO 38 ,,,BHARADKAR SUDHIR TUKARAM,,,,,,,1605,Indian National Congress,BJP,,2438,4,,8,18318,13.309,,,18318,,,,
Maharashtra,2017,21-02-2017, ,0,Mumbai Suburban,BRIHAN MUMBAI,MC,7,38,PRABHAG NO 38 ,,,Dhanawade Rakesh Shankar,,,,,,,11633,Maharashtra Navnirman Sena,MNS,,2229,5,,8,18318,12.168,,,18318,,,,
Maharashtra,2017,21-02-2017, ,0,Mumbai Suburban,BRIHAN MUMBAI,MC,7,38,PRABHAG NO 38 ,,,korgaonkar anil namdeo,,,,,,,10809,Independent,IND,,211,6,,8,18318,1.152,,,18318,,,,
Maharashtra,2017,21-02-2017, ,0,Mumbai Suburban,BRIHAN MUMBAI,MC,7,38,PRABHAG NO 38 ,,,salunkhe nikhil shankar,,,,,,,16651,Bahujan Samaj Party,BSP,,147,7,,8,18318,0.802,,,18318,,,,
Maharashtra,2017,21-02-2017, ,0,Mumbai Suburban,BRIHAN MUMBAI,MC,7,38,PRABHAG NO 38 ,,,TELI LAHU BALIRAM,,,,,,,10809,Independent,IND,,40,8,,8,18318,0.218,,,18318,,,,
Maharashtra,2017,21-02-2017, ,0,Mumbai Suburban,BRIHAN MUMBAI,MC,7,38,PRABHAG NO 38 ,,,NOTA,,,,,,,u10003,,,,268,9,,8,18318,1.463,,,18318,,,,
Maharashtra,2017,21-02-2017, ,0,Mumbai Suburban,BRIHAN MUMBAI,MC,7,39,PRABHAG NO 39 ,,,SAWANT VINAYA VISHNU,,,,,,,18691,Shivsena,SHS,,5663,1,,12,16367,34.6,,,16367,,,,
Maharashtra,2017,21-02-2017, ,0,Mumbai Suburban,BRIHAN MUMBAI,MC,7,39,PRABHAG NO 39 ,,,Singh Suman Indrajeet,,,,,,,6792,Rashtriya Samaj Paksha,RSPS,,4291,2,,12,16367,26.217,,,16367,,,,
Maharashtra,2017,21-02-2017, ,0,Mumbai Suburban,BRIHAN MUMBAI,MC,7,39,PRABHAG NO 39 ,,,GUPTA KUSUM DINESH,,,,,,,1605,Indian National Congress,BJP,,3698,3,,12,16367,22.594,,,16367,,,,
Maharashtra,2017,21-02-2017, ,0,Mumbai Suburban,BRIHAN MUMBAI,MC,7,39,PRABHAG NO 39 ,,,GOTMUKLE URMILA MALLHARI,,,,,,,16651,Bahujan Samaj Party,BSP,,649,4,,12,16367,3.965,,,16367,,,,
Maharashtra,2017,21-02-2017, ,0,Mumbai Suburban,BRIHAN MUMBAI,MC,7,39,PRABHAG NO 39 ,,,THAKUR SAMIKSHA BHARAT,,,,,,,5792,Nationalist Congress Party,NCP,,613,5,,12,16367,3.745,,,16367,,,,
Maharashtra,2017,21-02-2017, ,0,Mumbai Suburban,BRIHAN MUMBAI,MC,7,39,PRABHAG NO 39 ,,,PANCHAL NAGESHWARI VIJAYKUMAR,,,,,,,11633,Maharashtra Navnirman Sena,MNS,,466,6,,12,16367,2.847,,,16367,,,,
Maharashtra,2017,21-02-2017, ,0,Mumbai Suburban,BRIHAN MUMBAI,MC,7,39,PRABHAG NO 39 ,,,GUPTA REKHA RAJMAN,,,,,,,7425,Samajwadi Party,SP,,244,7,,12,16367,1.491,,,16367,,,,
Maharashtra,2017,21-02-2017, ,0,Mumbai Suburban,BRIHAN MUMBAI,MC,7,39,PRABHAG NO 39 ,,,SHINDE SULAKSHANA NITIN,,,,,,,10809,Independent,IND,,157,8,,12,16367,0.959,,,16367,,,,
Maharashtra,2017,21-02-2017, ,0,Mumbai Suburban,BRIHAN MUMBAI,MC,7,39,PRABHAG NO 39 ,,,DHANRAJ CHHAYA BHAGWAN,,,,,,,12285,Republican Party of India (A),RPI(A),,143,9,,12,16367,0.874,,,16367,,,,
Maharashtra,2017,21-02-2017, ,0,Mumbai Suburban,BRIHAN MUMBAI,MC,7,39,PRABHAG NO 39 ,,,LOKHANDE LALITA VITTHAL,,,,,,,1875,Bharip Bahujan Mahasangh,BBM,,95,10,,12,16367,0.58,,,16367,,,,
Maharashtra,2017,21-02-2017, ,0,Mumbai Suburban,BRIHAN MUMBAI,MC,7,39,PRABHAG NO 39 ,,,THORAT UMA MAROTRAO,,,,,,,10809,Independent,IND,,73,11,,12,16367,0.446,,,16367,,,,
Maharashtra,2017,21-02-2017, ,0,Mumbai Suburban,BRIHAN MUMBAI,MC,7,39,PRABHAG NO 39 ,,,SHINDE ANITA SHIVAJI,,,,,,,10809,Independent,IND,,54,12,,12,16367,0.33,,,16367,,,,
Maharashtra,2017,21-02-2017, ,0,Mumbai Suburban,BRIHAN MUMBAI,MC,7,39,PRABHAG NO 39 ,,,NOTA,,,,,,,u10003,,,,221,13,,12,16367,1.35,,,16367,,,,
Maharashtra,2017,21-02-2017, ,0,Mumbai Suburban,BRIHAN MUMBAI,MC,7,40,PRABHAG NO 40 ,,,wadkar suhas chandrakant,,,,,,,18691,Shivsena,SHS,,8946,1,,9,19439,46.021,,,19439,,,,
Maharashtra,2017,21-02-2017, ,0,Mumbai Suburban,BRIHAN MUMBAI,MC,7,40,PRABHAG NO 40 ,,,AVHAD SANJAY BABURAO,,,,,,,5792,Nationalist Congress Party,NCP,,2815,2,,9,19439,14.481,,,19439,,,,
Maharashtra,2017,21-02-2017, ,0,Mumbai Suburban,BRIHAN MUMBAI,MC,7,40,PRABHAG NO 40 ,,,SALIYAR KAVITA SHRINIVASAN,,,,,,,6792,Rashtriya Samaj Paksha,RSPS,,2674,3,,9,19439,13.756,,,19439,,,,
Maharashtra,2017,21-02-2017, ,0,Mumbai Suburban,BRIHAN MUMBAI,MC,7,40,PRABHAG NO 40 ,,,mandave arun dhondu,,,,,,,1605,Indian National Congress,BJP,,2268,4,,9,19439,11.667,,,19439,,,,
Maharashtra,2017,21-02-2017, ,0,Mumbai Suburban,BRIHAN MUMBAI,MC,7,40,PRABHAG NO 40 ,,,SANGALE BHARTI PRABHAKAR,,,,,,,11633,Maharashtra Navnirman Sena,MNS,,1201,5,,9,19439,6.178,,,19439,,,,
Maharashtra,2017,21-02-2017, ,0,Mumbai Suburban,BRIHAN MUMBAI,MC,7,40,PRABHAG NO 40 ,,,ugale maruti nabaji,,,,,,,7425,Samajwadi Party,SP,,490,6,,9,19439,2.521,,,19439,,,,
Maharashtra,2017,21-02-2017, ,0,Mumbai Suburban,BRIHAN MUMBAI,MC,7,40,PRABHAG NO 40 ,,,Vajantri Madhukar Anant,,,,,,,10809,Independent,IND,,261,7,,9,19439,1.343,,,19439,,,,
Maharashtra,2017,21-02-2017, ,0,Mumbai Suburban,BRIHAN MUMBAI,MC,7,40,PRABHAG NO 40 ,,,AGRE NANDKISHOR MARUTI,,,,,,,16651,Bahujan Samaj Party,BSP,,260,8,,9,19439,1.338,,,19439,,,,
Maharashtra,2017,21-02-2017, ,0,Mumbai Suburban,BRIHAN MUMBAI,MC,7,40,PRABHAG NO 40 ,,,YADAV DIVESH RAMSANEHI,,,,,,,1605,Bhartiya Janata Party,BJP,,55,9,,9,19439,0.283,,,19439,,,,
Maharashtra,2017,21-02-2017, ,0,Mumbai Suburban,BRIHAN MUMBAI,MC,7,40,PRABHAG NO 40 ,,,NOTA,,,,,,,u10003,,,,469,10,,9,19439,2.413,,,19439,,,,
Maharashtra,2017,21-02-2017, ,0,Mumbai Suburban,BRIHAN MUMBAI,MC,7,41,PRABHAG NO 41 ,,,SHINDE TULSHIRAM DHONDIBA,,,,,,,10809,Independent,IND,,6217,1,,18,18791,33.085,,,18791,,,,
Maharashtra,2017,21-02-2017, ,0,Mumbai Suburban,BRIHAN MUMBAI,MC,7,41,PRABHAG NO 41 ,,,PATIL SADASHIV DADU,,,,,,,18691,Shivsena,SHS,,3869,2,,18,18791,20.59,,,18791,,,,
Maharashtra,2017,21-02-2017, ,0,Mumbai Suburban,BRIHAN MUMBAI,MC,7,41,PRABHAG NO 41 ,,,Desai Archana Sunil,,,,,,,1605,Bhartiya Janata Party,BJP,,2075,3,,18,18791,11.043,,,18791,,,,
Maharashtra,2017,21-02-2017, ,0,Mumbai Suburban,BRIHAN MUMBAI,MC,7,41,PRABHAG NO 41 ,,,SAYYAD ANWAR PEER,,,,,,,5792,Nationalist Congress Party,NCP,,1858,4,,18,18791,9.888,,,18791,,,,
Maharashtra,2017,21-02-2017, ,0,Mumbai Suburban,BRIHAN MUMBAI,MC,7,41,PRABHAG NO 41 ,,,PATEL JULIE RAMAN,,,,,,,7425,Samajwadi Party,SP,,1055,5,,18,18791,5.614,,,18791,,,,
Maharashtra,2017,21-02-2017, ,0,Mumbai Suburban,BRIHAN MUMBAI,MC,7,41,PRABHAG NO 41 ,,,kottary raghunath koraga,,,,,,,10809,Independent,IND,,746,6,,18,18791,3.97,,,18791,,,,
Maharashtra,2017,21-02-2017, ,0,Mumbai Suburban,BRIHAN MUMBAI,MC,7,41,PRABHAG NO 41 ,,,SHUKLA JAYKANT PRAYAGNARAYN,,,,,,,1605,Indian National Congress,BJP,,631,7,,18,18791,3.358,,,18791,,,,
Maharashtra,2017,21-02-2017, ,0,Mumbai Suburban,BRIHAN MUMBAI,MC,7,41,PRABHAG NO 41 ,,,sawant AJAY PRABHAKAR,,,,,,,11633,Maharashtra Navnirman Sena,MNS,,600,8,,18,18791,3.193,,,18791,,,,
Maharashtra,2017,21-02-2017, ,0,Mumbai Suburban,BRIHAN MUMBAI,MC,7,41,PRABHAG NO 41 ,,,KELKAR SACHIN GUNAJI,,,,,,,10809,Independent,IND,,584,9,,18,18791,3.108,,,18791,,,,
Maharashtra,2017,21-02-2017, ,0,Mumbai Suburban,BRIHAN MUMBAI,MC,7,41,PRABHAG NO 41 ,,,HIWALE SHAMRAO BHIWAJI,,,,,,,1875,Bharip Bahujan Mahasangh,BBM,,309,10,,18,18791,1.644,,,18791,,,,
Maharashtra,2017,21-02-2017, ,0,Mumbai Suburban,BRIHAN MUMBAI,MC,7,41,PRABHAG NO 41 ,,,SHAIKH ABDULWAHAB FAIYAZALI,,,,,,,706,All India Majlis e Ittehadul Muslimeen,AIMIM,,173,11,,18,18791,0.921,,,18791,,,,
Maharashtra,2017,21-02-2017, ,0,Mumbai Suburban,BRIHAN MUMBAI,MC,7,41,PRABHAG NO 41 ,,,Khan Rijwan Istiyak,,,,,,,16651,Bahujan Samaj Party,BSP,,136,12,,18,18791,0.724,,,18791,,,,
Maharashtra,2017,21-02-2017, ,0,Mumbai Suburban,BRIHAN MUMBAI,MC,7,41,PRABHAG NO 41 ,,,gholap sachin babhut,,,,,,,10809,Independent,IND,,131,13,,18,18791,0.697,,,18791,,,,
Maharashtra,2017,21-02-2017, ,0,Mumbai Suburban,BRIHAN MUMBAI,MC,7,41,PRABHAG NO 41 ,,,Yadav Rakesh Lalmani,,,,,,,10809,Independent,IND,,83,14,,18,18791,0.442,,,18791,,,,
Maharashtra,2017,21-02-2017, ,0,Mumbai Suburban,BRIHAN MUMBAI,MC,7,41,PRABHAG NO 41 ,,,MORE paresh suresh,,,,,,,10809,Independent,IND,,58,15,,18,18791,0.309,,,18791,,,,
Maharashtra,2017,21-02-2017, ,0,Mumbai Suburban,BRIHAN MUMBAI,MC,7,41,PRABHAG NO 41 ,,,PAWAR MANGESH MAHADEO,,,,,,,1074,Bahujan Mukti Party,BMUP,,55,16,,18,18791,0.293,,,18791,,,,
Maharashtra,2017,21-02-2017, ,0,Mumbai Suburban,BRIHAN MUMBAI,MC,7,41,PRABHAG NO 41 ,,,KARADKAR DATTATRAY SHANTARAM,,,,,,,24549,Sambhaji Brigade,SBBGP,,34,17,,18,18791,0.181,,,18791,,,,
Maharashtra,2017,21-02-2017, ,0,Mumbai Suburban,BRIHAN MUMBAI,MC,7,41,PRABHAG NO 41 ,,,Shaikh Nazir Rajjabali,,,,,,,u10012,Bharatwadi Akata party,,,23,18,,18,18791,0.122,,,18791,,,,
Maharashtra,2017,21-02-2017, ,0,Mumbai Suburban,BRIHAN MUMBAI,MC,7,41,PRABHAG NO 41 ,,,NOTA,,,,,,,u10003,,,,154,19,,18,18791,0.82,,,18791,,,,
Maharashtra,2017,21-02-2017, ,0,Mumbai Suburban,BRIHAN MUMBAI,MC,7,42,PRABHAG NO 42 ,,,BHARADKAR DHANSHREE VAIBHAVB,,,,,,,5792,Nationalist Congress Party,NCP,,5897,1,,8,18866,31.257,,,18866,,,,
Maharashtra,2017,21-02-2017, ,0,Mumbai Suburban,BRIHAN MUMBAI,MC,7,42,PRABHAG NO 42 ,,,SURVE REENA RAJENDRA,,,,,,,18691,Shivsena,SHS,,5175,2,,8,18866,27.43,,,18866,,,,
Maharashtra,2017,21-02-2017, ,0,Mumbai Suburban,BRIHAN MUMBAI,MC,7,42,PRABHAG NO 42 ,,,Bende Bharti Madhukar,,,,,,,1605,Bhartiya Janata Party,BJP,,3583,3,,8,18866,18.992,,,18866,,,,
Maharashtra,2017,21-02-2017, ,0,Mumbai Suburban,BRIHAN MUMBAI,MC,7,42,PRABHAG NO 42 ,,,Yadav Renu Birju,,,,,,,1605,Indian National Congress,BJP,,1727,4,,8,18866,9.154,,,18866,,,,
Maharashtra,2017,21-02-2017, ,0,Mumbai Suburban,BRIHAN MUMBAI,MC,7,42,PRABHAG NO 42 ,,,MAIN DEEPALI DATTATRAY,,,,,,,11633,Maharashtra Navnirman Sena,MNS,,1170,5,,8,18866,6.202,,,18866,,,,
Maharashtra,2017,21-02-2017, ,0,Mumbai Suburban,BRIHAN MUMBAI,MC,7,42,PRABHAG NO 42 ,,,BARI PAYAL ANIL,,,,,,,7425,Samajwadi Party,SP,,727,6,,8,18866,3.853,,,18866,,,,
Maharashtra,2017,21-02-2017, ,0,Mumbai Suburban,BRIHAN MUMBAI,MC,7,42,PRABHAG NO 42 ,,,PATIL MOHINI VISHWAJIT,,,,,,,16651,Bahujan Samaj Party,BSP,,235,7,,8,18866,1.246,,,18866,,,,
Maharashtra,2017,21-02-2017, ,0,Mumbai Suburban,BRIHAN MUMBAI,MC,7,42,PRABHAG NO 42 ,,,Gurav Vishakha Vasant,,,,,,,10809,Independent,IND,,142,8,,8,18866,0.753,,,18866,,,,
Maharashtra,2017,21-02-2017, ,0,Mumbai Suburban,BRIHAN MUMBAI,MC,7,42,PRABHAG NO 42 ,,,NOTA,,,,,,,u10003,,,,210,9,,8,18866,1.113,,,18866,,,,
Maharashtra,2017,21-02-2017, ,0,Mumbai Suburban,BRIHAN MUMBAI,MC,7,43,PRABHAG NO 43 ,,,MISHRA VINOD UDAYNARAYAN,,,,,,,1605,Bhartiya Janata Party,BJP,,5620,1,,12,22304,25.197,,,22304,,,,
Maharashtra,2017,21-02-2017, ,0,Mumbai Suburban,BRIHAN MUMBAI,MC,7,43,PRABHAG NO 43 ,,,Rathore Bhomsingh Hirsingh,,,,,,,18691,Shivsena,SHS,,4911,2,,12,22304,22.018,,,22304,,,,
Maharashtra,2017,21-02-2017, ,0,Mumbai Suburban,BRIHAN MUMBAI,MC,7,43,PRABHAG NO 43 ,,,RAORANE AJIT BALKRUSHNA,,,,,,,5792,Nationalist Congress Party,NCP,,4782,3,,12,22304,21.44,,,22304,,,,
Maharashtra,2017,21-02-2017, ,0,Mumbai Suburban,BRIHAN MUMBAI,MC,7,43,PRABHAG NO 43 ,,,SINGH SANDEEP LALAN,,,,,,,1605,Indian National Congress,BJP,,2758,4,,12,22304,12.365,,,22304,,,,
Maharashtra,2017,21-02-2017, ,0,Mumbai Suburban,BRIHAN MUMBAI,MC,7,43,PRABHAG NO 43 ,,,shaikh shakir nasir,,,,,,,706,All India Majlis e Ittehadul Muslimeen,AIMIM,,2563,5,,12,22304,11.491,,,22304,,,,
Maharashtra,2017,21-02-2017, ,0,Mumbai Suburban,BRIHAN MUMBAI,MC,7,43,PRABHAG NO 43 ,,,JADHAV SITARAM NARAYAN,,,,,,,11633,Maharashtra Navnirman Sena,MNS,,746,6,,12,22304,3.345,,,22304,,,,
Maharashtra,2017,21-02-2017, ,0,Mumbai Suburban,BRIHAN MUMBAI,MC,7,43,PRABHAG NO 43 ,,,JADHAV PRAMOD RAGHUNATH,,,,,,,10809,Independent,IND,,323,7,,12,22304,1.448,,,22304,,,,
Maharashtra,2017,21-02-2017, ,0,Mumbai Suburban,BRIHAN MUMBAI,MC,7,43,PRABHAG NO 43 ,,,yadav udayraj shobhnath,,,,,,,7425,Samajwadi Party,SP,,125,8,,12,22304,0.56,,,22304,,,,
Maharashtra,2017,21-02-2017, ,0,Mumbai Suburban,BRIHAN MUMBAI,MC,7,43,PRABHAG NO 43 ,,,Gupta Prasad Vishwanath,,,,,,,14635,Communist Party Of India (Marxist),CPM,,120,9,,12,22304,0.538,,,22304,,,,
Maharashtra,2017,21-02-2017, ,0,Mumbai Suburban,BRIHAN MUMBAI,MC,7,43,PRABHAG NO 43 ,,,shaikh azad ahmad habib ahmad,,,,,,,10809,Independent,IND,,39,10,,12,22304,0.175,,,22304,,,,
Maharashtra,2017,21-02-2017, ,0,Mumbai Suburban,BRIHAN MUMBAI,MC,7,43,PRABHAG NO 43 ,,,KHAN NAZIM YUSUF,,,,,,,10809,Independent,IND,,32,11,,12,22304,0.143,,,22304,,,,
Maharashtra,2017,21-02-2017, ,0,Mumbai Suburban,BRIHAN MUMBAI,MC,7,43,PRABHAG NO 43 ,,,KAKADE TANAJI TRIMBAK,,,,,,,10809,Independent,IND,,27,12,,12,22304,0.121,,,22304,,,,
Maharashtra,2017,21-02-2017, ,0,Mumbai Suburban,BRIHAN MUMBAI,MC,7,43,PRABHAG NO 43 ,,,NOTA,,,,,,,u10003,,,,258,13,,12,22304,1.157,,,22304,,,,
Maharashtra,2017,21-02-2017, ,0,Mumbai Suburban,BRIHAN MUMBAI,MC,7,44,PRABHAG NO 44 ,,,Sharma Sangeeta Gyanmurti,,,,,,,1605,Bhartiya Janata Party,BJP,,9955,1,,9,21492,46.32,,,21492,,,,
Maharashtra,2017,21-02-2017, ,0,Mumbai Suburban,BRIHAN MUMBAI,MC,7,44,PRABHAG NO 44 ,,,Dhanuka Ranjana Subhash,,,,,,,18691,Shivsena,SHS,,5550,2,,9,21492,25.824,,,21492,,,,
Maharashtra,2017,21-02-2017, ,0,Mumbai Suburban,BRIHAN MUMBAI,MC,7,44,PRABHAG NO 44 ,,,khan nasreen fahim,,,,,,,706,All India Majlis e Ittehadul Muslimeen,AIMIM,,2903,3,,9,21492,13.507,,,21492,,,,
Maharashtra,2017,21-02-2017, ,0,Mumbai Suburban,BRIHAN MUMBAI,MC,7,44,PRABHAG NO 44 ,,,SINGH DEEPA RANASANGRAM,,,,,,,1605,Indian National Congress,BJP,,999,4,,9,21492,4.648,,,21492,,,,
Maharashtra,2017,21-02-2017, ,0,Mumbai Suburban,BRIHAN MUMBAI,MC,7,44,PRABHAG NO 44 ,,,MANE JANVI VIPUL,,,,,,,5792,Nationalist Congress Party,NCP,,574,5,,9,21492,2.671,,,21492,,,,
Maharashtra,2017,21-02-2017, ,0,Mumbai Suburban,BRIHAN MUMBAI,MC,7,44,PRABHAG NO 44 ,,,memon Rukhsana mohdsiddique,,,,,,,7425,Samajwadi Party,SP,,513,6,,9,21492,2.387,,,21492,,,,
Maharashtra,2017,21-02-2017, ,0,Mumbai Suburban,BRIHAN MUMBAI,MC,7,44,PRABHAG NO 44 ,,,SONAWANE REKHA SANJAY,,,,,,,11633,Maharashtra Navnirman Sena,MNS,,408,7,,9,21492,1.898,,,21492,,,,
Maharashtra,2017,21-02-2017, ,0,Mumbai Suburban,BRIHAN MUMBAI,MC,7,44,PRABHAG NO 44 ,,,VARDE MANISHA SATISH,,,,,,,16651,Bahujan Samaj Party,BSP,,188,8,,9,21492,0.875,,,21492,,,,
Maharashtra,2017,21-02-2017, ,0,Mumbai Suburban,BRIHAN MUMBAI,MC,7,44,PRABHAG NO 44 ,,,FADIA SUREKHA DEIPAK,,,,,,,1605,Indian National Congress,BJP,,53,9,,9,21492,0.247,,,21492,,,,
Maharashtra,2017,21-02-2017, ,0,Mumbai Suburban,BRIHAN MUMBAI,MC,7,44,PRABHAG NO 44 ,,,NOTA,,,,,,,u10003,,,,349,10,,9,21492,1.624,,,21492,,,,
Maharashtra,2017,21-02-2017, ,0,Mumbai Suburban,BRIHAN MUMBAI,MC,7,45,PRABHAG NO 45 ,,,BAROT RAMNARAYAN AMTHARAM,,,,,,,1605,Bhartiya Janata Party,BJP,,16407,1,,5,25895,63.36,,,25895,,,,
Maharashtra,2017,21-02-2017, ,0,Mumbai Suburban,BRIHAN MUMBAI,MC,7,45,PRABHAG NO 45 ,,,Kale Rajendra Nandkumar,,,,,,,18691,Shivsena,SHS,,5609,2,,5,25895,21.661,,,25895,,,,
Maharashtra,2017,21-02-2017, ,0,Mumbai Suburban,BRIHAN MUMBAI,MC,7,45,PRABHAG NO 45 ,,,Yadav Ramesh Arvind,,,,,,,1605,Indian National Congress,BJP,,2930,3,,5,25895,11.315,,,25895,,,,
Maharashtra,2017,21-02-2017, ,0,Mumbai Suburban,BRIHAN MUMBAI,MC,7,45,PRABHAG NO 45 ,,,MUDRALE NILESH SHANTARAM,,,,,,,11633,Maharashtra Navnirman Sena,MNS,,406,4,,5,25895,1.568,,,25895,,,,
Maharashtra,2017,21-02-2017, ,0,Mumbai Suburban,BRIHAN MUMBAI,MC,7,45,PRABHAG NO 45 ,,,KANNURE SHRIDHAR SHANKAR,,,,,,,u10013,Republican Party of India (Secular),,,94,5,,5,25895,0.363,,,25895,,,,
Maharashtra,2017,21-02-2017, ,0,Mumbai Suburban,BRIHAN MUMBAI,MC,7,45,PRABHAG NO 45 ,,,NOTA,,,,,,,u10003,,,,449,6,,5,25895,1.734,,,25895,,,,
Maharashtra,2017,21-02-2017, ,0,Mumbai Suburban,BRIHAN MUMBAI,MC,7,46,PRABHAG NO 46 ,,,KOLI YOGITA SUNIL,,,,,,,1605,Bhartiya Janata Party,BJP,,16868,1,,4,28913,58.341,,,28913,,,,
Maharashtra,2017,21-02-2017, ,0,Mumbai Suburban,BRIHAN MUMBAI,MC,7,46,PRABHAG NO 46 ,,,MHATRE ANAGHA PRAKASH,,,,,,,18691,Shivsena,SHS,,8501,2,,4,28913,29.402,,,28913,,,,
Maharashtra,2017,21-02-2017, ,0,Mumbai Suburban,BRIHAN MUMBAI,MC,7,46,PRABHAG NO 46 ,,,NAZARE SANDHYA ASHOK,,,,,,,1605,Indian National Congress,BJP,,2197,3,,4,28913,7.599,,,28913,,,,
Maharashtra,2017,21-02-2017, ,0,Mumbai Suburban,BRIHAN MUMBAI,MC,7,46,PRABHAG NO 46 ,,,MORE DIPALI VILAS,,,,,,,11633,Maharashtra Navnirman Sena,MNS,,745,4,,4,28913,2.577,,,28913,,,,
Maharashtra,2017,21-02-2017, ,0,Mumbai Suburban,BRIHAN MUMBAI,MC,7,46,PRABHAG NO 46 ,,,NOTA,,,,,,,u10003,,,,602,5,,4,28913,2.082,,,28913,,,,
Maharashtra,2017,21-02-2017, ,0,Mumbai Suburban,BRIHAN MUMBAI,MC,7,47,PRABHAG NO 47 ,,,Tiwana Jaya SatnamSingh,,,,,,,1605,Bhartiya Janata Party,BJP,,9301,1,,8,22353,41.61,,,22353,,,,
Maharashtra,2017,21-02-2017, ,0,Mumbai Suburban,BRIHAN MUMBAI,MC,7,47,PRABHAG NO 47 ,,,BHATIA PINKYKAUR VAJINDERSINGH,,,,,,,1605,Indian National Congress,BJP,,7486,2,,8,22353,33.49,,,22353,,,,
Maharashtra,2017,21-02-2017, ,0,Mumbai Suburban,BRIHAN MUMBAI,MC,7,47,PRABHAG NO 47 ,,,Pawar Supriya Vijay,,,,,,,18691,Shivsena,SHS,,3463,3,,8,22353,15.492,,,22353,,,,
Maharashtra,2017,21-02-2017, ,0,Mumbai Suburban,BRIHAN MUMBAI,MC,7,47,PRABHAG NO 47 ,,,Chetty EmilaJosephine Celistin,,,,,,,10809,Independent,IND,,672,4,,8,22353,3.006,,,22353,,,,
Maharashtra,2017,21-02-2017, ,0,Mumbai Suburban,BRIHAN MUMBAI,MC,7,47,PRABHAG NO 47 ,,,CHOUDHARY SHEETAL RAKESH,,,,,,,11633,Maharashtra Navnirman Sena,MNS,,545,5,,8,22353,2.438,,,22353,,,,
Maharashtra,2017,21-02-2017, ,0,Mumbai Suburban,BRIHAN MUMBAI,MC,7,47,PRABHAG NO 47 ,,,S RAJMANI SUBRAMANIAM,,,,,,,930,All India Anna Dravid Munnetra Kazhagam Party,ADMK,,283,6,,8,22353,1.266,,,22353,,,,
Maharashtra,2017,21-02-2017, ,0,Mumbai Suburban,BRIHAN MUMBAI,MC,7,47,PRABHAG NO 47 ,,,Honawar Pooja Ganesh,,,,,,,5792,Nationalist Congress Party,NCP,,57,7,,8,22353,0.255,,,22353,,,,
Maharashtra,2017,21-02-2017, ,0,Mumbai Suburban,BRIHAN MUMBAI,MC,7,47,PRABHAG NO 47 ,,,Kolande Kayathri Thangraj,,,,,,,10809,Independent,IND,,56,8,,8,22353,0.251,,,22353,,,,
Maharashtra,2017,21-02-2017, ,0,Mumbai Suburban,BRIHAN MUMBAI,MC,7,47,PRABHAG NO 47 ,,,NOTA,,,,,,,u10003,,,,490,9,,8,22353,2.192,,,22353,,,,
Maharashtra,2017,21-02-2017, ,0,Mumbai Suburban,BRIHAN MUMBAI,MC,7,48,PRABHAG NO 48 ,,,ALMELKAR SALMA SALIM,,,,,,,1605,Indian National Congress,BJP,,6655,1,,9,14996,44.379,,,14996,,,,
Maharashtra,2017,21-02-2017, ,0,Mumbai Suburban,BRIHAN MUMBAI,MC,7,48,PRABHAG NO 48 ,,,SHAIKH MOHDISMAIL SUHAIL,,,,,,,706,All India Majlis e Ittehadul Muslimeen,AIMIM,,2347,2,,9,14996,15.651,,,14996,,,,
Maharashtra,2017,21-02-2017, ,0,Mumbai Suburban,BRIHAN MUMBAI,MC,7,48,PRABHAG NO 48 ,,,dashapute vikas balkrishna,,दशपूते विकास बाळकृष्ण,,,,,18691,Shivsena,SHS,,2219,3,,9,14996,14.797,,,14996,,,,
Maharashtra,2017,21-02-2017, ,0,Mumbai Suburban,BRIHAN MUMBAI,MC,7,48,PRABHAG NO 48 ,,,Radiowala MohammedShamim MohammedShafi,,,,,,,1605,Bhartiya Janata Party,BJP,,1601,4,,9,14996,10.676,,,14996,,,,
Maharashtra,2017,21-02-2017, ,0,Mumbai Suburban,BRIHAN MUMBAI,MC,7,48,PRABHAG NO 48 ,,,SHEDGE MANGESH SADASHIV,,,,,,,10809,Independent,IND,,751,5,,9,14996,5.008,,,14996,,,,
Maharashtra,2017,21-02-2017, ,0,Mumbai Suburban,BRIHAN MUMBAI,MC,7,48,PRABHAG NO 48 ,,,Shaikh Sharif Hanif,,,,,,,5792,Nationalist Congress Party,NCP,,572,6,,9,14996,3.814,,,14996,,,,
Maharashtra,2017,21-02-2017, ,0,Mumbai Suburban,BRIHAN MUMBAI,MC,7,48,PRABHAG NO 48 ,,,MALAVADE SUSHANT SUNIL,,,,,,,11633,Maharashtra Navnirman Sena,MNS,,390,7,,9,14996,2.601,,,14996,,,,
Maharashtra,2017,21-02-2017, ,0,Mumbai Suburban,BRIHAN MUMBAI,MC,7,48,PRABHAG NO 48 ,,,ANSARI MOHDFIROZ SAMIDAHMED,,,,,,,10809,Independent,IND,,165,8,,9,14996,1.1,,,14996,,,,
Maharashtra,2017,21-02-2017, ,0,Mumbai Suburban,BRIHAN MUMBAI,MC,7,48,PRABHAG NO 48 ,,,SHAIKH SAEED SHERFUDDIN,,,,,,,7425,Samajwadi Party,SP,,139,9,,9,14996,0.927,,,14996,,,,
Maharashtra,2017,21-02-2017, ,0,Mumbai Suburban,BRIHAN MUMBAI,MC,7,48,PRABHAG NO 48 ,,,NOTA,,,,,,,u10003,,,,157,10,,9,14996,1.047,,,14996,,,,
Maharashtra,2017,21-02-2017, ,0,Mumbai Suburban,BRIHAN MUMBAI,MC,7,49,PRABHAG NO 49 ,,,Sutar Sangeeta Sanjay,,,,,,,18691,Shivsena,SHS,,7359,1,,15,19637,37.475,,,19637,,,,
Maharashtra,2017,21-02-2017, ,0,Mumbai Suburban,BRIHAN MUMBAI,MC,7,49,PRABHAG NO 49 ,,,SAYYED FEMIDA IBRAHIM,,,,,,,1605,Indian National Congress,BJP,,5431,2,,15,19637,27.657,,,19637,,,,
Maharashtra,2017,21-02-2017, ,0,Mumbai Suburban,BRIHAN MUMBAI,MC,7,49,PRABHAG NO 49 ,,,MENDES MERILA HAVEN,,,,,,,1605,Bhartiya Janata Party,BJP,,2204,3,,15,19637,11.224,,,19637,,,,
Maharashtra,2017,21-02-2017, ,0,Mumbai Suburban,BRIHAN MUMBAI,MC,7,49,PRABHAG NO 49 ,,,GRACIOUS SARIKA AUSTIN,,,,,,,5792,Nationalist Congress Party,NCP,,1430,4,,15,19637,7.282,,,19637,,,,
Maharashtra,2017,21-02-2017, ,0,Mumbai Suburban,BRIHAN MUMBAI,MC,7,49,PRABHAG NO 49 ,,,KHAN NAZMEEN SIKANDER,,,,,,,706,All India Majlis e Ittehadul Muslimeen,AIMIM,,1179,5,,15,19637,6.004,,,19637,,,,
Maharashtra,2017,21-02-2017, ,0,Mumbai Suburban,BRIHAN MUMBAI,MC,7,49,PRABHAG NO 49 ,,,SHAIKH MINAZ FIROZ,,,,,,,16651,Bahujan Samaj Party,BSP,,574,6,,15,19637,2.923,,,19637,,,,
Maharashtra,2017,21-02-2017, ,0,Mumbai Suburban,BRIHAN MUMBAI,MC,7,49,PRABHAG NO 49 ,,,DIVE RENUKA PANDURANG,,,,,,,11633,Maharashtra Navnirman Sena,MNS,,300,7,,15,19637,1.528,,,19637,,,,
Maharashtra,2017,21-02-2017, ,0,Mumbai Suburban,BRIHAN MUMBAI,MC,7,49,PRABHAG NO 49 ,,,KHAN RESHMA IRSHAD,,,,,,,7425,Samajwadi Party,SP,,259,8,,15,19637,1.319,,,19637,,,,
Maharashtra,2017,21-02-2017, ,0,Mumbai Suburban,BRIHAN MUMBAI,MC,7,49,PRABHAG NO 49 ,,,YADAV ANITA RAMAKBAL,,,,,,,10809,Independent,IND,,249,9,,15,19637,1.268,,,19637,,,,
Maharashtra,2017,21-02-2017, ,0,Mumbai Suburban,BRIHAN MUMBAI,MC,7,49,PRABHAG NO 49 ,,,BHAISARE JYOTI RAMDAS,,,,,,,10809,Independent,IND,,241,10,,15,19637,1.227,,,19637,,,,
Maharashtra,2017,21-02-2017, ,0,Mumbai Suburban,BRIHAN MUMBAI,MC,7,49,PRABHAG NO 49 ,,,shaikh sonam valimohammad,,,,,,,10809,Independent,IND,,110,11,,15,19637,0.56,,,19637,,,,
Maharashtra,2017,21-02-2017, ,0,Mumbai Suburban,BRIHAN MUMBAI,MC,7,49,PRABHAG NO 49 ,,,SHAH ASHADEVI OMPRAKASH,,,,,,,10809,Independent,IND,,73,12,,15,19637,0.372,,,19637,,,,
Maharashtra,2017,21-02-2017, ,0,Mumbai Suburban,BRIHAN MUMBAI,MC,7,49,PRABHAG NO 49 ,,,SINGH BEENA RAMKUBER,,,,,,,10809,Independent,IND,,72,13,,15,19637,0.367,,,19637,,,,
Maharashtra,2017,21-02-2017, ,0,Mumbai Suburban,BRIHAN MUMBAI,MC,7,49,PRABHAG NO 49 ,,,Kalita Minakshi Bhagirath,,,,,,,24549,Sambhaji Brigade,SBBGP,,52,14,,15,19637,0.265,,,19637,,,,
Maharashtra,2017,21-02-2017, ,0,Mumbai Suburban,BRIHAN MUMBAI,MC,7,49,PRABHAG NO 49 ,,,SAYYED NISHA BADRUDDIN,,,,,,,10809,Independent,IND,,31,15,,15,19637,0.158,,,19637,,,,
Maharashtra,2017,21-02-2017, ,0,Mumbai Suburban,BRIHAN MUMBAI,MC,7,49,PRABHAG NO 49 ,,,NOTA,,,,,,,u10003,,,,73,16,,15,19637,0.372,,,19637,,,,
Maharashtra,2017,21-02-2017, ,0,Mumbai Suburban,BRIHAN MUMBAI,MC,7,50,PRABHAG NO 50 ,,,THAKUR DEEPAK JAIPRAKASH,,,,,,,1605,Bhartiya Janata Party,BJP,,10645,1,,11,22945,46.394,,,22945,,,,
Maharashtra,2017,21-02-2017, ,0,Mumbai Suburban,BRIHAN MUMBAI,MC,7,50,PRABHAG NO 50 ,,,RAO DINESH SHRIDHAR,,,,,,,18691,Shivsena,SHS,,6783,2,,11,22945,29.562,,,22945,,,,
Maharashtra,2017,21-02-2017, ,0,Mumbai Suburban,BRIHAN MUMBAI,MC,7,50,PRABHAG NO 50 ,,,Zagade Sneha Vinayak,,,,,,,1605,Indian National Congress,BJP,,2739,3,,11,22945,11.937,,,22945,,,,
Maharashtra,2017,21-02-2017, ,0,Mumbai Suburban,BRIHAN MUMBAI,MC,7,50,PRABHAG NO 50 ,,,SALVI HARESH DEU,,,,,,,11633,Maharashtra Navnirman Sena,MNS,,1429,4,,11,22945,6.228,,,22945,,,,
Maharashtra,2017,21-02-2017, ,0,Mumbai Suburban,BRIHAN MUMBAI,MC,7,50,PRABHAG NO 50 ,,,Dalvi Umesh Shivaji,,,,,,,10809,Independent,IND,,347,5,,11,22945,1.512,,,22945,,,,
Maharashtra,2017,21-02-2017, ,0,Mumbai Suburban,BRIHAN MUMBAI,MC,7,50,PRABHAG NO 50 ,,,Singh Mukesh Bindhyavasani,,,,,,,10809,Independent,IND,,269,6,,11,22945,1.172,,,22945,,,,
Maharashtra,2017,21-02-2017, ,0,Mumbai Suburban,BRIHAN MUMBAI,MC,7,50,PRABHAG NO 50 ,,,DWIVEDI CHINTAMANI RAMSURAT,,,,,,,5792,Nationalist Congress Party,NCP,,90,7,,11,22945,0.392,,,22945,,,,
Maharashtra,2017,21-02-2017, ,0,Mumbai Suburban,BRIHAN MUMBAI,MC,7,50,PRABHAG NO 50 ,,,Bhadrige Abhijeet Dnyaneshwar,,,,,,,10809,Independent,IND,,87,8,,11,22945,0.379,,,22945,,,,
Maharashtra,2017,21-02-2017, ,0,Mumbai Suburban,BRIHAN MUMBAI,MC,7,50,PRABHAG NO 50 ,,,YADAV ANIL RAMAVTAR,,,,,,,10809,Independent,IND,,87,9,,11,22945,0.379,,,22945,,,,
Maharashtra,2017,21-02-2017, ,0,Mumbai Suburban,BRIHAN MUMBAI,MC,7,50,PRABHAG NO 50 ,,,HALDE MANOJ MANOHAR,,,,,,,16651,Bahujan Samaj Party,BSP,,52,10,,11,22945,0.227,,,22945,,,,
Maharashtra,2017,21-02-2017, ,0,Mumbai Suburban,BRIHAN MUMBAI,MC,7,50,PRABHAG NO 50 ,,,YADAV MAHENDRAPRASAD RAMASHANKAR,,,,,,,10809,Independent,IND,,38,11,,11,22945,0.166,,,22945,,,,
Maharashtra,2017,21-02-2017, ,0,Mumbai Suburban,BRIHAN MUMBAI,MC,7,50,PRABHAG NO 50 ,,,NOTA,,,,,,,u10003,,,,379,12,,11,22945,1.652,,,22945,,,,
Maharashtra,2017,21-02-2017, ,0,Mumbai Suburban,BRIHAN MUMBAI,MC,7,51,PRABHAG NO 51 ,,,TEMBWALKAR SWAPNIL MOHAN,,,,,,,18691,Shivsena,SHS,,7802,1,,13,21014,37.128,,,21014,,,,
Maharashtra,2017,21-02-2017, ,0,Mumbai Suburban,BRIHAN MUMBAI,MC,7,51,PRABHAG NO 51 ,,,SHELAR VINOD BABAJI,,,,,,,1605,Bhartiya Janata Party,BJP,,6635,2,,13,21014,31.574,,,21014,,,,
Maharashtra,2017,21-02-2017, ,0,Mumbai Suburban,BRIHAN MUMBAI,MC,7,51,PRABHAG NO 51 ,,,SINGH REKHA DILIP,,,,,,,1605,Indian National Congress,BJP,,3828,3,,13,21014,18.216,,,21014,,,,
Maharashtra,2017,21-02-2017, ,0,Mumbai Suburban,BRIHAN MUMBAI,MC,7,51,PRABHAG NO 51 ,,,PARAB GHANSHYAM BHARAT,,,,,,,11633,Maharashtra Navnirman Sena,MNS,,1374,4,,13,21014,6.538,,,21014,,,,
Maharashtra,2017,21-02-2017, ,0,Mumbai Suburban,BRIHAN MUMBAI,MC,7,51,PRABHAG NO 51 ,,,Jadhav Sandeep Tukaram,,,,,,,24549,Sambhaji Brigade,SBBGP,,416,5,,13,21014,1.98,,,21014,,,,
Maharashtra,2017,21-02-2017, ,0,Mumbai Suburban,BRIHAN MUMBAI,MC,7,51,PRABHAG NO 51 ,,,PATEL MOHSIN LAL,,,,,,,7425,Samajwadi Party,SP,,285,6,,13,21014,1.356,,,21014,,,,
Maharashtra,2017,21-02-2017, ,0,Mumbai Suburban,BRIHAN MUMBAI,MC,7,51,PRABHAG NO 51 ,,,SAWANT AMOL DASHRATH,,,,,,,16651,Bahujan Samaj Party,BSP,,70,7,,13,21014,0.333,,,21014,,,,
Maharashtra,2017,21-02-2017, ,0,Mumbai Suburban,BRIHAN MUMBAI,MC,7,51,PRABHAG NO 51 ,,,GHAG KIRAN PANDURANG,,,,,,,10809,Independent,IND,,63,8,,13,21014,0.3,,,21014,,,,
Maharashtra,2017,21-02-2017, ,0,Mumbai Suburban,BRIHAN MUMBAI,MC,7,51,PRABHAG NO 51 ,,,SHAIKH MOHAMMADYAKUB ABULHASAN,,,,,,,10809,Independent,IND,,55,9,,13,21014,0.262,,,21014,,,,
Maharashtra,2017,21-02-2017, ,0,Mumbai Suburban,BRIHAN MUMBAI,MC,7,51,PRABHAG NO 51 ,,,Gupta Omprakash Rambachan,,,,,,,10809,Independent,IND,,45,10,,13,21014,0.214,,,21014,,,,
Maharashtra,2017,21-02-2017, ,0,Mumbai Suburban,BRIHAN MUMBAI,MC,7,51,PRABHAG NO 51 ,,,PARKAR RAJENDRA KRISHNA,,,,,,,10809,Independent,IND,,39,11,,13,21014,0.186,,,21014,,,,
Maharashtra,2017,21-02-2017, ,0,Mumbai Suburban,BRIHAN MUMBAI,MC,7,51,PRABHAG NO 51 ,,,samani saquibhussain gulamjilani,,,,,,,9677,Bahujan Vikas Aghadi,BVA,,32,12,,13,21014,0.152,,,21014,,,,
Maharashtra,2017,21-02-2017, ,0,Mumbai Suburban,BRIHAN MUMBAI,MC,7,51,PRABHAG NO 51 ,,,JAISWAL BHANUPRATAP RAJMAN,,,,,,,10809,Independent,IND,,15,13,,13,21014,0.071,,,21014,,,,
Maharashtra,2017,21-02-2017, ,0,Mumbai Suburban,BRIHAN MUMBAI,MC,7,51,PRABHAG NO 51 ,,,NOTA,,,,,,,u10003,,,,355,14,,13,21014,1.689,,,21014,,,,
Maharashtra,2017,21-02-2017, ,0,Mumbai Suburban,BRIHAN MUMBAI,MC,7,52,PRABHAG NO 52 ,,,SATAM PRITI MANOJ,,,,,,,1605,Bhartiya Janata Party,BJP,,6696,1,,6,18302,36.586,,,18302,,,,
Maharashtra,2017,21-02-2017, ,0,Mumbai Suburban,BRIHAN MUMBAI,MC,7,52,PRABHAG NO 52 ,,,Chavan Sampada Rupesh,,,,,,,18691,Shivsena,SHS,,6246,2,,6,18302,34.127,,,18302,,,,
Maharashtra,2017,21-02-2017, ,0,Mumbai Suburban,BRIHAN MUMBAI,MC,7,52,PRABHAG NO 52 ,,,SHETYE SUGANDHA MADHUKAR,,,,,,,11633,Maharashtra Navnirman Sena,MNS,,2610,3,,6,18302,14.261,,,18302,,,,
Maharashtra,2017,21-02-2017, ,0,Mumbai Suburban,BRIHAN MUMBAI,MC,7,52,PRABHAG NO 52 ,,,BHAVSAR RASHMI PRASHANT,,,,,,,1605,Indian National Congress,BJP,,1838,4,,6,18302,10.043,,,18302,,,,
Maharashtra,2017,21-02-2017, ,0,Mumbai Suburban,BRIHAN MUMBAI,MC,7,52,PRABHAG NO 52 ,,,KHARAT SANGITA GANGARAM,,,,,,,10809,Independent,IND,,385,5,,6,18302,2.104,,,18302,,,,
Maharashtra,2017,21-02-2017, ,0,Mumbai Suburban,BRIHAN MUMBAI,MC,7,52,PRABHAG NO 52 ,,,MAHAKAL BABITA NAGARAJANCHETTIAR,,,,,,,1605,Bhartiya Janata Party,BJP,,95,6,,6,18302,0.519,,,18302,,,,
Maharashtra,2017,21-02-2017, ,0,Mumbai Suburban,BRIHAN MUMBAI,MC,7,52,PRABHAG NO 52 ,,,NOTA,,,,,,,u10003,,,,432,7,,6,18302,2.36,,,18302,,,,
Maharashtra,2017,21-02-2017, ,0,Mumbai Suburban,BRIHAN MUMBAI,MC,7,53,PRABHAG NO 53 ,,,RAMVANSHI REKHA DADASAHEB,,,,,,,18691,Shivsena,SHS,,6088,1,,8,16393,37.138,,,16393,,,,
Maharashtra,2017,21-02-2017, ,0,Mumbai Suburban,BRIHAN MUMBAI,MC,7,53,PRABHAG NO 53 ,,,SHINDE SANGEETA VITTHAL,,,,,,,1605,Bhartiya Janata Party,BJP,,3555,2,,8,16393,21.686,,,16393,,,,
Maharashtra,2017,21-02-2017, ,0,Mumbai Suburban,BRIHAN MUMBAI,MC,7,53,PRABHAG NO 53 ,,,SAKPAL ROHINI SANDEEP,,,,,,,1605,Indian National Congress,BJP,,2358,3,,8,16393,14.384,,,16393,,,,
Maharashtra,2017,21-02-2017, ,0,Mumbai Suburban,BRIHAN MUMBAI,MC,7,53,PRABHAG NO 53 ,,,KHANDAGALE DARSHANA PRAKASH,,,,,,,12285,Republican Party of India (A),RPI(A),,1822,4,,8,16393,11.115,,,16393,,,,
Maharashtra,2017,21-02-2017, ,0,Mumbai Suburban,BRIHAN MUMBAI,MC,7,53,PRABHAG NO 53 ,,,LANDGE ALKA BHARAT,,,,,,,1875,Bharip Bahujan Mahasangh,BBM,,990,5,,8,16393,6.039,,,16393,,,,
Maharashtra,2017,21-02-2017, ,0,Mumbai Suburban,BRIHAN MUMBAI,MC,7,53,PRABHAG NO 53 ,,,kharat poonan baban,,,,,,,11633,Maharashtra Navnirman Sena,MNS,,890,6,,8,16393,5.429,,,16393,,,,
Maharashtra,2017,21-02-2017, ,0,Mumbai Suburban,BRIHAN MUMBAI,MC,7,53,PRABHAG NO 53 ,,,YADAV SWATI SADU,,,,,,,12285,Republican Party of India (A),RPI(A),,213,7,,8,16393,1.299,,,16393,,,,
Maharashtra,2017,21-02-2017, ,0,Mumbai Suburban,BRIHAN MUMBAI,MC,7,53,PRABHAG NO 53 ,,,SADAFULE PUJA ARJUN,,,,,,,10809,Independent,IND,,105,8,,8,16393,0.641,,,16393,,,,
Maharashtra,2017,21-02-2017, ,0,Mumbai Suburban,BRIHAN MUMBAI,MC,7,53,PRABHAG NO 53 ,,,NOTA,,,,,,,u10003,,,,372,9,,8,16393,2.269,,,16393,,,,
Maharashtra,2017,21-02-2017, ,0,Mumbai Suburban,BRIHAN MUMBAI,MC,7,54,PRABHAG NO 54 ,,,MANE SADHANA SADASHIV,,,,,,,18691,Shivsena,SHS,,8363,1,,8,21718,38.507,,,21718,,,,
Maharashtra,2017,21-02-2017, ,0,Mumbai Suburban,BRIHAN MUMBAI,MC,7,54,PRABHAG NO 54 ,,,VAZE SANIKA SATEESH,,,,,,,1605,Bhartiya Janata Party,BJP,,6901,2,,8,21718,31.775,,,21718,,,,
Maharashtra,2017,21-02-2017, ,0,Mumbai Suburban,BRIHAN MUMBAI,MC,7,54,PRABHAG NO 54 ,,,PRAJAPATI KANCHAN VINOD,,,,,,,1605,Indian National Congress,BJP,,2903,3,,8,21718,13.367,,,21718,,,,
Maharashtra,2017,21-02-2017, ,0,Mumbai Suburban,BRIHAN MUMBAI,MC,7,54,PRABHAG NO 54 ,,,churi sunita gajanan,,,,,,,11633,Maharashtra Navnirman Sena,MNS,,1346,4,,8,21718,6.198,,,21718,,,,
Maharashtra,2017,21-02-2017, ,0,Mumbai Suburban,BRIHAN MUMBAI,MC,7,54,PRABHAG NO 54 ,,,VISHWASRAO RAJASHREE HARISHCHANDRA,,,,,,,10809,Independent,IND,,1036,5,,8,21718,4.77,,,21718,,,,
Maharashtra,2017,21-02-2017, ,0,Mumbai Suburban,BRIHAN MUMBAI,MC,7,54,PRABHAG NO 54 ,,,RAUT CHHAYA RATAN,,,,,,,12285,Republican Party of India (A),RPI(A),,479,6,,8,21718,2.206,,,21718,,,,
Maharashtra,2017,21-02-2017, ,0,Mumbai Suburban,BRIHAN MUMBAI,MC,7,54,PRABHAG NO 54 ,,,DHABALE REKHA SAKHARAM,,,,,,,16651,Bahujan Samaj Party,BSP,,174,7,,8,21718,0.801,,,21718,,,,
Maharashtra,2017,21-02-2017, ,0,Mumbai Suburban,BRIHAN MUMBAI,MC,7,54,PRABHAG NO 54 ,,,PAGARE VAISHALI NANA,,,,,,,5792,Nationalist Congress Party,NCP,,143,8,,8,21718,0.658,,,21718,,,,
Maharashtra,2017,21-02-2017, ,0,Mumbai Suburban,BRIHAN MUMBAI,MC,7,54,PRABHAG NO 54 ,,,NOTA,,,,,,,u10003,,,,373,9,,8,21718,1.717,,,21718,,,,
Maharashtra,2017,21-02-2017, ,0,Mumbai Suburban,BRIHAN MUMBAI,MC,7,55,PRABHAG NO 55 ,,,PATEL HARSH BHARGAV,,,,,,,1605,Bhartiya Janata Party,BJP,,14256,1,,5,28038,50.845,,,28038,,,,
Maharashtra,2017,21-02-2017, ,0,Mumbai Suburban,BRIHAN MUMBAI,MC,7,55,PRABHAG NO 55 ,,,LIMBACHIYA BIREN DAHYALAL,,,,,,,18691,Shivsena,SHS,,6242,2,,5,28038,22.263,,,28038,,,,
Maharashtra,2017,21-02-2017, ,0,Mumbai Suburban,BRIHAN MUMBAI,MC,7,55,PRABHAG NO 55 ,,,PATEL KIRAN VINAY,,,,,,,1605,Indian National Congress,BJP,,4460,3,,5,28038,15.907,,,28038,,,,
Maharashtra,2017,21-02-2017, ,0,Mumbai Suburban,BRIHAN MUMBAI,MC,7,55,PRABHAG NO 55 ,,,MHATRE MAKARAND KHANDERAO,,,,,,,11633,Maharashtra Navnirman Sena,MNS,,2244,4,,5,28038,8.003,,,28038,,,,
Maharashtra,2017,21-02-2017, ,0,Mumbai Suburban,BRIHAN MUMBAI,MC,7,55,PRABHAG NO 55 ,,,VAINGANKAR RAJENDRA KRISHNA,,,,,,,16651,Bahujan Samaj Party,BSP,,177,5,,5,28038,0.631,,,28038,,,,
Maharashtra,2017,21-02-2017, ,0,Mumbai Suburban,BRIHAN MUMBAI,MC,7,55,PRABHAG NO 55 ,,,NOTA,,,,,,,u10003,,,,659,6,,5,28038,2.35,,,28038,,,,
Maharashtra,2017,21-02-2017, ,0,Mumbai Suburban,BRIHAN MUMBAI,MC,7,56,PRABHAG NO 56 ,,,Desai Rajul Sameer,,,,,,,1605,Bhartiya Janata Party,BJP,,10219,1,,15,25710,39.747,,,25710,,,,
Maharashtra,2017,21-02-2017, ,0,Mumbai Suburban,BRIHAN MUMBAI,MC,7,56,PRABHAG NO 56 ,,,CHAVAN LOCHANA CHANDRAKANT,,,,,,,18691,Shivsena,SHS,,6961,2,,15,25710,27.075,,,25710,,,,
Maharashtra,2017,21-02-2017, ,0,Mumbai Suburban,BRIHAN MUMBAI,MC,7,56,PRABHAG NO 56 ,,,MALBARI aRZOO HANIF,,,,,,,1605,Indian National Congress,BJP,,3982,3,,15,25710,15.488,,,25710,,,,
Maharashtra,2017,21-02-2017, ,0,Mumbai Suburban,BRIHAN MUMBAI,MC,7,56,PRABHAG NO 56 ,,,Chavan Megha Sushil,,,,,,,10809,Independent,IND,,2301,4,,15,25710,8.95,,,25710,,,,
Maharashtra,2017,21-02-2017, ,0,Mumbai Suburban,BRIHAN MUMBAI,MC,7,56,PRABHAG NO 56 ,,,PARMAR JYOTI PRAKASH,,,,,,,11633,Maharashtra Navnirman Sena,MNS,,599,5,,15,25710,2.33,,,25710,,,,
Maharashtra,2017,21-02-2017, ,0,Mumbai Suburban,BRIHAN MUMBAI,MC,7,56,PRABHAG NO 56 ,,,RAMALU USHA VYANKAT,,,,,,,12285,Republican Party of India (A),RPI(A),,323,6,,15,25710,1.256,,,25710,,,,
Maharashtra,2017,21-02-2017, ,0,Mumbai Suburban,BRIHAN MUMBAI,MC,7,56,PRABHAG NO 56 ,,,SHETTY VAIJAYANTI RAJU,,,,,,,7425,Samajwadi Party,SP,,289,7,,15,25710,1.124,,,25710,,,,
Maharashtra,2017,21-02-2017, ,0,Mumbai Suburban,BRIHAN MUMBAI,MC,7,56,PRABHAG NO 56 ,,,JADHAV CHANDRAPRIYA CHANDRAKANT,,,,,,,16651,Bahujan Samaj Party,BSP,,184,8,,15,25710,0.716,,,25710,,,,
Maharashtra,2017,21-02-2017, ,0,Mumbai Suburban,BRIHAN MUMBAI,MC,7,56,PRABHAG NO 56 ,,,Chavan Diksha Dinesh,,,,,,,10809,Independent,IND,,160,9,,15,25710,0.622,,,25710,,,,
Maharashtra,2017,21-02-2017, ,0,Mumbai Suburban,BRIHAN MUMBAI,MC,7,56,PRABHAG NO 56 ,,,MORE SONALI MAHENDRA,,,,,,,1074,Bahujan Mukti Party,BMUP,,132,10,,15,25710,0.513,,,25710,,,,
Maharashtra,2017,21-02-2017, ,0,Mumbai Suburban,BRIHAN MUMBAI,MC,7,56,PRABHAG NO 56 ,,,FERNANDEZ BHARATI ANTHONY,,,,,,,9677,Bahujan Vikas Aghadi,BVA,,118,11,,15,25710,0.459,,,25710,,,,
Maharashtra,2017,21-02-2017, ,0,Mumbai Suburban,BRIHAN MUMBAI,MC,7,56,PRABHAG NO 56 ,,,RAJGURE PRANITA NAGESH,,,,,,,10979,Janata Dal Secular,JD(S),,106,12,,15,25710,0.412,,,25710,,,,
Maharashtra,2017,21-02-2017, ,0,Mumbai Suburban,BRIHAN MUMBAI,MC,7,56,PRABHAG NO 56 ,,,walawalkar dipti ashok,,,,,,,10809,Independent,IND,,79,13,,15,25710,0.307,,,25710,,,,
Maharashtra,2017,21-02-2017, ,0,Mumbai Suburban,BRIHAN MUMBAI,MC,7,56,PRABHAG NO 56 ,,,Pal Nisha Niranjan,,,,,,,6792,Rashtriya Samaj Paksha,RSPS,,63,14,,15,25710,0.245,,,25710,,,,
Maharashtra,2017,21-02-2017, ,0,Mumbai Suburban,BRIHAN MUMBAI,MC,7,56,PRABHAG NO 56 ,,,KAMBLE USHA SONAJI,,,,,,,10809,Independent,IND,,49,15,,15,25710,0.191,,,25710,,,,
Maharashtra,2017,21-02-2017, ,0,Mumbai Suburban,BRIHAN MUMBAI,MC,7,56,PRABHAG NO 56 ,,,NOTA,,,,,,,u10003,,,,145,16,,15,25710,0.564,,,25710,,,,
Maharashtra,2017,21-02-2017, ,0,Mumbai Suburban,BRIHAN MUMBAI,MC,7,57,PRABHAG NO 57 ,,,PILLAI SRIKALA RAMCHANDRAN,,,,,,,1605,Bhartiya Janata Party,BJP,,10444,1,,10,22324,46.784,,,22324,,,,
Maharashtra,2017,21-02-2017, ,0,Mumbai Suburban,BRIHAN MUMBAI,MC,7,57,PRABHAG NO 57 ,,,rane madhavi arun,,,,,,,1605,Indian National Congress,BJP,,5289,2,,10,22324,23.692,,,22324,,,,
Maharashtra,2017,21-02-2017, ,0,Mumbai Suburban,BRIHAN MUMBAI,MC,7,57,PRABHAG NO 57 ,,,SHINDE PRAMILA DILIP,,,,,,,18691,Shivsena,SHS,,4764,3,,10,22324,21.34,,,22324,,,,
Maharashtra,2017,21-02-2017, ,0,Mumbai Suburban,BRIHAN MUMBAI,MC,7,57,PRABHAG NO 57 ,,,KARANDE SUNITA SUKHDEV,,,,,,,5792,Nationalist Congress Party,NCP,,489,4,,10,22324,2.19,,,22324,,,,
Maharashtra,2017,21-02-2017, ,0,Mumbai Suburban,BRIHAN MUMBAI,MC,7,57,PRABHAG NO 57 ,,,INGOLE REKHA ASHOK,,,,,,,11633,Maharashtra Navnirman Sena,MNS,,480,5,,10,22324,2.15,,,22324,,,,
Maharashtra,2017,21-02-2017, ,0,Mumbai Suburban,BRIHAN MUMBAI,MC,7,57,PRABHAG NO 57 ,,,RATNAPARKHE CHANDRAKALA AMBADAS,,,,,,,16651,Bahujan Samaj Party,BSP,,385,6,,10,22324,1.725,,,22324,,,,
Maharashtra,2017,21-02-2017, ,0,Mumbai Suburban,BRIHAN MUMBAI,MC,7,57,PRABHAG NO 57 ,,,NAIDU SARIKA SUNITA,,,,,,,10809,Independent,IND,,75,7,,10,22324,0.336,,,22324,,,,
Maharashtra,2017,21-02-2017, ,0,Mumbai Suburban,BRIHAN MUMBAI,MC,7,57,PRABHAG NO 57 ,,,mhaske ashvini sudhir,,,,,,,10809,Independent,IND,,49,8,,10,22324,0.219,,,22324,,,,
Maharashtra,2017,21-02-2017, ,0,Mumbai Suburban,BRIHAN MUMBAI,MC,7,57,PRABHAG NO 57 ,,,SHAIKH PARVEEN JAKAULLA,,,,,,,706,All India Majlis e Ittehadul Muslimeen,AIMIM,,44,9,,10,22324,0.197,,,22324,,,,
Maharashtra,2017,21-02-2017, ,0,Mumbai Suburban,BRIHAN MUMBAI,MC,7,57,PRABHAG NO 57 ,,,KHADYE ASMITA ASHOK,,,,,,,10809,Independent,IND,,38,10,,10,22324,0.17,,,22324,,,,
Maharashtra,2017,21-02-2017, ,0,Mumbai Suburban,BRIHAN MUMBAI,MC,7,57,PRABHAG NO 57 ,,,NOTA,,,,,,,u10003,,,,267,11,,10,22324,1.196,,,22324,,,,
Maharashtra,2017,21-02-2017, ,0,Mumbai Suburban,BRIHAN MUMBAI,MC,7,58,PRABHAG NO 58 ,,,PATEL SANDEEP DILIP,,,,,,,1605,Bhartiya Janata Party,BJP,,7153,1,,19,23336,30.652,,,23336,,,,
Maharashtra,2017,21-02-2017, ,0,Mumbai Suburban,BRIHAN MUMBAI,MC,7,58,PRABHAG NO 58 ,,,PADHYE RAJAN VASANT,,,,,,,18691,Shivsena,SHS,,6606,2,,19,23336,28.308,,,23336,,,,
Maharashtra,2017,21-02-2017, ,0,Mumbai Suburban,BRIHAN MUMBAI,MC,7,58,PRABHAG NO 58 ,,,SHETTIGAR SURYAPRAKASH NARAYAN,,,,,,,1605,Indian National Congress,BJP,,3066,3,,19,23336,13.138,,,23336,,,,
Maharashtra,2017,21-02-2017, ,0,Mumbai Suburban,BRIHAN MUMBAI,MC,7,58,PRABHAG NO 58 ,,,jadhav virendra vijay,,,,,,,11633,Maharashtra Navnirman Sena,MNS,,2756,4,,19,23336,11.81,,,23336,,,,
Maharashtra,2017,21-02-2017, ,0,Mumbai Suburban,BRIHAN MUMBAI,MC,7,58,PRABHAG NO 58 ,,,KHAN ATIULLAH ANGREZBAHADUR,,,,,,,7425,Samajwadi Party,SP,,1320,5,,19,23336,5.656,,,23336,,,,
Maharashtra,2017,21-02-2017, ,0,Mumbai Suburban,BRIHAN MUMBAI,MC,7,58,PRABHAG NO 58 ,,,YADAV RAMESH SHYAMDEV,,,,,,,10809,Independent,IND,,535,6,,19,23336,2.293,,,23336,,,,
Maharashtra,2017,21-02-2017, ,0,Mumbai Suburban,BRIHAN MUMBAI,MC,7,58,PRABHAG NO 58 ,,,VICHARE AJAY DATTARAM,,,,,,,5792,Nationalist Congress Party,NCP,,263,7,,19,23336,1.127,,,23336,,,,
Maharashtra,2017,21-02-2017, ,0,Mumbai Suburban,BRIHAN MUMBAI,MC,7,58,PRABHAG NO 58 ,,,SALVI PRADIP GOPINATH,,,,,,,14635,Communist Party Of India (Marxist),CPM,,219,8,,19,23336,0.938,,,23336,,,,
Maharashtra,2017,21-02-2017, ,0,Mumbai Suburban,BRIHAN MUMBAI,MC,7,58,PRABHAG NO 58 ,,,PENDSE ASHISH MAHADEO,,,,,,,4941,Lokbharati,LB,,165,9,,19,23336,0.707,,,23336,,,,
Maharashtra,2017,21-02-2017, ,0,Mumbai Suburban,BRIHAN MUMBAI,MC,7,58,PRABHAG NO 58 ,,,Pandey Rishikesh RajendraPrasad,,,,,,,10809,Independent,IND,,161,10,,19,23336,0.69,,,23336,,,,
Maharashtra,2017,21-02-2017, ,0,Mumbai Suburban,BRIHAN MUMBAI,MC,7,58,PRABHAG NO 58 ,,,kazi salim dawood,,,,,,,24558,united congress party,UnCP,,153,11,,19,23336,0.656,,,23336,,,,
Maharashtra,2017,21-02-2017, ,0,Mumbai Suburban,BRIHAN MUMBAI,MC,7,58,PRABHAG NO 58 ,,,MAKKAD KIRPALSINGH MANOHARSINGH,,,,,,,10809,Independent,IND,,120,12,,19,23336,0.514,,,23336,,,,
Maharashtra,2017,21-02-2017, ,0,Mumbai Suburban,BRIHAN MUMBAI,MC,7,58,PRABHAG NO 58 ,,,SINGH DEV LAL,,,,,,,9677,Bahujan Vikas Aghadi,BVA,,107,13,,19,23336,0.459,,,23336,,,,
Maharashtra,2017,21-02-2017, ,0,Mumbai Suburban,BRIHAN MUMBAI,MC,7,58,PRABHAG NO 58 ,,,gupta nitin narendra,,,,,,,8690,Akhil Bharatiya Sena,ABHS,,91,14,,19,23336,0.39,,,23336,,,,
Maharashtra,2017,21-02-2017, ,0,Mumbai Suburban,BRIHAN MUMBAI,MC,7,58,PRABHAG NO 58 ,,,KHAN SALMAN AZIZ,,,,,,,12285,Republican Party of India (A),RPI(A),,87,15,,19,23336,0.373,,,23336,,,,
Maharashtra,2017,21-02-2017, ,0,Mumbai Suburban,BRIHAN MUMBAI,MC,7,58,PRABHAG NO 58 ,,,KUNDAYIL SURAJ SUBRAMANIAN,,,,,,,16651,Bahujan Samaj Party,BSP,,74,16,,19,23336,0.317,,,23336,,,,
Maharashtra,2017,21-02-2017, ,0,Mumbai Suburban,BRIHAN MUMBAI,MC,7,58,PRABHAG NO 58 ,,,Saroj Shailesh Ramesh,,,,,,,10809,Independent,IND,,71,17,,19,23336,0.304,,,23336,,,,
Maharashtra,2017,21-02-2017, ,0,Mumbai Suburban,BRIHAN MUMBAI,MC,7,58,PRABHAG NO 58 ,,,KASARE VIJAY HIRU,,,,,,,10809,Independent,IND,,62,18,,19,23336,0.266,,,23336,,,,
Maharashtra,2017,21-02-2017, ,0,Mumbai Suburban,BRIHAN MUMBAI,MC,7,58,PRABHAG NO 58 ,,,RAJPUT SANJAY BRIJPALSINGH,,,,,,,10809,Independent,IND,,18,19,,19,23336,0.077,,,23336,,,,
Maharashtra,2017,21-02-2017, ,0,Mumbai Suburban,BRIHAN MUMBAI,MC,7,58,PRABHAG NO 58 ,,,NOTA,,,,,,,u10003,,,,309,20,,19,23336,1.324,,,23336,,,,
Maharashtra,2017,21-02-2017, ,0,Mumbai Suburban,BRIHAN MUMBAI,MC,7,59,PRABHAG NO 59 ,,,KHOPADE PRATIMA SHAILESH,,,,,,,18691,Shivsena,SHS,,7690,1,,4,21111,36.427,,,21111,,,,
Maharashtra,2017,21-02-2017, ,0,Mumbai Suburban,BRIHAN MUMBAI,MC,7,59,PRABHAG NO 59 ,,,BHANJI PRIYA GAJENDRA,,,,,,,1605,Bhartiya Janata Party,BJP,,6494,2,,4,21111,30.761,,,21111,,,,
Maharashtra,2017,21-02-2017, ,0,Mumbai Suburban,BRIHAN MUMBAI,MC,7,59,PRABHAG NO 59 ,,,KUMBHAR KOKILA ASHOK,,,,,,,1605,Indian National Congress,BJP,,5823,3,,4,21111,27.583,,,21111,,,,
Maharashtra,2017,21-02-2017, ,0,Mumbai Suburban,BRIHAN MUMBAI,MC,7,59,PRABHAG NO 59 ,,,KORGAONKAR SUHASINI PRAVIN,,,,,,,11633,Maharashtra Navnirman Sena,MNS,,619,4,,4,21111,2.932,,,21111,,,,
Maharashtra,2017,21-02-2017, ,0,Mumbai Suburban,BRIHAN MUMBAI,MC,7,59,PRABHAG NO 59 ,,,NOTA,,,,,,,u10003,,,,485,5,,4,21111,2.297,,,21111,,,,
Maharashtra,2017,21-02-2017, ,0,Mumbai Suburban,BRIHAN MUMBAI,MC,7,60,PRABHAG NO 60 ,,,DABHADKAR YOGIRAJ NARAYANRAO,,,,,,,1605,Bhartiya Janata Party,BJP,,6908,1,,8,17987,38.406,,,17987,,,,
Maharashtra,2017,21-02-2017, ,0,Mumbai Suburban,BRIHAN MUMBAI,MC,7,60,PRABHAG NO 60 ,,,PHANSE YESHODHAR PADMAKAR,,,,,,,18691,Shivsena,SHS,,6406,2,,8,17987,35.615,,,17987,,,,
Maharashtra,2017,21-02-2017, ,0,Mumbai Suburban,BRIHAN MUMBAI,MC,7,60,PRABHAG NO 60 ,,,DIGHE JYOTSNA ABHAY,,,,,,,1605,Indian National Congress,BJP,,3479,3,,8,17987,19.342,,,17987,,,,
Maharashtra,2017,21-02-2017, ,0,Mumbai Suburban,BRIHAN MUMBAI,MC,7,60,PRABHAG NO 60 ,,,RANE PRASHANT ASHOK,,,,,,,11633,Maharashtra Navnirman Sena,MNS,,539,4,,8,17987,2.997,,,17987,,,,
Maharashtra,2017,21-02-2017, ,0,Mumbai Suburban,BRIHAN MUMBAI,MC,7,60,PRABHAG NO 60 ,,,KANOJIA SURESH SHAMBHUPRASAD,,,,,,,24558,united congress party,UnCP,,120,5,,8,17987,0.667,,,17987,,,,
Maharashtra,2017,21-02-2017, ,0,Mumbai Suburban,BRIHAN MUMBAI,MC,7,60,PRABHAG NO 60 ,,,jangam vikas jagdish,,,,,,,5792,Nationalist Congress Party,NCP,,98,6,,8,17987,0.545,,,17987,,,,
Maharashtra,2017,21-02-2017, ,0,Mumbai Suburban,BRIHAN MUMBAI,MC,7,60,PRABHAG NO 60 ,,,PATEL SAIRABANO MOHAMMED,,,,,,,10809,Independent,IND,,50,7,,8,17987,0.278,,,17987,,,,
Maharashtra,2017,21-02-2017, ,0,Mumbai Suburban,BRIHAN MUMBAI,MC,7,60,PRABHAG NO 60 ,,,MAKWANA UMER MOHAMMED,,,,,,,10809,Independent,IND,,44,8,,8,17987,0.245,,,17987,,,,
Maharashtra,2017,21-02-2017, ,0,Mumbai Suburban,BRIHAN MUMBAI,MC,7,60,PRABHAG NO 60 ,,,NOTA,,,,,,,u10003,,,,343,9,,8,17987,1.907,,,17987,,,,
Maharashtra,2017,21-02-2017, ,0,Mumbai Suburban,BRIHAN MUMBAI,MC,7,61,PRABHAG NO 61 ,,,PATEL RAJUL SURESH,,,,,,,18691,Shivsena,SHS,,10043,1,,11,21396,46.939,,,21396,,,,
Maharashtra,2017,21-02-2017, ,0,Mumbai Suburban,BRIHAN MUMBAI,MC,7,61,PRABHAG NO 61 ,,,GUPTA URMILA RAVISHANKAR,,,,,,,1605,Bhartiya Janata Party,BJP,,4277,2,,11,21396,19.99,,,21396,,,,
Maharashtra,2017,21-02-2017, ,0,Mumbai Suburban,BRIHAN MUMBAI,MC,7,61,PRABHAG NO 61 ,,,SHAIKH SAYEEDA ABDUL,,,,,,,706,All India Majlis e Ittehadul Muslimeen,AIMIM,,2268,3,,11,21396,10.6,,,21396,,,,
Maharashtra,2017,21-02-2017, ,0,Mumbai Suburban,BRIHAN MUMBAI,MC,7,61,PRABHAG NO 61 ,,,SINGH MANORAMA UMESH,,,,,,,1605,Indian National Congress,BJP,,2224,4,,11,21396,10.394,,,21396,,,,
Maharashtra,2017,21-02-2017, ,0,Mumbai Suburban,BRIHAN MUMBAI,MC,7,61,PRABHAG NO 61 ,,,SINGH GAYATRIDEVI RAMGOVIND,,,,,,,7425,Samajwadi Party,SP,,989,5,,11,21396,4.622,,,21396,,,,
Maharashtra,2017,21-02-2017, ,0,Mumbai Suburban,BRIHAN MUMBAI,MC,7,61,PRABHAG NO 61 ,,,PARAB SATVASHILA UTTAM,,,,,,,11633,Maharashtra Navnirman Sena,MNS,,491,6,,11,21396,2.295,,,21396,,,,
Maharashtra,2017,21-02-2017, ,0,Mumbai Suburban,BRIHAN MUMBAI,MC,7,61,PRABHAG NO 61 ,,,KAPADANE BHATABAI EKNATH,,,,,,,16651,Bahujan Samaj Party,BSP,,477,7,,11,21396,2.229,,,21396,,,,
Maharashtra,2017,21-02-2017, ,0,Mumbai Suburban,BRIHAN MUMBAI,MC,7,61,PRABHAG NO 61 ,,,gupta priyanka jayprakash,,,,,,,10809,Independent,IND,,273,8,,11,21396,1.276,,,21396,,,,
Maharashtra,2017,21-02-2017, ,0,Mumbai Suburban,BRIHAN MUMBAI,MC,7,61,PRABHAG NO 61 ,,,Qureshi razia MohdRashid,,,,,,,5792,Nationalist Congress Party,NCP,,70,9,,11,21396,0.327,,,21396,,,,
Maharashtra,2017,21-02-2017, ,0,Mumbai Suburban,BRIHAN MUMBAI,MC,7,61,PRABHAG NO 61 ,,,KAMBLE ASHA SHIVAJI,,,,,,,1074,Bahujan Mukti Party,BMUP,,38,10,,11,21396,0.178,,,21396,,,,
Maharashtra,2017,21-02-2017, ,0,Mumbai Suburban,BRIHAN MUMBAI,MC,7,61,PRABHAG NO 61 ,,,BHALERAO CHERANBAI HOUSAJI,,,,,,,12285,Republican Party of India (A),RPI(A),,28,11,,11,21396,0.131,,,21396,,,,
Maharashtra,2017,21-02-2017, ,0,Mumbai Suburban,BRIHAN MUMBAI,MC,7,61,PRABHAG NO 61 ,,,NOTA,,,,,,,u10003,,,,218,12,,11,21396,1.019,,,21396,,,,
Maharashtra,2017,21-02-2017, ,0,Mumbai Suburban,BRIHAN MUMBAI,MC,7,62,PRABHAG NO 62 ,,,Multani Changez Jamal,,,,,,,10809,Independent,IND,,10659,1,,7,22962,46.42,,,22962,,,,
Maharashtra,2017,21-02-2017, ,0,Mumbai Suburban,BRIHAN MUMBAI,MC,7,62,PRABHAG NO 62 ,,,Pednekar Raju Shripad,,,,,,,18691,Shivsena,SHS,,4569,2,,7,22962,19.898,,,22962,,,,
Maharashtra,2017,21-02-2017, ,0,Mumbai Suburban,BRIHAN MUMBAI,MC,7,62,PRABHAG NO 62 ,,,SHAH FIROZAHMED MEHNDIHASAN,,,,,,,1605,Indian National Congress,BJP,,2857,3,,7,22962,12.442,,,22962,,,,
Maharashtra,2017,21-02-2017, ,0,Mumbai Suburban,BRIHAN MUMBAI,MC,7,62,PRABHAG NO 62 ,,,MEMON FOWAJ BASHIR,,,,,,,7425,Samajwadi Party,SP,,2653,4,,7,22962,11.554,,,22962,,,,
Maharashtra,2017,21-02-2017, ,0,Mumbai Suburban,BRIHAN MUMBAI,MC,7,62,PRABHAG NO 62 ,,,BANDHERI VITTHAL TIPPANNA,,,,,,,1605,Bhartiya Janata Party,BJP,,1746,5,,7,22962,7.604,,,22962,,,,
Maharashtra,2017,21-02-2017, ,0,Mumbai Suburban,BRIHAN MUMBAI,MC,7,62,PRABHAG NO 62 ,,,patil rajesh maruti,,,,,,,5792,Nationalist Congress Party,NCP,,170,6,,7,22962,0.74,,,22962,,,,
Maharashtra,2017,21-02-2017, ,0,Mumbai Suburban,BRIHAN MUMBAI,MC,7,62,PRABHAG NO 62 ,,,HARYAN VISHAL RAMCHANDRA,,,,,,,11633,Maharashtra Navnirman Sena,MNS,,169,7,,7,22962,0.736,,,22962,,,,
Maharashtra,2017,21-02-2017, ,0,Mumbai Suburban,BRIHAN MUMBAI,MC,7,62,PRABHAG NO 62 ,,,NOTA,,,,,,,u10003,,,,139,8,,7,22962,0.605,,,22962,,,,
Maharashtra,2017,21-02-2017, ,0,Mumbai Suburban,BRIHAN MUMBAI,MC,7,63,PRABHAG NO 63 ,,,PATIL RANJANA UJWAL,,,,,,,1605,Bhartiya Janata Party,BJP,,4864,1,,10,17940,27.113,,,17940,,,,
Maharashtra,2017,21-02-2017, ,0,Mumbai Suburban,BRIHAN MUMBAI,MC,7,63,PRABHAG NO 63 ,,,KORGAONKAR VARSHA VISHNU,,,,,,,18691,Shivsena,SHS,,4198,2,,10,17940,23.4,,,17940,,,,
Maharashtra,2017,21-02-2017, ,0,Mumbai Suburban,BRIHAN MUMBAI,MC,7,63,PRABHAG NO 63 ,,,KHAN SABIHA ARIF,,,,,,,706,All India Majlis e Ittehadul Muslimeen,AIMIM,,4095,3,,10,17940,22.826,,,17940,,,,
Maharashtra,2017,21-02-2017, ,0,Mumbai Suburban,BRIHAN MUMBAI,MC,7,63,PRABHAG NO 63 ,,,SINGH PRATIBHA BIPINKUMAR,,,,,,,1605,Indian National Congress,BJP,,3394,4,,10,17940,18.919,,,17940,,,,
Maharashtra,2017,21-02-2017, ,0,Mumbai Suburban,BRIHAN MUMBAI,MC,7,63,PRABHAG NO 63 ,,,VASWANI MEENA SUNDER,,,,,,,11633,Maharashtra Navnirman Sena,MNS,,408,5,,10,17940,2.274,,,17940,,,,
Maharashtra,2017,21-02-2017, ,0,Mumbai Suburban,BRIHAN MUMBAI,MC,7,63,PRABHAG NO 63 ,,,PENWALA ASHIYANA LAEEKAHMED,,,,,,,7425,Samajwadi Party,SP,,330,6,,10,17940,1.839,,,17940,,,,
Maharashtra,2017,21-02-2017, ,0,Mumbai Suburban,BRIHAN MUMBAI,MC,7,63,PRABHAG NO 63 ,,,SAHAJRAO JYOTI GAUTAM,,,,,,,16651,Bahujan Samaj Party,BSP,,195,7,,10,17940,1.087,,,17940,,,,
Maharashtra,2017,21-02-2017, ,0,Mumbai Suburban,BRIHAN MUMBAI,MC,7,63,PRABHAG NO 63 ,,,DHANGAR LAXMI BABU,,,,,,,10809,Independent,IND,,134,8,,10,17940,0.747,,,17940,,,,
Maharashtra,2017,21-02-2017, ,0,Mumbai Suburban,BRIHAN MUMBAI,MC,7,63,PRABHAG NO 63 ,,,PATHAN SHABHAM IBRAHIM,,,,,,,1875,Bharip Bahujan Mahasangh,BBM,,54,9,,10,17940,0.301,,,17940,,,,
Maharashtra,2017,21-02-2017, ,0,Mumbai Suburban,BRIHAN MUMBAI,MC,7,63,PRABHAG NO 63 ,,,KHAN FARHA AFTAB,,,,,,,1605,Indian National Congress,BJP,,31,10,,10,17940,0.173,,,17940,,,,
Maharashtra,2017,21-02-2017, ,0,Mumbai Suburban,BRIHAN MUMBAI,MC,7,63,PRABHAG NO 63 ,,,NOTA,,,,,,,u10003,,,,237,11,,10,17940,1.321,,,17940,,,,
Maharashtra,2017,21-02-2017, ,0,Mumbai Suburban,BRIHAN MUMBAI,MC,7,64,PRABHAG NO 64 ,,,KHAN SHAHEDA HAROONRASHID,,,,,,,18691,Shivsena,SHS,,7589,1,,9,23899,31.754,,,23899,,,,
Maharashtra,2017,21-02-2017, ,0,Mumbai Suburban,BRIHAN MUMBAI,MC,7,64,PRABHAG NO 64 ,,,Patil Sangita Vijay,,,,,,,7425,Samajwadi Party,SP,,4410,2,,9,23899,18.453,,,23899,,,,
Maharashtra,2017,21-02-2017, ,0,Mumbai Suburban,BRIHAN MUMBAI,MC,7,64,PRABHAG NO 64 ,,,KAREKAR GEETANJALI RAJU,,,,,,,1605,Indian National Congress,BJP,,3920,3,,9,23899,16.402,,,23899,,,,
Maharashtra,2017,21-02-2017, ,0,Mumbai Suburban,BRIHAN MUMBAI,MC,7,64,PRABHAG NO 64 ,,,PRASAD AKRITI RAJIV,,,,,,,1605,Bhartiya Janata Party,BJP,,3836,4,,9,23899,16.051,,,23899,,,,
Maharashtra,2017,21-02-2017, ,0,Mumbai Suburban,BRIHAN MUMBAI,MC,7,64,PRABHAG NO 64 ,,,KHAN HUDA ADAM SHAIKH,,,,,,,706,All India Majlis e Ittehadul Muslimeen,AIMIM,,2112,5,,9,23899,8.837,,,23899,,,,
Maharashtra,2017,21-02-2017, ,0,Mumbai Suburban,BRIHAN MUMBAI,MC,7,64,PRABHAG NO 64 ,,,Tawde Sneha Sudhir,,,,,,,11633,Maharashtra Navnirman Sena,MNS,,1161,6,,9,23899,4.858,,,23899,,,,
Maharashtra,2017,21-02-2017, ,0,Mumbai Suburban,BRIHAN MUMBAI,MC,7,64,PRABHAG NO 64 ,,,PARAB SHIVANI SANTOSH,,,,,,,24549,Sambhaji Brigade,SBBGP,,308,7,,9,23899,1.289,,,23899,,,,
Maharashtra,2017,21-02-2017, ,0,Mumbai Suburban,BRIHAN MUMBAI,MC,7,64,PRABHAG NO 64 ,,,KAMBLE SHARDA LAXMAN,,,,,,,5792,Nationalist Congress Party,NCP,,113,8,,9,23899,0.473,,,23899,,,,
Maharashtra,2017,21-02-2017, ,0,Mumbai Suburban,BRIHAN MUMBAI,MC,7,64,PRABHAG NO 64 ,,,RANE MEENA GOVIND,,,,,,,10809,Independent,IND,,82,9,,9,23899,0.343,,,23899,,,,
Maharashtra,2017,21-02-2017, ,0,Mumbai Suburban,BRIHAN MUMBAI,MC,7,64,PRABHAG NO 64 ,,,NOTA,,,,,,,u10003,,,,368,10,,9,23899,1.54,,,23899,,,,
Maharashtra,2017,21-02-2017, ,0,Mumbai Suburban,BRIHAN MUMBAI,MC,7,65,PRABHAG NO 65 ,,,JADHAV ALPA ASHOK,,,,,,,1605,Indian National Congress,BJP,,7820,1,,8,22935,34.096,,,22935,,,,
Maharashtra,2017,21-02-2017, ,0,Mumbai Suburban,BRIHAN MUMBAI,MC,7,65,PRABHAG NO 65 ,,,RAJPUT MAYA SANTOSHSING,,,,,,,1605,Bhartiya Janata Party,BJP,,6515,2,,8,22935,28.406,,,22935,,,,
Maharashtra,2017,21-02-2017, ,0,Mumbai Suburban,BRIHAN MUMBAI,MC,7,65,PRABHAG NO 65 ,,,AYARE NUTAN PRASAD,,,,,,,18691,Shivsena,SHS,,5833,3,,8,22935,25.433,,,22935,,,,
Maharashtra,2017,21-02-2017, ,0,Mumbai Suburban,BRIHAN MUMBAI,MC,7,65,PRABHAG NO 65 ,,,QURESHI ALMAS FAZAL,,,,,,,706,All India Majlis e Ittehadul Muslimeen,AIMIM,,1178,4,,8,22935,5.136,,,22935,,,,
Maharashtra,2017,21-02-2017, ,0,Mumbai Suburban,BRIHAN MUMBAI,MC,7,65,PRABHAG NO 65 ,,,Raut Avantika Vilas,,,,,,,11633,Maharashtra Navnirman Sena,MNS,,589,5,,8,22935,2.568,,,22935,,,,
Maharashtra,2017,21-02-2017, ,0,Mumbai Suburban,BRIHAN MUMBAI,MC,7,65,PRABHAG NO 65 ,,,Agwan Bidul Kadar,,,,,,,14635,Communist Party Of India (Marxist),CPM,,406,6,,8,22935,1.77,,,22935,,,,
Maharashtra,2017,21-02-2017, ,0,Mumbai Suburban,BRIHAN MUMBAI,MC,7,65,PRABHAG NO 65 ,,,LANJEKAR MANJULA DHARMA,,,,,,,10809,Independent,IND,,132,7,,8,22935,0.576,,,22935,,,,
Maharashtra,2017,21-02-2017, ,0,Mumbai Suburban,BRIHAN MUMBAI,MC,7,65,PRABHAG NO 65 ,,,SHAIKH SUFIYA FARID,,,,,,,10809,Independent,IND,,86,8,,8,22935,0.375,,,22935,,,,
Maharashtra,2017,21-02-2017, ,0,Mumbai Suburban,BRIHAN MUMBAI,MC,7,65,PRABHAG NO 65 ,,,NOTA,,,,,,,u10003,,,,376,9,,8,22935,1.639,,,22935,,,,
Maharashtra,2017,21-02-2017, ,0,Mumbai Suburban,BRIHAN MUMBAI,MC,7,66,PRABHAG NO 66 ,,,HYDER MEHER MOHSIN,,,,,,,1605,Indian National Congress,BJP,,11228,1,,9,28663,39.172,,,28663,,,,
Maharashtra,2017,21-02-2017, ,0,Mumbai Suburban,BRIHAN MUMBAI,MC,7,66,PRABHAG NO 66 ,,,SHAIKH FIRDOUS ARIF,,,,,,,706,All India Majlis e Ittehadul Muslimeen,AIMIM,,7418,2,,9,28663,25.88,,,28663,,,,
Maharashtra,2017,21-02-2017, ,0,Mumbai Suburban,BRIHAN MUMBAI,MC,7,66,PRABHAG NO 66 ,,,SHAH SHILA JASWANTLAL,,,,,,,1605,Bhartiya Janata Party,BJP,,4719,3,,9,28663,16.464,,,28663,,,,
Maharashtra,2017,21-02-2017, ,0,Mumbai Suburban,BRIHAN MUMBAI,MC,7,66,PRABHAG NO 66 ,,,KUSHALKAR YOGEETA YELLAPPA,,,,,,,18691,Shivsena,SHS,,3702,4,,9,28663,12.916,,,28663,,,,
Maharashtra,2017,21-02-2017, ,0,Mumbai Suburban,BRIHAN MUMBAI,MC,7,66,PRABHAG NO 66 ,,,Valodra Karuna Hari,,,,,,,10809,Independent,IND,,497,5,,9,28663,1.734,,,28663,,,,
Maharashtra,2017,21-02-2017, ,0,Mumbai Suburban,BRIHAN MUMBAI,MC,7,66,PRABHAG NO 66 ,,,Shaikh Noorbanu Md Yusuf,,,,,,,14635,Communist Party Of India (Marxist),CPM,,369,6,,9,28663,1.287,,,28663,,,,
Maharashtra,2017,21-02-2017, ,0,Mumbai Suburban,BRIHAN MUMBAI,MC,7,66,PRABHAG NO 66 ,,,PAWAR SANJANA SANJOG,,,,,,,11633,Maharashtra Navnirman Sena,MNS,,339,7,,9,28663,1.183,,,28663,,,,
Maharashtra,2017,21-02-2017, ,0,Mumbai Suburban,BRIHAN MUMBAI,MC,7,66,PRABHAG NO 66 ,,,SHAIKH KAUSAR ABUBAKAR,,,,,,,10979,Janata Dal Secular,JD(S),,66,8,,9,28663,0.23,,,28663,,,,
Maharashtra,2017,21-02-2017, ,0,Mumbai Suburban,BRIHAN MUMBAI,MC,7,66,PRABHAG NO 66 ,,,SAHANI DURGAVATI SHANTARAM,,,,,,,10809,Independent,IND,,47,9,,9,28663,0.164,,,28663,,,,
Maharashtra,2017,21-02-2017, ,0,Mumbai Suburban,BRIHAN MUMBAI,MC,7,66,PRABHAG NO 66 ,,,NOTA,,,,,,,u10003,,,,278,10,,9,28663,0.97,,,28663,,,,
Maharashtra,2017,21-02-2017, ,0,Mumbai Suburban,BRIHAN MUMBAI,MC,7,67,PRABHAG NO 67 ,,,SINGH SUDHA SHAMBHUNATH,,,,,,,1605,Bhartiya Janata Party,BJP,,10719,1,,4,24105,44.468,,,24105,,,,
Maharashtra,2017,21-02-2017, ,0,Mumbai Suburban,BRIHAN MUMBAI,MC,7,67,PRABHAG NO 67 ,,,PARAB PRACHI PRASAD,,,,,,,18691,Shivsena,SHS,,7587,2,,4,24105,31.475,,,24105,,,,
Maharashtra,2017,21-02-2017, ,0,Mumbai Suburban,BRIHAN MUMBAI,MC,7,67,PRABHAG NO 67 ,,,MARUCHA VANITA KAILASH,,,,,,,1605,Indian National Congress,BJP,,4243,3,,4,24105,17.602,,,24105,,,,
Maharashtra,2017,21-02-2017, ,0,Mumbai Suburban,BRIHAN MUMBAI,MC,7,67,PRABHAG NO 67 ,,,UDAIYAR RADHIKA ARMUGAM,,,,,,,11633,Maharashtra Navnirman Sena,MNS,,968,4,,4,24105,4.016,,,24105,,,,
Maharashtra,2017,21-02-2017, ,0,Mumbai Suburban,BRIHAN MUMBAI,MC,7,67,PRABHAG NO 67 ,,,NOTA,,,,,,,u10003,,,,588,5,,4,24105,2.439,,,24105,,,,
Maharashtra,2017,21-02-2017, ,0,Mumbai Suburban,BRIHAN MUMBAI,MC,7,68,PRABHAG NO 68 ,,,RATHOD ROHAN SHASHINDRA,,,,,,,1605,Bhartiya Janata Party,BJP,,8200,1,,13,20703,39.608,,,20703,,,,
Maharashtra,2017,21-02-2017, ,0,Mumbai Suburban,BRIHAN MUMBAI,MC,7,68,PRABHAG NO 68 ,,,AMBERKAR DEVENDRA SHRIDHAR,,,,,,,18691,Shivsena,SHS,,6226,2,,13,20703,30.073,,,20703,,,,
Maharashtra,2017,21-02-2017, ,0,Mumbai Suburban,BRIHAN MUMBAI,MC,7,68,PRABHAG NO 68 ,,,Sabharwal InderpalSingh ManorathSingh,,,,,,,1605,Indian National Congress,BJP,,2157,3,,13,20703,10.419,,,20703,,,,
Maharashtra,2017,21-02-2017, ,0,Mumbai Suburban,BRIHAN MUMBAI,MC,7,68,PRABHAG NO 68 ,,,Mehta Abhijeet Vijay,,,,,,,10809,Independent,IND,,2147,4,,13,20703,10.37,,,20703,,,,
Maharashtra,2017,21-02-2017, ,0,Mumbai Suburban,BRIHAN MUMBAI,MC,7,68,PRABHAG NO 68 ,,,TALEKAR SACHIN BHAGWAN,,,,,,,11633,Maharashtra Navnirman Sena,MNS,,784,5,,13,20703,3.787,,,20703,,,,
Maharashtra,2017,21-02-2017, ,0,Mumbai Suburban,BRIHAN MUMBAI,MC,7,68,PRABHAG NO 68 ,,,Shejwal Sunil Dilip,,,,,,,1875,Bharip Bahujan Mahasangh,BBM,,255,6,,13,20703,1.232,,,20703,,,,
Maharashtra,2017,21-02-2017, ,0,Mumbai Suburban,BRIHAN MUMBAI,MC,7,68,PRABHAG NO 68 ,,,SHAIKH MAHIN MOHIDDIN,,,,,,,10809,Independent,IND,,179,7,,13,20703,0.865,,,20703,,,,
Maharashtra,2017,21-02-2017, ,0,Mumbai Suburban,BRIHAN MUMBAI,MC,7,68,PRABHAG NO 68 ,,,jadhav ujjay ramesh,,,,,,,10809,Independent,IND,,112,8,,13,20703,0.541,,,20703,,,,
Maharashtra,2017,21-02-2017, ,0,Mumbai Suburban,BRIHAN MUMBAI,MC,7,68,PRABHAG NO 68 ,,,SADADEKAR MADHUSUDAN BAPU,,,,,,,5792,Nationalist Congress Party,NCP,,85,9,,13,20703,0.411,,,20703,,,,
Maharashtra,2017,21-02-2017, ,0,Mumbai Suburban,BRIHAN MUMBAI,MC,7,68,PRABHAG NO 68 ,,,shaikh mehboob badshah,,,,,,,16651,Bahujan Samaj Party,BSP,,62,10,,13,20703,0.299,,,20703,,,,
Maharashtra,2017,21-02-2017, ,0,Mumbai Suburban,BRIHAN MUMBAI,MC,7,68,PRABHAG NO 68 ,,,Tauro Robin Lubert,,,,,,,24558,united congress party,UnCP,,61,11,,13,20703,0.295,,,20703,,,,
Maharashtra,2017,21-02-2017, ,0,Mumbai Suburban,BRIHAN MUMBAI,MC,7,68,PRABHAG NO 68 ,,,kashid pradeep Atmaram,,,,,,,24549,Sambhaji Brigade,SBBGP,,30,12,,13,20703,0.145,,,20703,,,,
Maharashtra,2017,21-02-2017, ,0,Mumbai Suburban,BRIHAN MUMBAI,MC,7,68,PRABHAG NO 68 ,,,Jathan Mahesh Chandappa,,,,,,,10809,Independent,IND,,29,13,,13,20703,0.14,,,20703,,,,
Maharashtra,2017,21-02-2017, ,0,Mumbai Suburban,BRIHAN MUMBAI,MC,7,68,PRABHAG NO 68 ,,,NOTA,,,,,,,u10003,,,,376,14,,13,20703,1.816,,,20703,,,,
Maharashtra,2017,21-02-2017, ,0,Mumbai Suburban,BRIHAN MUMBAI,MC,7,69,PRABHAG NO 69 ,,,BHASIN RENU KISHORILAL,,,,,,,1605,Bhartiya Janata Party,BJP,,8266,1,,9,18718,44.161,,,18718,,,,
Maharashtra,2017,21-02-2017, ,0,Mumbai Suburban,BRIHAN MUMBAI,MC,7,69,PRABHAG NO 69 ,,,Jain Bhavna Sikander,,,,,,,1605,Indian National Congress,BJP,,4561,2,,9,18718,24.367,,,18718,,,,
Maharashtra,2017,21-02-2017, ,0,Mumbai Suburban,BRIHAN MUMBAI,MC,7,69,PRABHAG NO 69 ,,,PALKAR ANJALI DEEPAK,,,,,,,18691,Shivsena,SHS,,3833,3,,9,18718,20.478,,,18718,,,,
Maharashtra,2017,21-02-2017, ,0,Mumbai Suburban,BRIHAN MUMBAI,MC,7,69,PRABHAG NO 69 ,,,Pallar Nayana Senthilkumar,,,,,,,11633,Maharashtra Navnirman Sena,MNS,,1092,4,,9,18718,5.834,,,18718,,,,
Maharashtra,2017,21-02-2017, ,0,Mumbai Suburban,BRIHAN MUMBAI,MC,7,69,PRABHAG NO 69 ,,,Sharma Neha Kumarrampravesh,,,,,,,10809,Independent,IND,,432,5,,9,18718,2.308,,,18718,,,,
Maharashtra,2017,21-02-2017, ,0,Mumbai Suburban,BRIHAN MUMBAI,MC,7,69,PRABHAG NO 69 ,,,CREADO MARY DOMNIC,,,,,,,10809,Independent,IND,,183,6,,9,18718,0.978,,,18718,,,,
Maharashtra,2017,21-02-2017, ,0,Mumbai Suburban,BRIHAN MUMBAI,MC,7,69,PRABHAG NO 69 ,,,Dravid Bhanumati Shankar,,,,,,,10809,Independent,IND,,83,7,,9,18718,0.443,,,18718,,,,
Maharashtra,2017,21-02-2017, ,0,Mumbai Suburban,BRIHAN MUMBAI,MC,7,69,PRABHAG NO 69 ,,,DEVENDRA PRIYANKA GANESH,,,,,,,10809,Independent,IND,,28,8,,9,18718,0.15,,,18718,,,,
Maharashtra,2017,21-02-2017, ,0,Mumbai Suburban,BRIHAN MUMBAI,MC,7,69,PRABHAG NO 69 ,,,SHAIKH FARZANA AJAMAT,,,,,,,10809,Independent,IND,,28,9,,9,18718,0.15,,,18718,,,,
Maharashtra,2017,21-02-2017, ,0,Mumbai Suburban,BRIHAN MUMBAI,MC,7,69,PRABHAG NO 69 ,,,NOTA,,,,,,,u10003,,,,212,10,,9,18718,1.133,,,18718,,,,
Maharashtra,2017,21-02-2017, ,0,Mumbai Suburban,BRIHAN MUMBAI,MC,7,70,PRABHAG NO 70 ,,,MEHTA SUNITA RAJESH,,,,,,,1605,Bhartiya Janata Party,BJP,,13034,1,,9,23151,56.3,,,23151,,,,
Maharashtra,2017,21-02-2017, ,0,Mumbai Suburban,BRIHAN MUMBAI,MC,7,70,PRABHAG NO 70 ,,,TAUK VEENA VIRENDRA,,,,,,,18691,Shivsena,SHS,,3760,2,,9,23151,16.241,,,23151,,,,
Maharashtra,2017,21-02-2017, ,0,Mumbai Suburban,BRIHAN MUMBAI,MC,7,70,PRABHAG NO 70 ,,,VORA BINITA MEHUL,,,,,,,1605,Indian National Congress,BJP,,3478,3,,9,23151,15.023,,,23151,,,,
Maharashtra,2017,21-02-2017, ,0,Mumbai Suburban,BRIHAN MUMBAI,MC,7,70,PRABHAG NO 70 ,,,YELANGE RASHMI RAVINDRA,,,,,,,11633,Maharashtra Navnirman Sena,MNS,,2076,4,,9,23151,8.967,,,23151,,,,
Maharashtra,2017,21-02-2017, ,0,Mumbai Suburban,BRIHAN MUMBAI,MC,7,70,PRABHAG NO 70 ,,,PEREYRA SMITA LLOYD,,,,,,,5792,Nationalist Congress Party,NCP,,158,5,,9,23151,0.682,,,23151,,,,
Maharashtra,2017,21-02-2017, ,0,Mumbai Suburban,BRIHAN MUMBAI,MC,7,70,PRABHAG NO 70 ,,,DOSHI HETAL HARSHID,,,,,,,10809,Independent,IND,,94,6,,9,23151,0.406,,,23151,,,,
Maharashtra,2017,21-02-2017, ,0,Mumbai Suburban,BRIHAN MUMBAI,MC,7,70,PRABHAG NO 70 ,,,SAWANT SANDHYA SURYAKANT,,,,,,,24558,united congress party,UnCP,,88,7,,9,23151,0.38,,,23151,,,,
Maharashtra,2017,21-02-2017, ,0,Mumbai Suburban,BRIHAN MUMBAI,MC,7,70,PRABHAG NO 70 ,,,YADAV MEENU BABULNATH,,,,,,,10809,Independent,IND,,62,8,,9,23151,0.268,,,23151,,,,
Maharashtra,2017,21-02-2017, ,0,Mumbai Suburban,BRIHAN MUMBAI,MC,7,70,PRABHAG NO 70 ,,,POTNAGARI BALAMANI BALRAM,,,,,,,10809,Independent,IND,,34,9,,9,23151,0.147,,,23151,,,,
Maharashtra,2017,21-02-2017, ,0,Mumbai Suburban,BRIHAN MUMBAI,MC,7,70,PRABHAG NO 70 ,,,NOTA,,,,,,,u10003,,,,367,10,,9,23151,1.585,,,23151,,,,
Maharashtra,2017,21-02-2017, ,0,Mumbai Suburban,BRIHAN MUMBAI,MC,7,71,PRABHAG NO 71 ,,,Makwaney Aneesh Naval,,,,,,,1605,Bhartiya Janata Party,BJP,,7277,1,,15,20449,35.586,,,20449,,,,
Maharashtra,2017,21-02-2017, ,0,Mumbai Suburban,BRIHAN MUMBAI,MC,7,71,PRABHAG NO 71 ,,,JANAWALE JITENDRA GUNWANT,,,,,,,18691,Shivsena,SHS,,6743,2,,15,20449,32.975,,,20449,,,,
Maharashtra,2017,21-02-2017, ,0,Mumbai Suburban,BRIHAN MUMBAI,MC,7,71,PRABHAG NO 71 ,,,Siroya Jayanti Jivabhai,,,,,,,1605,Indian National Congress,BJP,,2609,3,,15,20449,12.759,,,20449,,,,
Maharashtra,2017,21-02-2017, ,0,Mumbai Suburban,BRIHAN MUMBAI,MC,7,71,PRABHAG NO 71 ,,,FERNANDES LIBERALIS ALEX,,,,,,,10809,Independent,IND,,718,4,,15,20449,3.511,,,20449,,,,
Maharashtra,2017,21-02-2017, ,0,Mumbai Suburban,BRIHAN MUMBAI,MC,7,71,PRABHAG NO 71 ,,,YADAV SHRIKANT VASANT,,,,,,,10809,Independent,IND,,635,5,,15,20449,3.105,,,20449,,,,
Maharashtra,2017,21-02-2017, ,0,Mumbai Suburban,BRIHAN MUMBAI,MC,7,71,PRABHAG NO 71 ,,,RAJPUT MUKESH RAMCHANDRA,,,,,,,16651,Bahujan Samaj Party,BSP,,411,6,,15,20449,2.01,,,20449,,,,
Maharashtra,2017,21-02-2017, ,0,Mumbai Suburban,BRIHAN MUMBAI,MC,7,71,PRABHAG NO 71 ,,,CASTELINO LAWRENCEROY LEO,,,,,,,12285,Republican Party of India (A),RPI(A),,399,7,,15,20449,1.951,,,20449,,,,
Maharashtra,2017,21-02-2017, ,0,Mumbai Suburban,BRIHAN MUMBAI,MC,7,71,PRABHAG NO 71 ,,,SHAIKH ALAMGIR AJHUSSAIN,,,,,,,10809,Independent,IND,,367,8,,15,20449,1.795,,,20449,,,,
Maharashtra,2017,21-02-2017, ,0,Mumbai Suburban,BRIHAN MUMBAI,MC,7,71,PRABHAG NO 71 ,,,GHADGE SUBHASH BALKRISHNA,,,,,,,10809,Independent,IND,,243,9,,15,20449,1.188,,,20449,,,,
Maharashtra,2017,21-02-2017, ,0,Mumbai Suburban,BRIHAN MUMBAI,MC,7,71,PRABHAG NO 71 ,,,COUTINHO SAVIO SIMON,,,,,,,10809,Independent,IND,,179,10,,15,20449,0.875,,,20449,,,,
Maharashtra,2017,21-02-2017, ,0,Mumbai Suburban,BRIHAN MUMBAI,MC,7,71,PRABHAG NO 71 ,,,fernandes anthony agnel,,,,,,,10809,Independent,IND,,176,11,,15,20449,0.861,,,20449,,,,
Maharashtra,2017,21-02-2017, ,0,Mumbai Suburban,BRIHAN MUMBAI,MC,7,71,PRABHAG NO 71 ,,,KASHYAP RAJESHKUMAR KESHAV,,,,,,,10809,Independent,IND,,145,12,,15,20449,0.709,,,20449,,,,
Maharashtra,2017,21-02-2017, ,0,Mumbai Suburban,BRIHAN MUMBAI,MC,7,71,PRABHAG NO 71 ,,,Salvi Aditi Shailesh,,,,,,,1875,Bharip Bahujan Mahasangh,BBM,,139,13,,15,20449,0.68,,,20449,,,,
Maharashtra,2017,21-02-2017, ,0,Mumbai Suburban,BRIHAN MUMBAI,MC,7,71,PRABHAG NO 71 ,,,VALANJU NARAYAN BHASKAR,,,,,,,10809,Independent,IND,,122,14,,15,20449,0.597,,,20449,,,,
Maharashtra,2017,21-02-2017, ,0,Mumbai Suburban,BRIHAN MUMBAI,MC,7,71,PRABHAG NO 71 ,,,DHURE KISHOR MAHADEV,,,,,,,10809,Independent,IND,,100,15,,15,20449,0.489,,,20449,,,,
Maharashtra,2017,21-02-2017, ,0,Mumbai Suburban,BRIHAN MUMBAI,MC,7,71,PRABHAG NO 71 ,,,NOTA,,,,,,,u10003,,,,186,16,,15,20449,0.91,,,20449,,,,
Maharashtra,2017,21-02-2017, ,0,Mumbai Suburban,BRIHAN MUMBAI,MC,7,72,PRABHAG NO 72 ,,,YADAV PANKAJ SHOBHNATH,,,,,,,1605,Bhartiya Janata Party,BJP,,12709,1,,5,29113,43.654,,,29113,,,,
Maharashtra,2017,21-02-2017, ,0,Mumbai Suburban,BRIHAN MUMBAI,MC,7,72,PRABHAG NO 72 ,,,MANE ANIL DASHRATH,,,,,,,18691,Shivsena,SHS,,11321,2,,5,29113,38.886,,,29113,,,,
Maharashtra,2017,21-02-2017, ,0,Mumbai Suburban,BRIHAN MUMBAI,MC,7,72,PRABHAG NO 72 ,,,SALVI SHILPA SANTOSH,,,,,,,1605,Indian National Congress,BJP,,3574,3,,5,29113,12.276,,,29113,,,,
Maharashtra,2017,21-02-2017, ,0,Mumbai Suburban,BRIHAN MUMBAI,MC,7,72,PRABHAG NO 72 ,,,Sakhat Manoj Ramesh,,,,,,,10809,Independent,IND,,525,4,,5,29113,1.803,,,29113,,,,
Maharashtra,2017,21-02-2017, ,0,Mumbai Suburban,BRIHAN MUMBAI,MC,7,72,PRABHAG NO 72 ,,,JADHAV SHRADDHA DILIP,,,,,,,5792,Nationalist Congress Party,NCP,,381,5,,5,29113,1.309,,,29113,,,,
Maharashtra,2017,21-02-2017, ,0,Mumbai Suburban,BRIHAN MUMBAI,MC,7,72,PRABHAG NO 72 ,,,NOTA,,,,,,,u10003,,,,603,6,,5,29113,2.071,,,29113,,,,
Maharashtra,2017,21-02-2017, ,0,Mumbai Suburban,BRIHAN MUMBAI,MC,7,73,PRABHAG NO 73 ,,,SHINDE PRAVIN GAJANAN,,,,,,,18691,Shivsena,SHS,,13084,1,,7,24583,53.224,,,24583,,,,
Maharashtra,2017,21-02-2017, ,0,Mumbai Suburban,BRIHAN MUMBAI,MC,7,73,PRABHAG NO 73 ,,,Ambure Bhalchandra Gangaram,,,,,,,1605,Bhartiya Janata Party,BJP,,5579,2,,7,24583,22.695,,,24583,,,,
Maharashtra,2017,21-02-2017, ,0,Mumbai Suburban,BRIHAN MUMBAI,MC,7,73,PRABHAG NO 73 ,,,Sawant Nitin Raviandra,,,,,,,1605,Indian National Congress,BJP,,3209,3,,7,24583,13.054,,,24583,,,,
Maharashtra,2017,21-02-2017, ,0,Mumbai Suburban,BRIHAN MUMBAI,MC,7,73,PRABHAG NO 73 ,,,Mhaskar Pramod Vishnu,,,,,,,11633,Maharashtra Navnirman Sena,MNS,,1936,4,,7,24583,7.875,,,24583,,,,
Maharashtra,2017,21-02-2017, ,0,Mumbai Suburban,BRIHAN MUMBAI,MC,7,73,PRABHAG NO 73 ,,,MAHALE SANJAY ANANT,,,,,,,5792,Nationalist Congress Party,NCP,,207,5,,7,24583,0.842,,,24583,,,,
Maharashtra,2017,21-02-2017, ,0,Mumbai Suburban,BRIHAN MUMBAI,MC,7,73,PRABHAG NO 73 ,,,KHARAT RAHUL NIVRUTTI,,,,,,,16651,Bahujan Samaj Party,BSP,,52,6,,7,24583,0.212,,,24583,,,,
Maharashtra,2017,21-02-2017, ,0,Mumbai Suburban,BRIHAN MUMBAI,MC,7,73,PRABHAG NO 73 ,,,KORI aKASH HARIKESH,,,,,,,10809,Independent,IND,,46,7,,7,24583,0.187,,,24583,,,,
Maharashtra,2017,21-02-2017, ,0,Mumbai Suburban,BRIHAN MUMBAI,MC,7,73,PRABHAG NO 73 ,,,NOTA,,,,,,,u10003,,,,470,8,,7,24583,1.912,,,24583,,,,
Maharashtra,2017,21-02-2017, ,0,Mumbai Suburban,BRIHAN MUMBAI,MC,7,74,PRABHAG NO 74 ,,,MODAK UJWALA SHRIKRUSHNA,,,,,,,1605,Bhartiya Janata Party,BJP,,9713,1,,8,25031,38.804,,,25031,,,,
Maharashtra,2017,21-02-2017, ,0,Mumbai Suburban,BRIHAN MUMBAI,MC,7,74,PRABHAG NO 74 ,,,SAWANT RACHANA RAVINDRA,,,,,,,18691,Shivsena,SHS,,9255,2,,8,25031,36.974,,,25031,,,,
Maharashtra,2017,21-02-2017, ,0,Mumbai Suburban,BRIHAN MUMBAI,MC,7,74,PRABHAG NO 74 ,,,Bhole Pushpa Milind,,,,,,,1605,Indian National Congress,BJP,,2422,3,,8,25031,9.676,,,25031,,,,
Maharashtra,2017,21-02-2017, ,0,Mumbai Suburban,BRIHAN MUMBAI,MC,7,74,PRABHAG NO 74 ,,,More Sandhya Parasharam,,,,,,,11633,Maharashtra Navnirman Sena,MNS,,2385,4,,8,25031,9.528,,,25031,,,,
Maharashtra,2017,21-02-2017, ,0,Mumbai Suburban,BRIHAN MUMBAI,MC,7,74,PRABHAG NO 74 ,,,UGHADE KASHIBAI CHHABBU,,,,,,,16651,Bahujan Samaj Party,BSP,,547,5,,8,25031,2.185,,,25031,,,,
Maharashtra,2017,21-02-2017, ,0,Mumbai Suburban,BRIHAN MUMBAI,MC,7,74,PRABHAG NO 74 ,,,NAIK KALPANA RAMCHANDRA,,,,,,,5792,Nationalist Congress Party,NCP,,167,6,,8,25031,0.667,,,25031,,,,
Maharashtra,2017,21-02-2017, ,0,Mumbai Suburban,BRIHAN MUMBAI,MC,7,74,PRABHAG NO 74 ,,,JAGDALE RATNAMALA RAMESH,,,,,,,10809,Independent,IND,,74,7,,8,25031,0.296,,,25031,,,,
Maharashtra,2017,21-02-2017, ,0,Mumbai Suburban,BRIHAN MUMBAI,MC,7,74,PRABHAG NO 74 ,,,bane swati suhas,,,,,,,10809,Independent,IND,,64,8,,8,25031,0.256,,,25031,,,,
Maharashtra,2017,21-02-2017, ,0,Mumbai Suburban,BRIHAN MUMBAI,MC,7,74,PRABHAG NO 74 ,,,NOTA,,,,,,,u10003,,,,404,9,,8,25031,1.614,,,25031,,,,
Maharashtra,2017,21-02-2017, ,0,Mumbai Suburban,BRIHAN MUMBAI,MC,7,75,PRABHAG NO 75 ,,,Sawant Priyanka Pramod,,,,,,,18691,Shivsena,SHS,,10801,1,,8,23147,46.663,,,23147,,,,
Maharashtra,2017,21-02-2017, ,0,Mumbai Suburban,BRIHAN MUMBAI,MC,7,75,PRABHAG NO 75 ,,,Mane Nirmala Dilip,,,,,,,1605,Bhartiya Janata Party,BJP,,4790,2,,8,23147,20.694,,,23147,,,,
Maharashtra,2017,21-02-2017, ,0,Mumbai Suburban,BRIHAN MUMBAI,MC,7,75,PRABHAG NO 75 ,,,Dudwadkar Anjana Bhaskar,,,,,,,1605,Indian National Congress,BJP,,3876,3,,8,23147,16.745,,,23147,,,,
Maharashtra,2017,21-02-2017, ,0,Mumbai Suburban,BRIHAN MUMBAI,MC,7,75,PRABHAG NO 75 ,,,KHAIRNAR NAINA SACHIN,,,,,,,5792,Nationalist Congress Party,NCP,,2347,4,,8,23147,10.14,,,23147,,,,
Maharashtra,2017,21-02-2017, ,0,Mumbai Suburban,BRIHAN MUMBAI,MC,7,75,PRABHAG NO 75 ,,,PATIL YASHASHRI PRAMOD,,,,,,,11633,Maharashtra Navnirman Sena,MNS,,616,5,,8,23147,2.661,,,23147,,,,
Maharashtra,2017,21-02-2017, ,0,Mumbai Suburban,BRIHAN MUMBAI,MC,7,75,PRABHAG NO 75 ,,,CHAVAN SUREKHA PANDURANG,,,,,,,10809,Independent,IND,,104,6,,8,23147,0.449,,,23147,,,,
Maharashtra,2017,21-02-2017, ,0,Mumbai Suburban,BRIHAN MUMBAI,MC,7,75,PRABHAG NO 75 ,,,KHANDAGALE SANTOSHI PRAKASH,,,,,,,12285,Republican Party of India (A),RPI(A),,95,7,,8,23147,0.41,,,23147,,,,
Maharashtra,2017,21-02-2017, ,0,Mumbai Suburban,BRIHAN MUMBAI,MC,7,75,PRABHAG NO 75 ,,,MHASKAR ANJALI ANKUSH,,,,,,,10809,Independent,IND,,82,8,,8,23147,0.354,,,23147,,,,
Maharashtra,2017,21-02-2017, ,0,Mumbai Suburban,BRIHAN MUMBAI,MC,7,75,PRABHAG NO 75 ,,,NOTA,,,,,,,u10003,,,,436,9,,8,23147,1.884,,,23147,,,,
Maharashtra,2017,21-02-2017, ,0,Mumbai Suburban,BRIHAN MUMBAI,MC,7,76,PRABHAG NO 76 ,,,PATEL KESHARBEN MURJI,,,,,,,1605,Bhartiya Janata Party,BJP,,12064,1,,5,20380,59.195,,,20380,,,,
Maharashtra,2017,21-02-2017, ,0,Mumbai Suburban,BRIHAN MUMBAI,MC,7,76,PRABHAG NO 76 ,,,Salagre Nitin Bandopant,,,,,,,1605,Indian National Congress,BJP,,3717,2,,5,20380,18.238,,,20380,,,,
Maharashtra,2017,21-02-2017, ,0,Mumbai Suburban,BRIHAN MUMBAI,MC,7,76,PRABHAG NO 76 ,,,MANCHEKAR SATYAWAN RAMCHANDRA,,,,,,,18691,Shivsena,SHS,,3286,3,,5,20380,16.124,,,20380,,,,
Maharashtra,2017,21-02-2017, ,0,Mumbai Suburban,BRIHAN MUMBAI,MC,7,76,PRABHAG NO 76 ,,,BANE DEVJI TUKARAM,,,,,,,11633,Maharashtra Navnirman Sena,MNS,,814,4,,5,20380,3.994,,,20380,,,,
Maharashtra,2017,21-02-2017, ,0,Mumbai Suburban,BRIHAN MUMBAI,MC,7,76,PRABHAG NO 76 ,,,CHALKE MINAKSHI VIJAY,,,,,,,5792,Nationalist Congress Party,NCP,,145,5,,5,20380,0.711,,,20380,,,,
Maharashtra,2017,21-02-2017, ,0,Mumbai Suburban,BRIHAN MUMBAI,MC,7,76,PRABHAG NO 76 ,,,NOTA,,,,,,,u10003,,,,354,6,,5,20380,1.737,,,20380,,,,
Maharashtra,2017,21-02-2017, ,0,Mumbai Suburban,BRIHAN MUMBAI,MC,7,77,PRABHAG NO 77 ,,,Nar Anant Bhiku,,,,,,,18691,Shivsena,SHS,,12854,1,,12,25813,49.797,,,25813,,,,
Maharashtra,2017,21-02-2017, ,0,Mumbai Suburban,BRIHAN MUMBAI,MC,7,77,PRABHAG NO 77 ,,,Kulkarni Prashant Ghanshyam,,,,,,,1605,Bhartiya Janata Party,BJP,,3353,2,,12,25813,12.99,,,25813,,,,
Maharashtra,2017,21-02-2017, ,0,Mumbai Suburban,BRIHAN MUMBAI,MC,7,77,PRABHAG NO 77 ,,,SAWANT DNYANESHWAR SAHADEV,,,,,,,10809,Independent,IND,,3102,3,,12,25813,12.017,,,25813,,,,
Maharashtra,2017,21-02-2017, ,0,Mumbai Suburban,BRIHAN MUMBAI,MC,7,77,PRABHAG NO 77 ,,,BANE SANJAY BHASKAR,,,,,,,11633,Maharashtra Navnirman Sena,MNS,,1663,4,,12,25813,6.442,,,25813,,,,
Maharashtra,2017,21-02-2017, ,0,Mumbai Suburban,BRIHAN MUMBAI,MC,7,77,PRABHAG NO 77 ,,,Lad Gajanan Balkrishna,,,,,,,1605,Indian National Congress,BJP,,1650,5,,12,25813,6.392,,,25813,,,,
Maharashtra,2017,21-02-2017, ,0,Mumbai Suburban,BRIHAN MUMBAI,MC,7,77,PRABHAG NO 77 ,,,Kubal Nitin Jairam,,,,,,,10809,Independent,IND,,708,6,,12,25813,2.743,,,25813,,,,
Maharashtra,2017,21-02-2017, ,0,Mumbai Suburban,BRIHAN MUMBAI,MC,7,77,PRABHAG NO 77 ,,,MORYE MAYUR MANOHAR,,,,,,,10809,Independent,IND,,697,7,,12,25813,2.7,,,25813,,,,
Maharashtra,2017,21-02-2017, ,0,Mumbai Suburban,BRIHAN MUMBAI,MC,7,77,PRABHAG NO 77 ,,,KHADYE SHRIDHAR YESHWANT,,,,,,,10809,Independent,IND,,505,8,,12,25813,1.956,,,25813,,,,
Maharashtra,2017,21-02-2017, ,0,Mumbai Suburban,BRIHAN MUMBAI,MC,7,77,PRABHAG NO 77 ,,,SHIRSAT DATTADAS SHANKAR,,,,,,,10809,Independent,IND,,393,9,,12,25813,1.522,,,25813,,,,
Maharashtra,2017,21-02-2017, ,0,Mumbai Suburban,BRIHAN MUMBAI,MC,7,77,PRABHAG NO 77 ,,,Dalvi Pramod Bapu,,,,,,,10809,Independent,IND,,217,10,,12,25813,0.841,,,25813,,,,
Maharashtra,2017,21-02-2017, ,0,Mumbai Suburban,BRIHAN MUMBAI,MC,7,77,PRABHAG NO 77 ,,,SAWANT NARAYAN GANPAT,,,,,,,10809,Independent,IND,,131,11,,12,25813,0.507,,,25813,,,,
Maharashtra,2017,21-02-2017, ,0,Mumbai Suburban,BRIHAN MUMBAI,MC,7,77,PRABHAG NO 77 ,,,KASARE MANGESH DAGADU,,,,,,,16651,Bahujan Samaj Party,BSP,,123,12,,12,25813,0.477,,,25813,,,,
Maharashtra,2017,21-02-2017, ,0,Mumbai Suburban,BRIHAN MUMBAI,MC,7,77,PRABHAG NO 77 ,,,NOTA,,,,,,,u10003,,,,417,13,,12,25813,1.615,,,25813,,,,
Maharashtra,2017,21-02-2017, ,0,Mumbai Suburban,BRIHAN MUMBAI,MC,7,78,PRABHAG NO 78 ,,,sophy najiya abdulzabbar,,सोफी नाजीया अब्दुलजब्बार,,,,,5792,Nationalist Congress Party,NCP,,4012,1,,8,19565,20.506,,,19565,,,,
Maharashtra,2017,21-02-2017, ,0,Mumbai Suburban,BRIHAN MUMBAI,MC,7,78,PRABHAG NO 78 ,,,SHAIKH NEHA KHURSHEEDALAM,,,,,,,18691,Shivsena,SHS,,2934,2,,8,19565,14.996,,,19565,,,,
Maharashtra,2017,21-02-2017, ,0,Mumbai Suburban,BRIHAN MUMBAI,MC,7,78,PRABHAG NO 78 ,,,Ansari Farida Farhan,,,,,,,7425,Samajwadi Party,SP,,2788,3,,8,19565,14.25,,,19565,,,,
Maharashtra,2017,21-02-2017, ,0,Mumbai Suburban,BRIHAN MUMBAI,MC,7,78,PRABHAG NO 78 ,,,Shah Jamila iqbal,,,,,,,1605,Indian National Congress,BJP,,2737,4,,8,19565,13.989,,,19565,,,,
Maharashtra,2017,21-02-2017, ,0,Mumbai Suburban,BRIHAN MUMBAI,MC,7,78,PRABHAG NO 78 ,,,MEER AFROZBEGUM AFZALALI,,,,,,,706,All India Majlis e Ittehadul Muslimeen,AIMIM,,2456,5,,8,19565,12.553,,,19565,,,,
Maharashtra,2017,21-02-2017, ,0,Mumbai Suburban,BRIHAN MUMBAI,MC,7,78,PRABHAG NO 78 ,,,SHAH FATIMA RAFIQAHMED,,,,,,,10809,Independent,IND,,1775,6,,8,19565,9.072,,,19565,,,,
Maharashtra,2017,21-02-2017, ,0,Mumbai Suburban,BRIHAN MUMBAI,MC,7,78,PRABHAG NO 78 ,,,MHATRE SAYALI SANJAY,,,,,,,10809,Independent,IND,,1704,7,,8,19565,8.709,,,19565,,,,
Maharashtra,2017,21-02-2017, ,0,Mumbai Suburban,BRIHAN MUMBAI,MC,7,78,PRABHAG NO 78 ,,,SHAH HEENA MEHBOOB,,,,,,,1605,Bhartiya Janata Party,BJP,,845,8,,8,19565,4.319,,,19565,,,,
Maharashtra,2017,21-02-2017, ,0,Mumbai Suburban,BRIHAN MUMBAI,MC,7,78,PRABHAG NO 78 ,,,NOTA,,,,,,,u10003,,,,314,9,,8,19565,1.605,,,19565,,,,
Maharashtra,2017,21-02-2017, ,0,Mumbai Suburban,BRIHAN MUMBAI,MC,7,79,PRABHAG NO 79 ,,,PARAB SADANAND WAMAN,,,,,,,18691,Shivsena,SHS,,9659,1,,7,23517,41.072,,,23517,,,,
Maharashtra,2017,21-02-2017, ,0,Mumbai Suburban,BRIHAN MUMBAI,MC,7,79,PRABHAG NO 79 ,,,Medhekar Santosh Gangaram,,,,,,,1605,Bhartiya Janata Party,BJP,,5002,2,,7,23517,21.27,,,23517,,,,
Maharashtra,2017,21-02-2017, ,0,Mumbai Suburban,BRIHAN MUMBAI,MC,7,79,PRABHAG NO 79 ,,,Tiwari Ajay Shivpujan,,,,,,,10809,Independent,IND,,4157,3,,7,23517,17.677,,,23517,,,,
Maharashtra,2017,21-02-2017, ,0,Mumbai Suburban,BRIHAN MUMBAI,MC,7,79,PRABHAG NO 79 ,,,jalgaonkar purushottam baburao,,,,,,,1605,Indian National Congress,BJP,,2046,4,,7,23517,8.7,,,23517,,,,
Maharashtra,2017,21-02-2017, ,0,Mumbai Suburban,BRIHAN MUMBAI,MC,7,79,PRABHAG NO 79 ,,,FERNANDES MONICA KAJMER,,,,,,,11633,Maharashtra Navnirman Sena,MNS,,1675,5,,7,23517,7.123,,,23517,,,,
Maharashtra,2017,21-02-2017, ,0,Mumbai Suburban,BRIHAN MUMBAI,MC,7,79,PRABHAG NO 79 ,,,YADAV RAJESH BUDDHU,,,,,,,7425,Samajwadi Party,SP,,493,6,,7,23517,2.096,,,23517,,,,
Maharashtra,2017,21-02-2017, ,0,Mumbai Suburban,BRIHAN MUMBAI,MC,7,79,PRABHAG NO 79 ,,,PAWAR SANDEEP DATTARAM,,,,,,,10809,Independent,IND,,162,7,,7,23517,0.689,,,23517,,,,
Maharashtra,2017,21-02-2017, ,0,Mumbai Suburban,BRIHAN MUMBAI,MC,7,79,PRABHAG NO 79 ,,,NOTA,,,,,,,u10003,,,,323,8,,7,23517,1.373,,,23517,,,,
Maharashtra,2017,21-02-2017, ,0,Mumbai Suburban,BRIHAN MUMBAI,MC,7,80,PRABHAG NO 80 ,,,Yadav Sunil Lalanprasad,,,,,,,1605,Bhartiya Janata Party,BJP,,12342,1,,11,27684,44.582,,,27684,,,,
Maharashtra,2017,21-02-2017, ,0,Mumbai Suburban,BRIHAN MUMBAI,MC,7,80,PRABHAG NO 80 ,,,PANCHAL MANOHAR GANGARAM,,,,,,,18691,Shivsena,SHS,,10335,2,,11,27684,37.332,,,27684,,,,
Maharashtra,2017,21-02-2017, ,0,Mumbai Suburban,BRIHAN MUMBAI,MC,7,80,PRABHAG NO 80 ,,,SHARMA MUKESH CHANDRANATH,,,,,,,1605,Indian National Congress,BJP,,1810,3,,11,27684,6.538,,,27684,,,,
Maharashtra,2017,21-02-2017, ,0,Mumbai Suburban,BRIHAN MUMBAI,MC,7,80,PRABHAG NO 80 ,,,HALDANKAR VISHAL VISHWANATH,,,,,,,11633,Maharashtra Navnirman Sena,MNS,,1201,4,,11,27684,4.338,,,27684,,,,
Maharashtra,2017,21-02-2017, ,0,Mumbai Suburban,BRIHAN MUMBAI,MC,7,80,PRABHAG NO 80 ,,,Patel Manish Dayabhai,,,,,,,16651,Bahujan Samaj Party,BSP,,723,5,,11,27684,2.612,,,27684,,,,
Maharashtra,2017,21-02-2017, ,0,Mumbai Suburban,BRIHAN MUMBAI,MC,7,80,PRABHAG NO 80 ,,,SOLANKI AJAY JAYANTILAL,,,,,,,10809,Independent,IND,,354,6,,11,27684,1.279,,,27684,,,,
Maharashtra,2017,21-02-2017, ,0,Mumbai Suburban,BRIHAN MUMBAI,MC,7,80,PRABHAG NO 80 ,,,madane baban ramchandra,,मदने बबन रामचंद्र,,,,,5792,Nationalist Congress Party,NCP,,163,7,,11,27684,0.589,,,27684,,,,
Maharashtra,2017,21-02-2017, ,0,Mumbai Suburban,BRIHAN MUMBAI,MC,7,80,PRABHAG NO 80 ,,,PARAB PANDURANG ABA,,,,,,,10979,Janata Dal Secular,JD(S),,88,8,,11,27684,0.318,,,27684,,,,
Maharashtra,2017,21-02-2017, ,0,Mumbai Suburban,BRIHAN MUMBAI,MC,7,80,PRABHAG NO 80 ,,,TAWDE RAJENDRA SHANTARAM,,,,,,,10809,Independent,IND,,66,9,,11,27684,0.238,,,27684,,,,
Maharashtra,2017,21-02-2017, ,0,Mumbai Suburban,BRIHAN MUMBAI,MC,7,80,PRABHAG NO 80 ,,,Singh Dinesh Ranapratap,,,,,,,10809,Independent,IND,,41,10,,11,27684,0.148,,,27684,,,,
Maharashtra,2017,21-02-2017, ,0,Mumbai Suburban,BRIHAN MUMBAI,MC,7,80,PRABHAG NO 80 ,,,Sadhu Prabhakar Tarapada,,,,,,,10809,Independent,IND,,28,11,,11,27684,0.101,,,27684,,,,
Maharashtra,2017,21-02-2017, ,0,Mumbai Suburban,BRIHAN MUMBAI,MC,7,80,PRABHAG NO 80 ,,,NOTA,,,,,,,u10003,,,,533,12,,11,27684,1.925,,,27684,,,,
Maharashtra,2017,21-02-2017, ,0,Mumbai Suburban,BRIHAN MUMBAI,MC,7,81,PRABHAG NO 81 ,,,PATEL MURJI KANJI,,,,,,,1605,Bhartiya Janata Party,BJP,,10867,1,,6,22355,48.611,,,22355,,,,
Maharashtra,2017,21-02-2017, ,0,Mumbai Suburban,BRIHAN MUMBAI,MC,7,81,PRABHAG NO 81 ,,,NAIK SANDEEP RAJU,,,,,,,18691,Shivsena,SHS,,7393,2,,6,22355,33.071,,,22355,,,,
Maharashtra,2017,21-02-2017, ,0,Mumbai Suburban,BRIHAN MUMBAI,MC,7,81,PRABHAG NO 81 ,,,Birje Jyoti Madhukar,,,,,,,1605,Indian National Congress,BJP,,2740,3,,6,22355,12.257,,,22355,,,,
Maharashtra,2017,21-02-2017, ,0,Mumbai Suburban,BRIHAN MUMBAI,MC,7,81,PRABHAG NO 81 ,,,GIRI SANTOSH PANDURANG,,,,,,,11633,Maharashtra Navnirman Sena,MNS,,728,4,,6,22355,3.257,,,22355,,,,
Maharashtra,2017,21-02-2017, ,0,Mumbai Suburban,BRIHAN MUMBAI,MC,7,81,PRABHAG NO 81 ,,,BANSOD SEEMA HEMANT,,,,,,,5792,Nationalist Congress Party,NCP,,206,5,,6,22355,0.921,,,22355,,,,
Maharashtra,2017,21-02-2017, ,0,Mumbai Suburban,BRIHAN MUMBAI,MC,7,81,PRABHAG NO 81 ,,,POTUL SAGAR RAMPRASAD,,,,,,,10809,Independent,IND,,59,6,,6,22355,0.264,,,22355,,,,
Maharashtra,2017,21-02-2017, ,0,Mumbai Suburban,BRIHAN MUMBAI,MC,7,81,PRABHAG NO 81 ,,,NOTA,,,,,,,u10003,,,,362,7,,6,22355,1.619,,,22355,,,,
Maharashtra,2017,21-02-2017, ,0,Mumbai Suburban,BRIHAN MUMBAI,MC,7,82,PRABHAG NO 82 ,,,Amin Jagdish Kutty,,,,,,,1605,Indian National Congress,BJP,,5663,1,,15,19317,29.316,,,19317,,,,
Maharashtra,2017,21-02-2017, ,0,Mumbai Suburban,BRIHAN MUMBAI,MC,7,82,PRABHAG NO 82 ,,,Kelkar Santosh Vasant,,,,,,,1605,Bhartiya Janata Party,BJP,,5615,2,,15,19317,29.068,,,19317,,,,
Maharashtra,2017,21-02-2017, ,0,Mumbai Suburban,BRIHAN MUMBAI,MC,7,82,PRABHAG NO 82 ,,,Sawant Subhash Kanta,,,,,,,18691,Shivsena,SHS,,3724,3,,15,19317,19.278,,,19317,,,,
Maharashtra,2017,21-02-2017, ,0,Mumbai Suburban,BRIHAN MUMBAI,MC,7,82,PRABHAG NO 82 ,,,SHUKLA RAJMANI GOMATIPRASAD,,,,,,,5792,Nationalist Congress Party,NCP,,1317,4,,15,19317,6.818,,,19317,,,,
Maharashtra,2017,21-02-2017, ,0,Mumbai Suburban,BRIHAN MUMBAI,MC,7,82,PRABHAG NO 82 ,,,Gamre Bhimrao Shivram,,,,,,,10809,Independent,IND,,1227,5,,15,19317,6.352,,,19317,,,,
Maharashtra,2017,21-02-2017, ,0,Mumbai Suburban,BRIHAN MUMBAI,MC,7,82,PRABHAG NO 82 ,,,BANWAIT HARBANSSINGH BALDEVSINGH,,,,,,,10809,Independent,IND,,373,6,,15,19317,1.931,,,19317,,,,
Maharashtra,2017,21-02-2017, ,0,Mumbai Suburban,BRIHAN MUMBAI,MC,7,82,PRABHAG NO 82 ,,,Dhaware Sanjay Vasant,,,,,,,11633,Maharashtra Navnirman Sena,MNS,,369,7,,15,19317,1.91,,,19317,,,,
Maharashtra,2017,21-02-2017, ,0,Mumbai Suburban,BRIHAN MUMBAI,MC,7,82,PRABHAG NO 82 ,,,Talukdar Rahulhamid Manjurali,,,,,,,14635,Communist Party Of India (Marxist),CPM,,185,8,,15,19317,0.958,,,19317,,,,
Maharashtra,2017,21-02-2017, ,0,Mumbai Suburban,BRIHAN MUMBAI,MC,7,82,PRABHAG NO 82 ,,,GUPTA RAMNIWAS SHYAMDAS,,,,,,,1074,Bahujan Mukti Party,BMUP,,179,9,,15,19317,0.927,,,19317,,,,
Maharashtra,2017,21-02-2017, ,0,Mumbai Suburban,BRIHAN MUMBAI,MC,7,82,PRABHAG NO 82 ,,,NADAR ARULRAJ MICHEAL,,,,,,,10809,Independent,IND,,138,10,,15,19317,0.714,,,19317,,,,
Maharashtra,2017,21-02-2017, ,0,Mumbai Suburban,BRIHAN MUMBAI,MC,7,82,PRABHAG NO 82 ,,,Saini Naresh Shankarlal,,,,,,,10809,Independent,IND,,137,11,,15,19317,0.709,,,19317,,,,
Maharashtra,2017,21-02-2017, ,0,Mumbai Suburban,BRIHAN MUMBAI,MC,7,82,PRABHAG NO 82 ,,,VISHWAKARMA OMPRAKASH RAMPRASAD,,,,,,,10809,Independent,IND,,60,12,,15,19317,0.311,,,19317,,,,
Maharashtra,2017,21-02-2017, ,0,Mumbai Suburban,BRIHAN MUMBAI,MC,7,82,PRABHAG NO 82 ,,,mishra anilkumar sureshnath,,,,,,,10809,Independent,IND,,58,13,,15,19317,0.3,,,19317,,,,
Maharashtra,2017,21-02-2017, ,0,Mumbai Suburban,BRIHAN MUMBAI,MC,7,82,PRABHAG NO 82 ,,,Gamare Prakash Yashwant,,,,,,,6067,Peoples Republican Party,PRBP,,52,14,,15,19317,0.269,,,19317,,,,
Maharashtra,2017,21-02-2017, ,0,Mumbai Suburban,BRIHAN MUMBAI,MC,7,82,PRABHAG NO 82 ,,,ARORA JAGDEEP SHRIRAM,,,,,,,10809,Independent,IND,,35,15,,15,19317,0.181,,,19317,,,,
Maharashtra,2017,21-02-2017, ,0,Mumbai Suburban,BRIHAN MUMBAI,MC,7,82,PRABHAG NO 82 ,,,NOTA,,,,,,,u10003,,,,185,16,,15,19317,0.958,,,19317,,,,
Maharashtra,2017,21-02-2017, ,0,Mumbai Suburban,BRIHAN MUMBAI,MC,7,83,PRABHAG NO 83 ,,,Dsouza Winnifred Baptist,,,,,,,1605,Indian National Congress,BJP,,7558,1,,10,22839,33.093,,,22839,,,,
Maharashtra,2017,21-02-2017, ,0,Mumbai Suburban,BRIHAN MUMBAI,MC,7,83,PRABHAG NO 83 ,,,SAWANT NIDHI NARESH,,,,,,,18691,Shivsena,SHS,,6953,2,,10,22839,30.444,,,22839,,,,
Maharashtra,2017,21-02-2017, ,0,Mumbai Suburban,BRIHAN MUMBAI,MC,7,83,PRABHAG NO 83 ,,,Mane Poornima Ramesh,,,,,,,1605,Bhartiya Janata Party,BJP,,5548,3,,10,22839,24.292,,,22839,,,,
Maharashtra,2017,21-02-2017, ,0,Mumbai Suburban,BRIHAN MUMBAI,MC,7,83,PRABHAG NO 83 ,,,SATPUTE SONALI SHASHIKANT,,,,,,,11633,Maharashtra Navnirman Sena,MNS,,1554,4,,10,22839,6.804,,,22839,,,,
Maharashtra,2017,21-02-2017, ,0,Mumbai Suburban,BRIHAN MUMBAI,MC,7,83,PRABHAG NO 83 ,,,ADHIKARI ASHWINI ARVIND,,,,,,,8690,Akhil Bharatiya Sena,ABHS,,246,5,,10,22839,1.077,,,22839,,,,
Maharashtra,2017,21-02-2017, ,0,Mumbai Suburban,BRIHAN MUMBAI,MC,7,83,PRABHAG NO 83 ,,,Athavale Sujata Dhananjay,,,,,,,5792,Nationalist Congress Party,NCP,,221,6,,10,22839,0.968,,,22839,,,,
Maharashtra,2017,21-02-2017, ,0,Mumbai Suburban,BRIHAN MUMBAI,MC,7,83,PRABHAG NO 83 ,,,REWALE SANJEEVANI ANKUSH,,,,,,,u10004,Aghadi/Front,,,122,7,,10,22839,0.534,,,22839,,,,
Maharashtra,2017,21-02-2017, ,0,Mumbai Suburban,BRIHAN MUMBAI,MC,7,83,PRABHAG NO 83 ,,,hate shivani sunil,,,,,,,10809,Independent,IND,,107,8,,10,22839,0.468,,,22839,,,,
Maharashtra,2017,21-02-2017, ,0,Mumbai Suburban,BRIHAN MUMBAI,MC,7,83,PRABHAG NO 83 ,,,SURVE VASANTI JAGANNATH,,,,,,,10809,Independent,IND,,85,9,,10,22839,0.372,,,22839,,,,
Maharashtra,2017,21-02-2017, ,0,Mumbai Suburban,BRIHAN MUMBAI,MC,7,83,PRABHAG NO 83 ,,,SAWANT SHEETAL MANGESH,,,,,,,10809,Independent,IND,,68,10,,10,22839,0.298,,,22839,,,,
Maharashtra,2017,21-02-2017, ,0,Mumbai Suburban,BRIHAN MUMBAI,MC,7,83,PRABHAG NO 83 ,,,NOTA,,,,,,,u10003,,,,377,11,,10,22839,1.651,,,22839,,,,
Maharashtra,2017,21-02-2017, ,0,Mumbai Suburban,BRIHAN MUMBAI,MC,7,84,PRABHAG NO 84 ,,,Samant Abhijit Ganpat,,,,,,,1605,Bhartiya Janata Party,BJP,,13501,1,,7,32691,41.299,,,32691,,,,
Maharashtra,2017,21-02-2017, ,0,Mumbai Suburban,BRIHAN MUMBAI,MC,7,84,PRABHAG NO 84 ,,,Bhagwat Veena Chaitanya,,,,,,,18691,Shivsena,SHS,,8871,2,,7,32691,27.136,,,32691,,,,
Maharashtra,2017,21-02-2017, ,0,Mumbai Suburban,BRIHAN MUMBAI,MC,7,84,PRABHAG NO 84 ,,,DALVI SANDEEP SITARAM,,,,,,,11633,Maharashtra Navnirman Sena,MNS,,7375,3,,7,32691,22.56,,,32691,,,,
Maharashtra,2017,21-02-2017, ,0,Mumbai Suburban,BRIHAN MUMBAI,MC,7,84,PRABHAG NO 84 ,,,Teli Pyarelal Govind,,,,,,,1605,Indian National Congress,BJP,,2031,4,,7,32691,6.213,,,32691,,,,
Maharashtra,2017,21-02-2017, ,0,Mumbai Suburban,BRIHAN MUMBAI,MC,7,84,PRABHAG NO 84 ,,,Choughule Raj Mahadev,,,,,,,10809,Independent,IND,,292,5,,7,32691,0.893,,,32691,,,,
Maharashtra,2017,21-02-2017, ,0,Mumbai Suburban,BRIHAN MUMBAI,MC,7,84,PRABHAG NO 84 ,,,Verma Arvind Ramfer,,,,,,,10809,Independent,IND,,102,6,,7,32691,0.312,,,32691,,,,
Maharashtra,2017,21-02-2017, ,0,Mumbai Suburban,BRIHAN MUMBAI,MC,7,84,PRABHAG NO 84 ,,,SHIDHORE RAGHUNATH VISHNU,,,,,,,10809,Independent,IND,,71,7,,7,32691,0.217,,,32691,,,,
Maharashtra,2017,21-02-2017, ,0,Mumbai Suburban,BRIHAN MUMBAI,MC,7,84,PRABHAG NO 84 ,,,NOTA,,,,,,,u10003,,,,448,8,,7,32691,1.37,,,32691,,,,
Maharashtra,2017,21-02-2017, ,0,Mumbai Suburban,BRIHAN MUMBAI,MC,7,85,PRABHAG NO 85 ,,,ALAVANI JYOTI PARAG,,,,,,,1605,Bhartiya Janata Party,BJP,,15629,1,,7,28830,54.211,,,28830,,,,
Maharashtra,2017,21-02-2017, ,0,Mumbai Suburban,BRIHAN MUMBAI,MC,7,85,PRABHAG NO 85 ,,,PAWAR CHANDRAKANT SITARAM,,,,,,,18691,Shivsena,SHS,,5786,2,,7,28830,20.069,,,28830,,,,
Maharashtra,2017,21-02-2017, ,0,Mumbai Suburban,BRIHAN MUMBAI,MC,7,85,PRABHAG NO 85 ,,,Hirani Narendra Chunnilal,,,,,,,1605,Indian National Congress,BJP,,5282,3,,7,28830,18.321,,,28830,,,,
Maharashtra,2017,21-02-2017, ,0,Mumbai Suburban,BRIHAN MUMBAI,MC,7,85,PRABHAG NO 85 ,,,Korgaonkar Milind Shantaram,,,,,,,11633,Maharashtra Navnirman Sena,MNS,,1412,4,,7,28830,4.898,,,28830,,,,
Maharashtra,2017,21-02-2017, ,0,Mumbai Suburban,BRIHAN MUMBAI,MC,7,85,PRABHAG NO 85 ,,,DADIYALA KUNALSINGH MAHENDRASINGH,,,,,,,10809,Independent,IND,,62,5,,7,28830,0.215,,,28830,,,,
Maharashtra,2017,21-02-2017, ,0,Mumbai Suburban,BRIHAN MUMBAI,MC,7,85,PRABHAG NO 85 ,,,arora rakesh vishwanth,,,,,,,10809,Independent,IND,,49,6,,7,28830,0.17,,,28830,,,,
Maharashtra,2017,21-02-2017, ,0,Mumbai Suburban,BRIHAN MUMBAI,MC,7,85,PRABHAG NO 85 ,,,Gathani Mukesh Amritlal,,,,,,,10809,Independent,IND,,36,7,,7,28830,0.125,,,28830,,,,
Maharashtra,2017,21-02-2017, ,0,Mumbai Suburban,BRIHAN MUMBAI,MC,7,85,PRABHAG NO 85 ,,,NOTA,,,,,,,u10003,,,,574,8,,7,28830,1.991,,,28830,,,,
Maharashtra,2017,21-02-2017, ,0,Mumbai Suburban,BRIHAN MUMBAI,MC,7,86,PRABHAG NO 86 ,,,RAI SUSHMA KAMLESH,,,,,,,1605,Indian National Congress,BJP,,6213,1,,11,22765,27.292,,,22765,,,,
Maharashtra,2017,21-02-2017, ,0,Mumbai Suburban,BRIHAN MUMBAI,MC,7,86,PRABHAG NO 86 ,,,SANDHU HARPREETKAUR SARABJEETSINGH,,,,,,,1605,Bhartiya Janata Party,BJP,,5228,2,,11,22765,22.965,,,22765,,,,
Maharashtra,2017,21-02-2017, ,0,Mumbai Suburban,BRIHAN MUMBAI,MC,7,86,PRABHAG NO 86 ,,,nikam parvati tukaram,,निकम पार्वती तुकाराम,,,,,18691,Shivsena,SHS,,4798,3,,11,22765,21.076,,,22765,,,,
Maharashtra,2017,21-02-2017, ,0,Mumbai Suburban,BRIHAN MUMBAI,MC,7,86,PRABHAG NO 86 ,,,ALMEIDA GLADYS NICHOLAS,,,,,,,10809,Independent,IND,,4070,4,,11,22765,17.878,,,22765,,,,
Maharashtra,2017,21-02-2017, ,0,Mumbai Suburban,BRIHAN MUMBAI,MC,7,86,PRABHAG NO 86 ,,,KHADPE SHRUTI RATNESH,,,,,,,11633,Maharashtra Navnirman Sena,MNS,,743,5,,11,22765,3.264,,,22765,,,,
Maharashtra,2017,21-02-2017, ,0,Mumbai Suburban,BRIHAN MUMBAI,MC,7,86,PRABHAG NO 86 ,,,Kadam Pragati Prakash,,,,,,,14635,Communist Party Of India (Marxist),CPM,,346,6,,11,22765,1.52,,,22765,,,,
Maharashtra,2017,21-02-2017, ,0,Mumbai Suburban,BRIHAN MUMBAI,MC,7,86,PRABHAG NO 86 ,,,Damrekar Maya Arvind,,,,,,,10809,Independent,IND,,346,7,,11,22765,1.52,,,22765,,,,
Maharashtra,2017,21-02-2017, ,0,Mumbai Suburban,BRIHAN MUMBAI,MC,7,86,PRABHAG NO 86 ,,,Menon Mini Sudhakar,,,,,,,10809,Independent,IND,,198,8,,11,22765,0.87,,,22765,,,,
Maharashtra,2017,21-02-2017, ,0,Mumbai Suburban,BRIHAN MUMBAI,MC,7,86,PRABHAG NO 86 ,,,Shinde Julie Kailash,,,,,,,10809,Independent,IND,,195,9,,11,22765,0.857,,,22765,,,,
Maharashtra,2017,21-02-2017, ,0,Mumbai Suburban,BRIHAN MUMBAI,MC,7,86,PRABHAG NO 86 ,,,BAIG MAJU MASTAN,,,,,,,5792,Nationalist Congress Party,NCP,,172,10,,11,22765,0.756,,,22765,,,,
Maharashtra,2017,21-02-2017, ,0,Mumbai Suburban,BRIHAN MUMBAI,MC,7,86,PRABHAG NO 86 ,,,PINTO LAVIA MABBLE,,,,,,,10809,Independent,IND,,104,11,,11,22765,0.457,,,22765,,,,
Maharashtra,2017,21-02-2017, ,0,Mumbai Suburban,BRIHAN MUMBAI,MC,7,86,PRABHAG NO 86 ,,,NOTA,,,,,,,u10003,,,,352,12,,11,22765,1.546,,,22765,,,,
Maharashtra,2017,21-02-2017, ,0,Mumbai Suburban,BRIHAN MUMBAI,MC,7,87,PRABHAG NO 87 ,,,MAHADESHWAR VISHWANATH PANDURANG,,,,,,,18691,Shivsena,SHS,,7250,1,,18,23819,30.438,,,23819,,,,
Maharashtra,2017,21-02-2017, ,0,Mumbai Suburban,BRIHAN MUMBAI,MC,7,87,PRABHAG NO 87 ,,,PARKAR KRISHNA DHONDU,,,,,,,1605,Bhartiya Janata Party,BJP,,7216,2,,18,23819,30.295,,,23819,,,,
Maharashtra,2017,21-02-2017, ,0,Mumbai Suburban,BRIHAN MUMBAI,MC,7,87,PRABHAG NO 87 ,,,VYAS DHARMESH KRISHNAKANT,,,,,,,1605,Indian National Congress,BJP,,4950,3,,18,23819,20.782,,,23819,,,,
Maharashtra,2017,21-02-2017, ,0,Mumbai Suburban,BRIHAN MUMBAI,MC,7,87,PRABHAG NO 87 ,,,Gaikwad Sandesh Vasant,,,,,,,11633,Maharashtra Navnirman Sena,MNS,,796,4,,18,23819,3.342,,,23819,,,,
Maharashtra,2017,21-02-2017, ,0,Mumbai Suburban,BRIHAN MUMBAI,MC,7,87,PRABHAG NO 87 ,,,SINGH PRADEEPKUMAR JOKHAN,,,,,,,7425,Samajwadi Party,SP,,672,5,,18,23819,2.821,,,23819,,,,
Maharashtra,2017,21-02-2017, ,0,Mumbai Suburban,BRIHAN MUMBAI,MC,7,87,PRABHAG NO 87 ,,,CHOUDHARY SHARAFATHUSSAIN HABIBULLAH,,,,,,,706,All India Majlis e Ittehadul Muslimeen,AIMIM,,623,6,,18,23819,2.616,,,23819,,,,
Maharashtra,2017,21-02-2017, ,0,Mumbai Suburban,BRIHAN MUMBAI,MC,7,87,PRABHAG NO 87 ,,,SHAIKH WASEEM ABDULHAKIM,,,,,,,10809,Independent,IND,,428,7,,18,23819,1.797,,,23819,,,,
Maharashtra,2017,21-02-2017, ,0,Mumbai Suburban,BRIHAN MUMBAI,MC,7,87,PRABHAG NO 87 ,,,PAWAR SUSHANT GUNARATNA,,,,,,,16651,Bahujan Samaj Party,BSP,,418,8,,18,23819,1.755,,,23819,,,,
Maharashtra,2017,21-02-2017, ,0,Mumbai Suburban,BRIHAN MUMBAI,MC,7,87,PRABHAG NO 87 ,,,Qureshi Anwar Bhura,,,,,,,5792,Nationalist Congress Party,NCP,,319,9,,18,23819,1.339,,,23819,,,,
Maharashtra,2017,21-02-2017, ,0,Mumbai Suburban,BRIHAN MUMBAI,MC,7,87,PRABHAG NO 87 ,,,AKEVAR VIRENDRA PANDURANG,,,,,,,10809,Independent,IND,,165,10,,18,23819,0.693,,,23819,,,,
Maharashtra,2017,21-02-2017, ,0,Mumbai Suburban,BRIHAN MUMBAI,MC,7,87,PRABHAG NO 87 ,,,CHOUDHARY SUDHIR RAVIRAI,,,,,,,1605,Indian National Congress,BJP,,109,11,,18,23819,0.458,,,23819,,,,
Maharashtra,2017,21-02-2017, ,0,Mumbai Suburban,BRIHAN MUMBAI,MC,7,87,PRABHAG NO 87 ,,,Gamare Harishchandra Gopal,,,,,,,10809,Independent,IND,,105,12,,18,23819,0.441,,,23819,,,,
Maharashtra,2017,21-02-2017, ,0,Mumbai Suburban,BRIHAN MUMBAI,MC,7,87,PRABHAG NO 87 ,,,VAZ JOHN FRANCIS,,,,,,,10809,Independent,IND,,100,13,,18,23819,0.42,,,23819,,,,
Maharashtra,2017,21-02-2017, ,0,Mumbai Suburban,BRIHAN MUMBAI,MC,7,87,PRABHAG NO 87 ,,,UDHARKAR SANDEEP CHANDRAKANT,,,,,,,u10004,Aghadi/Front,,,94,14,,18,23819,0.395,,,23819,,,,
Maharashtra,2017,21-02-2017, ,0,Mumbai Suburban,BRIHAN MUMBAI,MC,7,87,PRABHAG NO 87 ,,,Mishra Subhash Sabhapati,,,,,,,10809,Independent,IND,,92,15,,18,23819,0.386,,,23819,,,,
Maharashtra,2017,21-02-2017, ,0,Mumbai Suburban,BRIHAN MUMBAI,MC,7,87,PRABHAG NO 87 ,,,PATKAR VILAS KRISHNA,,,,,,,10809,Independent,IND,,46,16,,18,23819,0.193,,,23819,,,,
Maharashtra,2017,21-02-2017, ,0,Mumbai Suburban,BRIHAN MUMBAI,MC,7,87,PRABHAG NO 87 ,,,MOHITE SANDESH SAYAJI,,,,,,,880,Ambedkarite Party Of India,APoI,,46,17,,18,23819,0.193,,,23819,,,,
Maharashtra,2017,21-02-2017, ,0,Mumbai Suburban,BRIHAN MUMBAI,MC,7,87,PRABHAG NO 87 ,,,PAWAR MAHENDRA KRISHNARAO,,,,,,,10809,Independent,IND,,17,18,,18,23819,0.071,,,23819,,,,
Maharashtra,2017,21-02-2017, ,0,Mumbai Suburban,BRIHAN MUMBAI,MC,7,87,PRABHAG NO 87 ,,,NOTA,,,,,,,u10003,,,,373,19,,18,23819,1.566,,,23819,,,,
Maharashtra,2017,21-02-2017, ,0,Mumbai Suburban,BRIHAN MUMBAI,MC,7,88,PRABHAG NO 88 ,,,PARAB SADANAND GAJANAN,,,,,,,18691,Shivsena,SHS,,8424,1,,12,21990,38.308,,,21990,,,,
Maharashtra,2017,21-02-2017, ,0,Mumbai Suburban,BRIHAN MUMBAI,MC,7,88,PRABHAG NO 88 ,,,SAMANT PRASAD RAMCHANDRA,,,,,,,1605,Bhartiya Janata Party,BJP,,5534,2,,12,21990,25.166,,,21990,,,,
Maharashtra,2017,21-02-2017, ,0,Mumbai Suburban,BRIHAN MUMBAI,MC,7,88,PRABHAG NO 88 ,,,SHINDE SUHAS NARAYAN,,,,,,,11633,Maharashtra Navnirman Sena,MNS,,3750,3,,12,21990,17.053,,,21990,,,,
Maharashtra,2017,21-02-2017, ,0,Mumbai Suburban,BRIHAN MUMBAI,MC,7,88,PRABHAG NO 88 ,,,Rajbhar Lalmani Sinnu,,,,,,,1605,Indian National Congress,BJP,,2012,4,,12,21990,9.15,,,21990,,,,
Maharashtra,2017,21-02-2017, ,0,Mumbai Suburban,BRIHAN MUMBAI,MC,7,88,PRABHAG NO 88 ,,,SAWANT SUBHASH MAHADEO,,,,,,,10809,Independent,IND,,556,5,,12,21990,2.528,,,21990,,,,
Maharashtra,2017,21-02-2017, ,0,Mumbai Suburban,BRIHAN MUMBAI,MC,7,88,PRABHAG NO 88 ,,,Mrinal Nilotpal Anjani,,,,,,,10809,Independent,IND,,434,6,,12,21990,1.974,,,21990,,,,
Maharashtra,2017,21-02-2017, ,0,Mumbai Suburban,BRIHAN MUMBAI,MC,7,88,PRABHAG NO 88 ,,,GUDHKA HARAKHCHAND LILADHAR,,,,,,,5792,Nationalist Congress Party,NCP,,326,7,,12,21990,1.482,,,21990,,,,
Maharashtra,2017,21-02-2017, ,0,Mumbai Suburban,BRIHAN MUMBAI,MC,7,88,PRABHAG NO 88 ,,,PADWAL BALAJI ANKUSH,,,,,,,10809,Independent,IND,,315,8,,12,21990,1.432,,,21990,,,,
Maharashtra,2017,21-02-2017, ,0,Mumbai Suburban,BRIHAN MUMBAI,MC,7,88,PRABHAG NO 88 ,,,PANDIRKAR VIJAY SHIVRAM,,,,,,,10809,Independent,IND,,113,9,,12,21990,0.514,,,21990,,,,
Maharashtra,2017,21-02-2017, ,0,Mumbai Suburban,BRIHAN MUMBAI,MC,7,88,PRABHAG NO 88 ,,,GURAV TANAJI SAMBHAJI,,,,,,,10809,Independent,IND,,78,10,,12,21990,0.355,,,21990,,,,
Maharashtra,2017,21-02-2017, ,0,Mumbai Suburban,BRIHAN MUMBAI,MC,7,88,PRABHAG NO 88 ,,,PANDEY ADITYA DHARMENDRA,,,,,,,10809,Independent,IND,,70,11,,12,21990,0.318,,,21990,,,,
Maharashtra,2017,21-02-2017, ,0,Mumbai Suburban,BRIHAN MUMBAI,MC,7,88,PRABHAG NO 88 ,,,TIWARI ANJANI SUBHASH,,,,,,,10809,Independent,IND,,63,12,,12,21990,0.286,,,21990,,,,
Maharashtra,2017,21-02-2017, ,0,Mumbai Suburban,BRIHAN MUMBAI,MC,7,88,PRABHAG NO 88 ,,,NOTA,,,,,,,u10003,,,,315,13,,12,21990,1.432,,,21990,,,,
Maharashtra,2017,21-02-2017, ,0,Mumbai Suburban,BRIHAN MUMBAI,MC,7,89,PRABHAG NO 89 ,,,KUBAL DINESH KASHIRAM,,,,,,,18691,Shivsena,SHS,,8682,1,,5,27853,31.171,,,27853,,,,
Maharashtra,2017,21-02-2017, ,0,Mumbai Suburban,BRIHAN MUMBAI,MC,7,89,PRABHAG NO 89 ,,,POOJARI LAXMAN CHIKKAYYA,,,,,,,10809,Independent,IND,,8031,2,,5,27853,28.834,,,27853,,,,
Maharashtra,2017,21-02-2017, ,0,Mumbai Suburban,BRIHAN MUMBAI,MC,7,89,PRABHAG NO 89 ,,,upralkar santosh mohan,,,,,,,11633,Maharashtra Navnirman Sena,MNS,,3654,3,,5,27853,13.119,,,27853,,,,
Maharashtra,2017,21-02-2017, ,0,Mumbai Suburban,BRIHAN MUMBAI,MC,7,89,PRABHAG NO 89 ,,,Thakur Suryavansh Balrup,,,,,,,1605,Indian National Congress,BJP,,3645,4,,5,27853,13.087,,,27853,,,,
Maharashtra,2017,21-02-2017, ,0,Mumbai Suburban,BRIHAN MUMBAI,MC,7,89,PRABHAG NO 89 ,,,PATIL DILIP SAKHARAM,,,,,,,1605,Bhartiya Janata Party,BJP,,3473,5,,5,27853,12.469,,,27853,,,,
Maharashtra,2017,21-02-2017, ,0,Mumbai Suburban,BRIHAN MUMBAI,MC,7,89,PRABHAG NO 89 ,,,NOTA,,,,,,,u10003,,,,368,6,,5,27853,1.321,,,27853,,,,
Maharashtra,2017,21-02-2017, ,0,Mumbai Suburban,BRIHAN MUMBAI,MC,7,90,PRABHAG NO 90 ,,,MIRANDA TULIP BRIAN,,,,,,,1605,Indian National Congress,BJP,,5952,1,,7,20036,29.707,,,20036,,,,
Maharashtra,2017,21-02-2017, ,0,Mumbai Suburban,BRIHAN MUMBAI,MC,7,90,PRABHAG NO 90 ,,,KINNY BENEDICT DENIS,,,,,,,7425,Samajwadi Party,SP,,4373,2,,7,20036,21.826,,,20036,,,,
Maharashtra,2017,21-02-2017, ,0,Mumbai Suburban,BRIHAN MUMBAI,MC,7,90,PRABHAG NO 90 ,,,THORAT SHAILA KRISHNA,,,,,,,1605,Bhartiya Janata Party,BJP,,3818,3,,7,20036,19.056,,,20036,,,,
Maharashtra,2017,21-02-2017, ,0,Mumbai Suburban,BRIHAN MUMBAI,MC,7,90,PRABHAG NO 90 ,,,Ajarekar Pratima Kalpesh,,,,,,,18691,Shivsena,SHS,,2784,4,,7,20036,13.895,,,20036,,,,
Maharashtra,2017,21-02-2017, ,0,Mumbai Suburban,BRIHAN MUMBAI,MC,7,90,PRABHAG NO 90 ,,,kunchikorve maya jannappa,,,,,,,11633,Maharashtra Navnirman Sena,MNS,,2496,5,,7,20036,12.458,,,20036,,,,
Maharashtra,2017,21-02-2017, ,0,Mumbai Suburban,BRIHAN MUMBAI,MC,7,90,PRABHAG NO 90 ,,,mali sujata gopal,,,,,,,10809,Independent,IND,,140,6,,7,20036,0.699,,,20036,,,,
Maharashtra,2017,21-02-2017, ,0,Mumbai Suburban,BRIHAN MUMBAI,MC,7,90,PRABHAG NO 90 ,,,GAWANDE SEJAL RUSHIKESH,,,,,,,10809,Independent,IND,,43,7,,7,20036,0.215,,,20036,,,,
Maharashtra,2017,21-02-2017, ,0,Mumbai Suburban,BRIHAN MUMBAI,MC,7,90,PRABHAG NO 90 ,,,NOTA,,,,,,,u10003,,,,430,8,,7,20036,2.146,,,20036,,,,
Maharashtra,2017,21-02-2017, ,0,Mumbai Suburban,BRIHAN MUMBAI,MC,7,91,PRABHAG NO 91 ,,,NAIK SAGUN VASANT,,,,,,,18691,Shivsena,SHS,,7634,1,,7,22184,34.412,,,22184,,,,
Maharashtra,2017,21-02-2017, ,0,Mumbai Suburban,BRIHAN MUMBAI,MC,7,91,PRABHAG NO 91 ,,,SHAIKH MOHAMMEDRAFIQUE MUSTAFAHUSAIN,,,,,,,1605,Indian National Congress,BJP,,5000,2,,7,22184,22.539,,,22184,,,,
Maharashtra,2017,21-02-2017, ,0,Mumbai Suburban,BRIHAN MUMBAI,MC,7,91,PRABHAG NO 91 ,,,morajkar yadunath damodar,,,,,,,11633,Maharashtra Navnirman Sena,MNS,,4770,3,,7,22184,21.502,,,22184,,,,
Maharashtra,2017,21-02-2017, ,0,Mumbai Suburban,BRIHAN MUMBAI,MC,7,91,PRABHAG NO 91 ,,,AMIN DINESH BOMMAYYA,,,,,,,5792,Nationalist Congress Party,NCP,,2953,4,,7,22184,13.311,,,22184,,,,
Maharashtra,2017,21-02-2017, ,0,Mumbai Suburban,BRIHAN MUMBAI,MC,7,91,PRABHAG NO 91 ,,,HALDANKAR DINESH JAIRAM,,,,,,,2444,Communist Party Of India,CPI,,410,5,,7,22184,1.848,,,22184,,,,
Maharashtra,2017,21-02-2017, ,0,Mumbai Suburban,BRIHAN MUMBAI,MC,7,91,PRABHAG NO 91 ,,,CHIPKAR SAGAR RAJENDRA,,,,,,,10809,Independent,IND,,148,6,,7,22184,0.667,,,22184,,,,
Maharashtra,2017,21-02-2017, ,0,Mumbai Suburban,BRIHAN MUMBAI,MC,7,91,PRABHAG NO 91 ,,,sagvekar sudhir gangaram,,,,,,,10809,Independent,IND,,134,7,,7,22184,0.604,,,22184,,,,
Maharashtra,2017,21-02-2017, ,0,Mumbai Suburban,BRIHAN MUMBAI,MC,7,91,PRABHAG NO 91 ,,,NOTA,,,,,,,u10003,,,,1135,8,,7,22184,5.116,,,22184,,,,
Maharashtra,2017,21-02-2017, ,0,Mumbai Suburban,BRIHAN MUMBAI,MC,7,92,PRABHAG NO 92 ,,,QURESHI GULNAZ MDSALIM,,,,,,,706,All India Majlis e Ittehadul Muslimeen,AIMIM,,4882,1,,16,18130,26.928,,,18130,,,,
Maharashtra,2017,21-02-2017, ,0,Mumbai Suburban,BRIHAN MUMBAI,MC,7,92,PRABHAG NO 92 ,,,Memon Tasleem Yusuf,,,,,,,1605,Indian National Congress,BJP,,3538,2,,16,18130,19.515,,,18130,,,,
Maharashtra,2017,21-02-2017, ,0,Mumbai Suburban,BRIHAN MUMBAI,MC,7,92,PRABHAG NO 92 ,,,MANGWANA SHEETAL ANIL,,,,,,,1605,Bhartiya Janata Party,BJP,,2532,3,,16,18130,13.966,,,18130,,,,
Maharashtra,2017,21-02-2017, ,0,Mumbai Suburban,BRIHAN MUMBAI,MC,7,92,PRABHAG NO 92 ,,,Khan Majidunnisa Jagir,,,,,,,11633,Maharashtra Navnirman Sena,MNS,,2236,4,,16,18130,12.333,,,18130,,,,
Maharashtra,2017,21-02-2017, ,0,Mumbai Suburban,BRIHAN MUMBAI,MC,7,92,PRABHAG NO 92 ,,,SHINDE RUPALI RAMESH,,,,,,,18691,Shivsena,SHS,,1455,5,,16,18130,8.025,,,18130,,,,
Maharashtra,2017,21-02-2017, ,0,Mumbai Suburban,BRIHAN MUMBAI,MC,7,92,PRABHAG NO 92 ,,,SHAIKH NIGAR ARIF,,,,,,,10809,Independent,IND,,1221,6,,16,18130,6.735,,,18130,,,,
Maharashtra,2017,21-02-2017, ,0,Mumbai Suburban,BRIHAN MUMBAI,MC,7,92,PRABHAG NO 92 ,,,Patil Neha Suhas,,,,,,,5792,Nationalist Congress Party,NCP,,978,7,,16,18130,5.394,,,18130,,,,
Maharashtra,2017,21-02-2017, ,0,Mumbai Suburban,BRIHAN MUMBAI,MC,7,92,PRABHAG NO 92 ,,,GAIKAWAD KIRTI DHARMA,,,,,,,16651,Bahujan Samaj Party,BSP,,430,8,,16,18130,2.372,,,18130,,,,
Maharashtra,2017,21-02-2017, ,0,Mumbai Suburban,BRIHAN MUMBAI,MC,7,92,PRABHAG NO 92 ,,,khan shabina arshad,,,,,,,7425,Samajwadi Party,SP,,146,9,,16,18130,0.805,,,18130,,,,
Maharashtra,2017,21-02-2017, ,0,Mumbai Suburban,BRIHAN MUMBAI,MC,7,92,PRABHAG NO 92 ,,,BASTIWALA TAHIRA KHANMOHAMMED,,,,,,,10809,Independent,IND,,143,10,,16,18130,0.789,,,18130,,,,
Maharashtra,2017,21-02-2017, ,0,Mumbai Suburban,BRIHAN MUMBAI,MC,7,92,PRABHAG NO 92 ,,,BIDLAN MUNNI RAMSINH,,,,,,,10809,Independent,IND,,138,11,,16,18130,0.761,,,18130,,,,
Maharashtra,2017,21-02-2017, ,0,Mumbai Suburban,BRIHAN MUMBAI,MC,7,92,PRABHAG NO 92 ,,,SHAIKH AMEENA ABDULSAEED,,,,,,,12019,Peasants & Workers Party of India,PWP,,112,12,,16,18130,0.618,,,18130,,,,
Maharashtra,2017,21-02-2017, ,0,Mumbai Suburban,BRIHAN MUMBAI,MC,7,92,PRABHAG NO 92 ,,,SHAIKH MEHRUNNISA MOHAMMEDHANIF,,,,,,,9677,Bahujan Vikas Aghadi,BVA,,76,13,,16,18130,0.419,,,18130,,,,
Maharashtra,2017,21-02-2017, ,0,Mumbai Suburban,BRIHAN MUMBAI,MC,7,92,PRABHAG NO 92 ,,,SHAIKH SAIRABANU IRFAN,,,,,,,10809,Independent,IND,,54,14,,16,18130,0.298,,,18130,,,,
Maharashtra,2017,21-02-2017, ,0,Mumbai Suburban,BRIHAN MUMBAI,MC,7,92,PRABHAG NO 92 ,,,shaikh hasina lalmohammed,,,,,,,10809,Independent,IND,,47,15,,16,18130,0.259,,,18130,,,,
Maharashtra,2017,21-02-2017, ,0,Mumbai Suburban,BRIHAN MUMBAI,MC,7,92,PRABHAG NO 92 ,,,SHAIKH RAJIYABEE MEHBOOB,,,,,,,u10014,OBC NT Party of India,,,23,16,,16,18130,0.127,,,18130,,,,
Maharashtra,2017,21-02-2017, ,0,Mumbai Suburban,BRIHAN MUMBAI,MC,7,92,PRABHAG NO 92 ,,,NOTA,,,,,,,u10003,,,,119,17,,16,18130,0.656,,,18130,,,,
Maharashtra,2017,21-02-2017, ,0,Mumbai Suburban,BRIHAN MUMBAI,MC,7,93,PRABHAG NO 93 ,,,KAMBLE ROHINI YOGESH,,,,,,,18691,Shivsena,SHS,,9986,1,,8,21147,47.222,,,21147,,,,
Maharashtra,2017,21-02-2017, ,0,Mumbai Suburban,BRIHAN MUMBAI,MC,7,93,PRABHAG NO 93 ,,,DRSAWANT PRIYATAMA SHARADKUMAR,,,,,,,1605,Indian National Congress,BJP,,2748,2,,8,21147,12.995,,,21147,,,,
Maharashtra,2017,21-02-2017, ,0,Mumbai Suburban,BRIHAN MUMBAI,MC,7,93,PRABHAG NO 93 ,,,Wajale Rani Sumit,,,,,,,12285,Republican Party of India (A),RPI(A),,2748,3,,8,21147,12.995,,,21147,,,,
Maharashtra,2017,21-02-2017, ,0,Mumbai Suburban,BRIHAN MUMBAI,MC,7,93,PRABHAG NO 93 ,,,aykar nanda sandesh,,,,,,,11633,Maharashtra Navnirman Sena,MNS,,2022,4,,8,21147,9.562,,,21147,,,,
Maharashtra,2017,21-02-2017, ,0,Mumbai Suburban,BRIHAN MUMBAI,MC,7,93,PRABHAG NO 93 ,,,JADHAV KAMINI DINKAR,,,,,,,5792,Nationalist Congress Party,NCP,,1810,5,,8,21147,8.559,,,21147,,,,
Maharashtra,2017,21-02-2017, ,0,Mumbai Suburban,BRIHAN MUMBAI,MC,7,93,PRABHAG NO 93 ,,,BANSODE PRADNYA SHAILESH,,,,,,,16651,Bahujan Samaj Party,BSP,,577,6,,8,21147,2.729,,,21147,,,,
Maharashtra,2017,21-02-2017, ,0,Mumbai Suburban,BRIHAN MUMBAI,MC,7,93,PRABHAG NO 93 ,,,khandagale anita vidhewan,,,,,,,10809,Independent,IND,,342,7,,8,21147,1.617,,,21147,,,,
Maharashtra,2017,21-02-2017, ,0,Mumbai Suburban,BRIHAN MUMBAI,MC,7,93,PRABHAG NO 93 ,,,MESHRAM KIRTI SHESHRAO,,,,,,,10809,Independent,IND,,66,8,,8,21147,0.312,,,21147,,,,
Maharashtra,2017,21-02-2017, ,0,Mumbai Suburban,BRIHAN MUMBAI,MC,7,93,PRABHAG NO 93 ,,,NOTA,,,,,,,u10003,,,,848,9,,8,21147,4.01,,,21147,,,,
Maharashtra,2017,21-02-2017, ,0,Mumbai Suburban,BRIHAN MUMBAI,MC,7,94,PRABHAG NO 94 ,,,BHUTKAR PRADNYA DEEPAK,,,,,,,18691,Shivsena,SHS,,8617,1,,8,27851,30.94,,,27851,,,,
Maharashtra,2017,21-02-2017, ,0,Mumbai Suburban,BRIHAN MUMBAI,MC,7,94,PRABHAG NO 94 ,,,MALUSARE RASHMI RUPESH,,,,,,,11633,Maharashtra Navnirman Sena,MNS,,6942,2,,8,27851,24.925,,,27851,,,,
Maharashtra,2017,21-02-2017, ,0,Mumbai Suburban,BRIHAN MUMBAI,MC,7,94,PRABHAG NO 94 ,,,JAJU SNEHAL VIVEKANAND,,,,,,,1605,Indian National Congress,BJP,,5535,3,,8,27851,19.874,,,27851,,,,
Maharashtra,2017,21-02-2017, ,0,Mumbai Suburban,BRIHAN MUMBAI,MC,7,94,PRABHAG NO 94 ,,,TAYSHETE SONALI SUNIL,,,,,,,1605,Bhartiya Janata Party,BJP,,5269,4,,8,27851,18.919,,,27851,,,,
Maharashtra,2017,21-02-2017, ,0,Mumbai Suburban,BRIHAN MUMBAI,MC,7,94,PRABHAG NO 94 ,,,Panjoo Mehjabeen Sayeeda,,,,,,,5792,Nationalist Congress Party,NCP,,573,5,,8,27851,2.057,,,27851,,,,
Maharashtra,2017,21-02-2017, ,0,Mumbai Suburban,BRIHAN MUMBAI,MC,7,94,PRABHAG NO 94 ,,,PAWAR SONAL SUDHAKAR,,,,,,,880,Ambedkarite Party Of India,APoI,,225,6,,8,27851,0.808,,,27851,,,,
Maharashtra,2017,21-02-2017, ,0,Mumbai Suburban,BRIHAN MUMBAI,MC,7,94,PRABHAG NO 94 ,,,SHAIKH AYESHA RIYAZ,,,,,,,7425,Samajwadi Party,SP,,161,7,,8,27851,0.578,,,27851,,,,
Maharashtra,2017,21-02-2017, ,0,Mumbai Suburban,BRIHAN MUMBAI,MC,7,94,PRABHAG NO 94 ,,,Girkar Manisha Shantaram,,,,,,,2444,Communist Party Of India,CPI,,147,8,,8,27851,0.528,,,27851,,,,
Maharashtra,2017,21-02-2017, ,0,Mumbai Suburban,BRIHAN MUMBAI,MC,7,94,PRABHAG NO 94 ,,,NOTA,,,,,,,u10003,,,,382,9,,8,27851,1.372,,,27851,,,,
Maharashtra,2017,21-02-2017, ,0,Mumbai Suburban,BRIHAN MUMBAI,MC,7,95,PRABHAG NO 95 ,,,WAINGANKAR CHANDRASHEKHAR VASUDEO,,,,,,,18691,Shivsena,SHS,,6426,1,,11,19798,32.458,,,19798,,,,
Maharashtra,2017,21-02-2017, ,0,Mumbai Suburban,BRIHAN MUMBAI,MC,7,95,PRABHAG NO 95 ,,,ADIWAREKAR SUHAS RAJARAM,,,,,,,1605,Bhartiya Janata Party,BJP,,5529,2,,11,19798,27.927,,,19798,,,,
Maharashtra,2017,21-02-2017, ,0,Mumbai Suburban,BRIHAN MUMBAI,MC,7,95,PRABHAG NO 95 ,,,NALAWDE PRAVEN aNANT,,,,,,,1605,Indian National Congress,BJP,,3973,3,,11,19798,20.068,,,19798,,,,
Maharashtra,2017,21-02-2017, ,0,Mumbai Suburban,BRIHAN MUMBAI,MC,7,95,PRABHAG NO 95 ,,,BADSIWAL BHUPENDRA TARACHAND,,,,,,,10809,Independent,IND,,1210,4,,11,19798,6.112,,,19798,,,,
Maharashtra,2017,21-02-2017, ,0,Mumbai Suburban,BRIHAN MUMBAI,MC,7,95,PRABHAG NO 95 ,,,TARI SUMANT VISHNU,,,,,,,11633,Maharashtra Navnirman Sena,MNS,,849,5,,11,19798,4.288,,,19798,,,,
Maharashtra,2017,21-02-2017, ,0,Mumbai Suburban,BRIHAN MUMBAI,MC,7,95,PRABHAG NO 95 ,,,DAMANIA KIRAN FAKIRBHAI,,,,,,,10809,Independent,IND,,594,6,,11,19798,3,,,19798,,,,
Maharashtra,2017,21-02-2017, ,0,Mumbai Suburban,BRIHAN MUMBAI,MC,7,95,PRABHAG NO 95 ,,,GAIKWAD PRAMOD RAMCHANDRA,,,,,,,5792,Nationalist Congress Party,NCP,,413,7,,11,19798,2.086,,,19798,,,,
Maharashtra,2017,21-02-2017, ,0,Mumbai Suburban,BRIHAN MUMBAI,MC,7,95,PRABHAG NO 95 ,,,SALVI SUMIT ULHAS,,,,,,,16651,Bahujan Samaj Party,BSP,,241,8,,11,19798,1.217,,,19798,,,,
Maharashtra,2017,21-02-2017, ,0,Mumbai Suburban,BRIHAN MUMBAI,MC,7,95,PRABHAG NO 95 ,,,SAWANT JITENDRA DASHARATH,,,,,,,10809,Independent,IND,,84,9,,11,19798,0.424,,,19798,,,,
Maharashtra,2017,21-02-2017, ,0,Mumbai Suburban,BRIHAN MUMBAI,MC,7,95,PRABHAG NO 95 ,,,sayyed kajamohiddin abuthahir,,,,,,,10809,Independent,IND,,76,10,,11,19798,0.384,,,19798,,,,
Maharashtra,2017,21-02-2017, ,0,Mumbai Suburban,BRIHAN MUMBAI,MC,7,95,PRABHAG NO 95 ,,,BANSODE KAMAL RAM,,,,,,,10809,Independent,IND,,38,11,,11,19798,0.192,,,19798,,,,
Maharashtra,2017,21-02-2017, ,0,Mumbai Suburban,BRIHAN MUMBAI,MC,7,95,PRABHAG NO 95 ,,,NOTA,,,,,,,u10003,,,,365,12,,11,19798,1.844,,,19798,,,,
Maharashtra,2017,21-02-2017, ,0,Mumbai Suburban,BRIHAN MUMBAI,MC,7,96,PRABHAG NO 96 ,,,KHAN MOHAMMEDHALIM MOHAMMEDSHAMIM,,,,,,,18691,Shivsena,SHS,,4052,1,,14,19135,21.176,,,19135,,,,
Maharashtra,2017,21-02-2017, ,0,Mumbai Suburban,BRIHAN MUMBAI,MC,7,96,PRABHAG NO 96 ,,,Qadri MohdShareef HayatUmar,,,,,,,1605,Indian National Congress,BJP,,3681,2,,14,19135,19.237,,,19135,,,,
Maharashtra,2017,21-02-2017, ,0,Mumbai Suburban,BRIHAN MUMBAI,MC,7,96,PRABHAG NO 96 ,,,SHAIKH SHAHIDHUSSAIN WAHIDHUSSAIN,,,,,,,706,All India Majlis e Ittehadul Muslimeen,AIMIM,,3248,3,,14,19135,16.974,,,19135,,,,
Maharashtra,2017,21-02-2017, ,0,Mumbai Suburban,BRIHAN MUMBAI,MC,7,96,PRABHAG NO 96 ,,,shaikh mohussain arehman,,,,,,,10809,Independent,IND,,2821,4,,14,19135,14.743,,,19135,,,,
Maharashtra,2017,21-02-2017, ,0,Mumbai Suburban,BRIHAN MUMBAI,MC,7,96,PRABHAG NO 96 ,,,SHAIKH SHAKIL SWALEH,,,,,,,7425,Samajwadi Party,SP,,2004,5,,14,19135,10.473,,,19135,,,,
Maharashtra,2017,21-02-2017, ,0,Mumbai Suburban,BRIHAN MUMBAI,MC,7,96,PRABHAG NO 96 ,,,SHAIKH GULISTAN AHRARAHMED,,,,,,,10809,Independent,IND,,803,6,,14,19135,4.196,,,19135,,,,
Maharashtra,2017,21-02-2017, ,0,Mumbai Suburban,BRIHAN MUMBAI,MC,7,96,PRABHAG NO 96 ,,,sayyed yusuf mohdmustafa,,,,,,,5792,Nationalist Congress Party,NCP,,656,7,,14,19135,3.428,,,19135,,,,
Maharashtra,2017,21-02-2017, ,0,Mumbai Suburban,BRIHAN MUMBAI,MC,7,96,PRABHAG NO 96 ,,,Rajput Jitesh KisanSingh,,,,,,,11633,Maharashtra Navnirman Sena,MNS,,646,8,,14,19135,3.376,,,19135,,,,
Maharashtra,2017,21-02-2017, ,0,Mumbai Suburban,BRIHAN MUMBAI,MC,7,96,PRABHAG NO 96 ,,,Shaikh LiyakatAli Hasan,,,,,,,10809,Independent,IND,,628,9,,14,19135,3.282,,,19135,,,,
Maharashtra,2017,21-02-2017, ,0,Mumbai Suburban,BRIHAN MUMBAI,MC,7,96,PRABHAG NO 96 ,,,MOMIN MOHAMMEDAYUB JAHANGIR,,,,,,,10979,Janata Dal Secular,JD(S),,237,10,,14,19135,1.239,,,19135,,,,
Maharashtra,2017,21-02-2017, ,0,Mumbai Suburban,BRIHAN MUMBAI,MC,7,96,PRABHAG NO 96 ,,,KHANJADA MEHMOOD AHMED,,,,,,,10809,Independent,IND,,80,11,,14,19135,0.418,,,19135,,,,
Maharashtra,2017,21-02-2017, ,0,Mumbai Suburban,BRIHAN MUMBAI,MC,7,96,PRABHAG NO 96 ,,,KHAN BANNE YAKUB,,,,,,,10809,Independent,IND,,52,12,,14,19135,0.272,,,19135,,,,
Maharashtra,2017,21-02-2017, ,0,Mumbai Suburban,BRIHAN MUMBAI,MC,7,96,PRABHAG NO 96 ,,,SHAIKH LIYAKATIALI MODHUSSAIN,,,,,,,10809,Independent,IND,,33,13,,14,19135,0.172,,,19135,,,,
Maharashtra,2017,21-02-2017, ,0,Mumbai Suburban,BRIHAN MUMBAI,MC,7,96,PRABHAG NO 96 ,,,SHAIKH TABREZ ALIJaN,,,,,,,10809,Independent,IND,,32,14,,14,19135,0.167,,,19135,,,,
Maharashtra,2017,21-02-2017, ,0,Mumbai Suburban,BRIHAN MUMBAI,MC,7,96,PRABHAG NO 96 ,,,NOTA,,,,,,,u10003,,,,162,15,,14,19135,0.847,,,19135,,,,
Maharashtra,2017,21-02-2017, ,0,Mumbai Suburban,BRIHAN MUMBAI,MC,7,97,PRABHAG NO 97 ,,,GALA HETAL VIMAL,,,,,,,1605,Bhartiya Janata Party,BJP,,9244,1,,17,25216,36.659,,,25216,,,,
Maharashtra,2017,21-02-2017, ,0,Mumbai Suburban,BRIHAN MUMBAI,MC,7,97,PRABHAG NO 97 ,,,MORE SUNIL VASANT,,,,,,,18691,Shivsena,SHS,,4124,2,,17,25216,16.355,,,25216,,,,
Maharashtra,2017,21-02-2017, ,0,Mumbai Suburban,BRIHAN MUMBAI,MC,7,97,PRABHAG NO 97 ,,,SINGH ARJUN UJALA,,,,,,,1605,Indian National Congress,BJP,,3960,3,,17,25216,15.704,,,25216,,,,
Maharashtra,2017,21-02-2017, ,0,Mumbai Suburban,BRIHAN MUMBAI,MC,7,97,PRABHAG NO 97 ,,,Tanwar Asif Amin,,,,,,,706,All India Majlis e Ittehadul Muslimeen,AIMIM,,2242,4,,17,25216,8.891,,,25216,,,,
Maharashtra,2017,21-02-2017, ,0,Mumbai Suburban,BRIHAN MUMBAI,MC,7,97,PRABHAG NO 97 ,,,LOKEGAONKAR MOHAN VITHOBA,,,,,,,10809,Independent,IND,,1928,5,,17,25216,7.646,,,25216,,,,
Maharashtra,2017,21-02-2017, ,0,Mumbai Suburban,BRIHAN MUMBAI,MC,7,97,PRABHAG NO 97 ,,,MANDLIK SACHIN RAMCHANDRA,,,,,,,10809,Independent,IND,,1208,6,,17,25216,4.791,,,25216,,,,
Maharashtra,2017,21-02-2017, ,0,Mumbai Suburban,BRIHAN MUMBAI,MC,7,97,PRABHAG NO 97 ,,,KATE VIJAY SURESH,,,,,,,11633,Maharashtra Navnirman Sena,MNS,,830,7,,17,25216,3.292,,,25216,,,,
Maharashtra,2017,21-02-2017, ,0,Mumbai Suburban,BRIHAN MUMBAI,MC,7,97,PRABHAG NO 97 ,,,SOLANKI UMER DAWOOD,,,,,,,5792,Nationalist Congress Party,NCP,,424,8,,17,25216,1.681,,,25216,,,,
Maharashtra,2017,21-02-2017, ,0,Mumbai Suburban,BRIHAN MUMBAI,MC,7,97,PRABHAG NO 97 ,,,INAMDAR BABULAL KADER,,,,,,,10809,Independent,IND,,180,9,,17,25216,0.714,,,25216,,,,
Maharashtra,2017,21-02-2017, ,0,Mumbai Suburban,BRIHAN MUMBAI,MC,7,97,PRABHAG NO 97 ,,,SHAIKH MOHDZAHEER MOHDANWAR,,,,,,,7425,Samajwadi Party,SP,,178,10,,17,25216,0.706,,,25216,,,,
Maharashtra,2017,21-02-2017, ,0,Mumbai Suburban,BRIHAN MUMBAI,MC,7,97,PRABHAG NO 97 ,,,RAZAK ZAFARSHAH MOHAMMADSHAFIQUE,,,,,,,16651,Bahujan Samaj Party,BSP,,145,11,,17,25216,0.575,,,25216,,,,
Maharashtra,2017,21-02-2017, ,0,Mumbai Suburban,BRIHAN MUMBAI,MC,7,97,PRABHAG NO 97 ,,,GAMRE SUDESH LAXMAN,,,,,,,1096,bahujan republican sociolist party,BARESP,,108,12,,17,25216,0.428,,,25216,,,,
Maharashtra,2017,21-02-2017, ,0,Mumbai Suburban,BRIHAN MUMBAI,MC,7,97,PRABHAG NO 97 ,,,SINGH AJAY LALJI,,,,,,,10809,Independent,IND,,99,13,,17,25216,0.393,,,25216,,,,
Maharashtra,2017,21-02-2017, ,0,Mumbai Suburban,BRIHAN MUMBAI,MC,7,97,PRABHAG NO 97 ,,,THATHERA NIRMALADEVI VINDHYACHAL,,,,,,,10809,Independent,IND,,93,14,,17,25216,0.369,,,25216,,,,
Maharashtra,2017,21-02-2017, ,0,Mumbai Suburban,BRIHAN MUMBAI,MC,7,97,PRABHAG NO 97 ,,,MANDLE SANJAY EKNATH,,,,,,,10809,Independent,IND,,47,15,,17,25216,0.186,,,25216,,,,
Maharashtra,2017,21-02-2017, ,0,Mumbai Suburban,BRIHAN MUMBAI,MC,7,97,PRABHAG NO 97 ,,,TARI SANTOSH SHANKAR,,,,,,,1605,Indian National Congress,BJP,,45,16,,17,25216,0.178,,,25216,,,,
Maharashtra,2017,21-02-2017, ,0,Mumbai Suburban,BRIHAN MUMBAI,MC,7,97,PRABHAG NO 97 ,,,KHAN MOHSIN JAVED,,,,,,,1875,Bharip Bahujan Mahasangh,BBM,,40,17,,17,25216,0.159,,,25216,,,,
Maharashtra,2017,21-02-2017, ,0,Mumbai Suburban,BRIHAN MUMBAI,MC,7,97,PRABHAG NO 97 ,,,NOTA,,,,,,,u10003,,,,321,18,,17,25216,1.273,,,25216,,,,
Maharashtra,2017,21-02-2017, ,0,Mumbai Suburban,BRIHAN MUMBAI,MC,7,98,PRABHAG NO 98 ,,,KERKAR ALKA SUBHASH,,,,,,,1605,Bhartiya Janata Party,BJP,,12581,1,,10,22571,55.74,,,22571,,,,
Maharashtra,2017,21-02-2017, ,0,Mumbai Suburban,BRIHAN MUMBAI,MC,7,98,PRABHAG NO 98 ,,,SHISATKAR ARVIND RAMCHANDRA,,,,,,,18691,Shivsena,SHS,,4002,2,,10,22571,17.731,,,22571,,,,
Maharashtra,2017,21-02-2017, ,0,Mumbai Suburban,BRIHAN MUMBAI,MC,7,98,PRABHAG NO 98 ,,,CHADHA HARPREETKAUR DEVENDERSINGH,,,,,,,1605,Indian National Congress,BJP,,3617,3,,10,22571,16.025,,,22571,,,,
Maharashtra,2017,21-02-2017, ,0,Mumbai Suburban,BRIHAN MUMBAI,MC,7,98,PRABHAG NO 98 ,,,YADAV PANKAJ GOVIND,,,,,,,16651,Bahujan Samaj Party,BSP,,738,4,,10,22571,3.27,,,22571,,,,
Maharashtra,2017,21-02-2017, ,0,Mumbai Suburban,BRIHAN MUMBAI,MC,7,98,PRABHAG NO 98 ,,,Kadam Sanjay Namdeo,,,,,,,1875,Bharip Bahujan Mahasangh,BBM,,384,5,,10,22571,1.701,,,22571,,,,
Maharashtra,2017,21-02-2017, ,0,Mumbai Suburban,BRIHAN MUMBAI,MC,7,98,PRABHAG NO 98 ,,,MALHOTRA SURAINA NILESH,,,,,,,5792,Nationalist Congress Party,NCP,,329,6,,10,22571,1.458,,,22571,,,,
Maharashtra,2017,21-02-2017, ,0,Mumbai Suburban,BRIHAN MUMBAI,MC,7,98,PRABHAG NO 98 ,,,JAISWAR SHYAM PYARELAL,,,,,,,10809,Independent,IND,,203,7,,10,22571,0.899,,,22571,,,,
Maharashtra,2017,21-02-2017, ,0,Mumbai Suburban,BRIHAN MUMBAI,MC,7,98,PRABHAG NO 98 ,,,Dabhi Suresh Giga,,,,,,,10809,Independent,IND,,86,8,,10,22571,0.381,,,22571,,,,
Maharashtra,2017,21-02-2017, ,0,Mumbai Suburban,BRIHAN MUMBAI,MC,7,98,PRABHAG NO 98 ,,,PAWAR RAJESH DHANRAJ,,,,,,,1096,bahujan republican sociolist party,BARESP,,63,9,,10,22571,0.279,,,22571,,,,
Maharashtra,2017,21-02-2017, ,0,Mumbai Suburban,BRIHAN MUMBAI,MC,7,98,PRABHAG NO 98 ,,,DURGE JAGDISH DAGDU,,,,,,,10809,Independent,IND,,51,10,,10,22571,0.226,,,22571,,,,
Maharashtra,2017,21-02-2017, ,0,Mumbai Suburban,BRIHAN MUMBAI,MC,7,98,PRABHAG NO 98 ,,,NOTA,,,,,,,u10003,,,,517,11,,10,22571,2.291,,,22571,,,,
Maharashtra,2017,21-02-2017, ,0,Mumbai Suburban,BRIHAN MUMBAI,MC,7,99,PRABHAG NO 99 ,,,AGALDARE SANJAY GULABRAO,,,,,,,18691,Shivsena,SHS,,9360,1,,4,24226,38.636,,,24226,,,,
Maharashtra,2017,21-02-2017, ,0,Mumbai Suburban,BRIHAN MUMBAI,MC,7,99,PRABHAG NO 99 ,,,BHANJI JAYENDRA GAJENDRA,,,,,,,1605,Bhartiya Janata Party,BJP,,7712,2,,4,24226,31.834,,,24226,,,,
Maharashtra,2017,21-02-2017, ,0,Mumbai Suburban,BRIHAN MUMBAI,MC,7,99,PRABHAG NO 99 ,,,SAMBUTWAD VENKATESH NAGNATHRAO,,,,,,,1605,Indian National Congress,BJP,,6476,3,,4,24226,26.732,,,24226,,,,
Maharashtra,2017,21-02-2017, ,0,Mumbai Suburban,BRIHAN MUMBAI,MC,7,99,PRABHAG NO 99 ,,,KILNAKE RAJENDRA SHYAMRAO,,,,,,,5792,Nationalist Congress Party,NCP,,191,4,,4,24226,0.788,,,24226,,,,
Maharashtra,2017,21-02-2017, ,0,Mumbai Suburban,BRIHAN MUMBAI,MC,7,99,PRABHAG NO 99 ,,,NOTA,,,,,,,u10003,,,,487,5,,4,24226,2.01,,,24226,,,,
Maharashtra,2017,21-02-2017, ,0,Mumbai Suburban,BRIHAN MUMBAI,MC,7,100,PRABHAG NO 100 ,,,MHATRE SWAPNA VIRENDRA,,,,,,,1605,Bhartiya Janata Party,BJP,,9717,1,,3,22043,44.082,,,22043,,,,
Maharashtra,2017,21-02-2017, ,0,Mumbai Suburban,BRIHAN MUMBAI,MC,7,100,PRABHAG NO 100 ,,,DMELLO KARENCECILIA ALLEN,,,,,,,1605,Indian National Congress,BJP,,8971,2,,3,22043,40.698,,,22043,,,,
Maharashtra,2017,21-02-2017, ,0,Mumbai Suburban,BRIHAN MUMBAI,MC,7,100,PRABHAG NO 100 ,,,FERNANDES BRINALE GEORGE,,,,,,,18691,Shivsena,SHS,,2718,3,,3,22043,12.33,,,22043,,,,
Maharashtra,2017,21-02-2017, ,0,Mumbai Suburban,BRIHAN MUMBAI,MC,7,100,PRABHAG NO 100 ,,,NOTA,,,,,,,u10003,,,,637,4,,3,22043,2.89,,,22043,,,,
Maharashtra,2017,21-02-2017, ,0,Mumbai Suburban,BRIHAN MUMBAI,MC,7,101,PRABHAG NO 101 ,,,ZAKARIA ASIF AHMED,,,,,,,1605,Indian National Congress,BJP,,10587,1,,9,23563,44.931,,,23563,,,,
Maharashtra,2017,21-02-2017, ,0,Mumbai Suburban,BRIHAN MUMBAI,MC,7,101,PRABHAG NO 101 ,,,TALKER DEREYK MARK,,,,,,,1605,Bhartiya Janata Party,BJP,,6563,2,,9,23563,27.853,,,23563,,,,
Maharashtra,2017,21-02-2017, ,0,Mumbai Suburban,BRIHAN MUMBAI,MC,7,101,PRABHAG NO 101 ,,,JADHAV SUNIL BALKRISHNA,,,,,,,18691,Shivsena,SHS,,3433,3,,9,23563,14.569,,,23563,,,,
Maharashtra,2017,21-02-2017, ,0,Mumbai Suburban,BRIHAN MUMBAI,MC,7,101,PRABHAG NO 101 ,,,KHAN RAHEBAR SIRAJ,,,,,,,10809,Independent,IND,,844,4,,9,23563,3.582,,,23563,,,,
Maharashtra,2017,21-02-2017, ,0,Mumbai Suburban,BRIHAN MUMBAI,MC,7,101,PRABHAG NO 101 ,,,Singh Sitara Dinesh,,,,,,,5792,Nationalist Congress Party,NCP,,595,5,,9,23563,2.525,,,23563,,,,
Maharashtra,2017,21-02-2017, ,0,Mumbai Suburban,BRIHAN MUMBAI,MC,7,101,PRABHAG NO 101 ,,,Cardoz Shane Clifford,,,,,,,10809,Independent,IND,,575,6,,9,23563,2.44,,,23563,,,,
Maharashtra,2017,21-02-2017, ,0,Mumbai Suburban,BRIHAN MUMBAI,MC,7,101,PRABHAG NO 101 ,,,Ghone Atul Waman,,,,,,,11633,Maharashtra Navnirman Sena,MNS,,344,7,,9,23563,1.46,,,23563,,,,
Maharashtra,2017,21-02-2017, ,0,Mumbai Suburban,BRIHAN MUMBAI,MC,7,101,PRABHAG NO 101 ,,,dalvi sayali haresh,,,,,,,10809,Independent,IND,,83,8,,9,23563,0.352,,,23563,,,,
Maharashtra,2017,21-02-2017, ,0,Mumbai Suburban,BRIHAN MUMBAI,MC,7,101,PRABHAG NO 101 ,,,SHAIKH TABREZ ALIJaN,,,,,,,10809,Independent,IND,,46,9,,9,23563,0.195,,,23563,,,,
Maharashtra,2017,21-02-2017, ,0,Mumbai Suburban,BRIHAN MUMBAI,MC,7,101,PRABHAG NO 101 ,,,NOTA,,,,,,,u10003,,,,493,10,,9,23563,2.092,,,23563,,,,
Maharashtra,2017,21-02-2017, ,0,Mumbai Suburban,BRIHAN MUMBAI,MC,7,102,PRABHAG NO 102 ,,,KHAN MUMTAZ RAHEBAR,,,,,,,10809,Independent,IND,,6617,1,,9,23107,28.636,,,23107,,,,
Maharashtra,2017,21-02-2017, ,0,Mumbai Suburban,BRIHAN MUMBAI,MC,7,102,PRABHAG NO 102 ,,,RODRICKS KAVITA HARVEY,,,,,,,1605,Indian National Congress,BJP,,6230,2,,9,23107,26.962,,,23107,,,,
Maharashtra,2017,21-02-2017, ,0,Mumbai Suburban,BRIHAN MUMBAI,MC,7,102,PRABHAG NO 102 ,,,DSILVA FAHMIDA CLINT,,,,,,,10809,Independent,IND,,4304,3,,9,23107,18.626,,,23107,,,,
Maharashtra,2017,21-02-2017, ,0,Mumbai Suburban,BRIHAN MUMBAI,MC,7,102,PRABHAG NO 102 ,,,RAUT RANJANA PRASHANT,,,,,,,1605,Bhartiya Janata Party,BJP,,3863,4,,9,23107,16.718,,,23107,,,,
Maharashtra,2017,21-02-2017, ,0,Mumbai Suburban,BRIHAN MUMBAI,MC,7,102,PRABHAG NO 102 ,,,PHONDE MANISHA SUBHASH,,,,,,,18691,Shivsena,SHS,,1466,5,,9,23107,6.344,,,23107,,,,
Maharashtra,2017,21-02-2017, ,0,Mumbai Suburban,BRIHAN MUMBAI,MC,7,102,PRABHAG NO 102 ,,,Shaikh Reshma Faiyaz,,,,,,,5792,Nationalist Congress Party,NCP,,155,6,,9,23107,0.671,,,23107,,,,
Maharashtra,2017,21-02-2017, ,0,Mumbai Suburban,BRIHAN MUMBAI,MC,7,102,PRABHAG NO 102 ,,,QURESHI SEEMIN ASHAD,,,,,,,7425,Samajwadi Party,SP,,94,7,,9,23107,0.407,,,23107,,,,
Maharashtra,2017,21-02-2017, ,0,Mumbai Suburban,BRIHAN MUMBAI,MC,7,102,PRABHAG NO 102 ,,,SHAIKH ANJUM ABBASALI,,,,,,,10809,Independent,IND,,49,8,,9,23107,0.212,,,23107,,,,
Maharashtra,2017,21-02-2017, ,0,Mumbai Suburban,BRIHAN MUMBAI,MC,7,102,PRABHAG NO 102 ,,,RAISA AKBAR KHAN,,,,,,,10809,Independent,IND,,37,9,,9,23107,0.16,,,23107,,,,
Maharashtra,2017,21-02-2017, ,0,Mumbai Suburban,BRIHAN MUMBAI,MC,7,102,PRABHAG NO 102 ,,,NOTA,,,,,,,u10003,,,,292,10,,9,23107,1.264,,,23107,,,,
Maharashtra,2017,21-02-2017, ,0,Mumbai Suburban,BRIHAN MUMBAI,MC,7,103,PRABHAG NO 103 ,,,KOTAK MANOJ KISHORBHAI,,,,,,,1605,Bhartiya Janata Party,BJP,,14063,1,,15,26904,52.271,,,26904,,,,
Maharashtra,2017,21-02-2017, ,0,Mumbai Suburban,BRIHAN MUMBAI,MC,7,103,PRABHAG NO 103 ,,,SANSARE GOPINATH SHRIKANT,,,,,,,18691,Shivsena,SHS,,6426,2,,15,26904,23.885,,,26904,,,,
Maharashtra,2017,21-02-2017, ,0,Mumbai Suburban,BRIHAN MUMBAI,MC,7,103,PRABHAG NO 103 ,,,SINGH RAJENDRAPRASAD RAMCHARITRA,,,,,,,1605,Indian National Congress,BJP,,3332,3,,15,26904,12.385,,,26904,,,,
Maharashtra,2017,21-02-2017, ,0,Mumbai Suburban,BRIHAN MUMBAI,MC,7,103,PRABHAG NO 103 ,,,PAWAR MANGESH BAPU,,,,,,,5792,Nationalist Congress Party,NCP,,781,4,,15,26904,2.903,,,26904,,,,
Maharashtra,2017,21-02-2017, ,0,Mumbai Suburban,BRIHAN MUMBAI,MC,7,103,PRABHAG NO 103 ,,,PATIL NILESH VASANTRAO,,,,,,,11633,Maharashtra Navnirman Sena,MNS,,653,5,,15,26904,2.427,,,26904,,,,
Maharashtra,2017,21-02-2017, ,0,Mumbai Suburban,BRIHAN MUMBAI,MC,7,103,PRABHAG NO 103 ,,,Thawani Rakesh Kishan,,,,,,,10809,Independent,IND,,552,6,,15,26904,2.052,,,26904,,,,
Maharashtra,2017,21-02-2017, ,0,Mumbai Suburban,BRIHAN MUMBAI,MC,7,103,PRABHAG NO 103 ,,,NARULA ARUNA RAMANBHAI,,,,,,,16651,Bahujan Samaj Party,BSP,,155,7,,15,26904,0.576,,,26904,,,,
Maharashtra,2017,21-02-2017, ,0,Mumbai Suburban,BRIHAN MUMBAI,MC,7,103,PRABHAG NO 103 ,,,joshi keshav madhukar,,,,,,,1875,Bharip Bahujan Mahasangh,BBM,,122,8,,15,26904,0.453,,,26904,,,,
Maharashtra,2017,21-02-2017, ,0,Mumbai Suburban,BRIHAN MUMBAI,MC,7,103,PRABHAG NO 103 ,,,YADAV SUBHASHCHANDRA SHILVANTPRASAD,,,,,,,7425,Samajwadi Party,SP,,122,9,,15,26904,0.453,,,26904,,,,
Maharashtra,2017,21-02-2017, ,0,Mumbai Suburban,BRIHAN MUMBAI,MC,7,103,PRABHAG NO 103 ,,,JAGTAP MANOHAR SUNDAR,,,,,,,10809,Independent,IND,,113,10,,15,26904,0.42,,,26904,,,,
Maharashtra,2017,21-02-2017, ,0,Mumbai Suburban,BRIHAN MUMBAI,MC,7,103,PRABHAG NO 103 ,,,MANIAR NITIN LALITKUMAR,,,,,,,10809,Independent,IND,,74,11,,15,26904,0.275,,,26904,,,,
Maharashtra,2017,21-02-2017, ,0,Mumbai Suburban,BRIHAN MUMBAI,MC,7,103,PRABHAG NO 103 ,,,Shinde Santosh Bandu,,,,,,,10809,Independent,IND,,72,12,,15,26904,0.268,,,26904,,,,
Maharashtra,2017,21-02-2017, ,0,Mumbai Suburban,BRIHAN MUMBAI,MC,7,103,PRABHAG NO 103 ,,,PAWAR SALU YADAV,,,,,,,10809,Independent,IND,,63,13,,15,26904,0.234,,,26904,,,,
Maharashtra,2017,21-02-2017, ,0,Mumbai Suburban,BRIHAN MUMBAI,MC,7,103,PRABHAG NO 103 ,,,KANGANE KARBHARI VITHOBA,,,,,,,10809,Independent,IND,,54,14,,15,26904,0.201,,,26904,,,,
Maharashtra,2017,21-02-2017, ,0,Mumbai Suburban,BRIHAN MUMBAI,MC,7,103,PRABHAG NO 103 ,,,Gupta Rajesh Purushottam,,,,,,,5029,Lok Janshakti Party,LJP,,39,15,,15,26904,0.145,,,26904,,,,
Maharashtra,2017,21-02-2017, ,0,Mumbai Suburban,BRIHAN MUMBAI,MC,7,103,PRABHAG NO 103 ,,,NOTA,,,,,,,u10003,,,,283,16,,15,26904,1.052,,,26904,,,,
Maharashtra,2017,21-02-2017, ,0,Mumbai Suburban,BRIHAN MUMBAI,MC,7,104,PRABHAG NO 104 ,,,GANGADHARE PRAKASH KASHINATH,,,,,,,1605,Bhartiya Janata Party,BJP,,12546,1,,7,30167,41.588,,,30167,,,,
Maharashtra,2017,21-02-2017, ,0,Mumbai Suburban,BRIHAN MUMBAI,MC,7,104,PRABHAG NO 104 ,,,Gite Uttam Ramnath,,,,,,,1605,Indian National Congress,BJP,,5550,2,,7,30167,18.398,,,30167,,,,
Maharashtra,2017,21-02-2017, ,0,Mumbai Suburban,BRIHAN MUMBAI,MC,7,104,PRABHAG NO 104 ,,,PATIL MEENAKSHI SURESH,,,,,,,5792,Nationalist Congress Party,NCP,,5294,3,,7,30167,17.549,,,30167,,,,
Maharashtra,2017,21-02-2017, ,0,Mumbai Suburban,BRIHAN MUMBAI,MC,7,104,PRABHAG NO 104 ,,,DEWADE ROHIDAS NAMDEO,,,,,,,18691,Shivsena,SHS,,3705,4,,7,30167,12.282,,,30167,,,,
Maharashtra,2017,21-02-2017, ,0,Mumbai Suburban,BRIHAN MUMBAI,MC,7,104,PRABHAG NO 104 ,,,GUNJAL NAVITA SHIVRAM,,,,,,,11633,Maharashtra Navnirman Sena,MNS,,1328,5,,7,30167,4.402,,,30167,,,,
Maharashtra,2017,21-02-2017, ,0,Mumbai Suburban,BRIHAN MUMBAI,MC,7,104,PRABHAG NO 104 ,,,Barve Shubhangi Shyam,,,,,,,16651,Bahujan Samaj Party,BSP,,777,6,,7,30167,2.576,,,30167,,,,
Maharashtra,2017,21-02-2017, ,0,Mumbai Suburban,BRIHAN MUMBAI,MC,7,104,PRABHAG NO 104 ,,,THORAT AVINASH SUBRAV,,,,,,,1875,Bharip Bahujan Mahasangh,BBM,,313,7,,7,30167,1.038,,,30167,,,,
Maharashtra,2017,21-02-2017, ,0,Mumbai Suburban,BRIHAN MUMBAI,MC,7,104,PRABHAG NO 104 ,,,NOTA,,,,,,,u10003,,,,654,8,,7,30167,2.168,,,30167,,,,
Maharashtra,2017,21-02-2017, ,0,Mumbai Suburban,BRIHAN MUMBAI,MC,7,105,PRABHAG NO 105 ,,,KENI RAJANI NARESH,,,,,,,1605,Bhartiya Janata Party,BJP,,9866,1,,12,26586,37.11,,,26586,,,,
Maharashtra,2017,21-02-2017, ,0,Mumbai Suburban,BRIHAN MUMBAI,MC,7,105,PRABHAG NO 105 ,,,TONDWALKAR RASIKA RAM,,,,,,,18691,Shivsena,SHS,,8385,2,,12,26586,31.539,,,26586,,,,
Maharashtra,2017,21-02-2017, ,0,Mumbai Suburban,BRIHAN MUMBAI,MC,7,105,PRABHAG NO 105 ,,,Pathak Sujata Rajesh,,,,,,,11633,Maharashtra Navnirman Sena,MNS,,3376,3,,12,26586,12.698,,,26586,,,,
Maharashtra,2017,21-02-2017, ,0,Mumbai Suburban,BRIHAN MUMBAI,MC,7,105,PRABHAG NO 105 ,,,VAITY BHAVESHRI JAYESH,,,,,,,5792,Nationalist Congress Party,NCP,,1814,4,,12,26586,6.823,,,26586,,,,
Maharashtra,2017,21-02-2017, ,0,Mumbai Suburban,BRIHAN MUMBAI,MC,7,105,PRABHAG NO 105 ,,,PATIL MALTI DIGAMBAR,,,,,,,1605,Indian National Congress,BJP,,1482,5,,12,26586,5.574,,,26586,,,,
Maharashtra,2017,21-02-2017, ,0,Mumbai Suburban,BRIHAN MUMBAI,MC,7,105,PRABHAG NO 105 ,,,KADAM DHANISHTA ARUN,,,,,,,8690,Akhil Bharatiya Sena,ABHS,,213,6,,12,26586,0.801,,,26586,,,,
Maharashtra,2017,21-02-2017, ,0,Mumbai Suburban,BRIHAN MUMBAI,MC,7,105,PRABHAG NO 105 ,,,Vaity Karuna Sanjay,,,,,,,u10008,Bhartiya Shetkari Kamgar Paksh,,,192,7,,12,26586,0.722,,,26586,,,,
Maharashtra,2017,21-02-2017, ,0,Mumbai Suburban,BRIHAN MUMBAI,MC,7,105,PRABHAG NO 105 ,,,JADHAV ANITA ALANKAR,,,,,,,12285,Republican Party of India (A),RPI(A),,131,8,,12,26586,0.493,,,26586,,,,
Maharashtra,2017,21-02-2017, ,0,Mumbai Suburban,BRIHAN MUMBAI,MC,7,105,PRABHAG NO 105 ,,,VAITI PRAJAKTI VINOD,,,,,,,24549,Sambhaji Brigade,SBBGP,,108,9,,12,26586,0.406,,,26586,,,,
Maharashtra,2017,21-02-2017, ,0,Mumbai Suburban,BRIHAN MUMBAI,MC,7,105,PRABHAG NO 105 ,,,GAJARE CHANDRALEKHA RAJHANS,,,,,,,16651,Bahujan Samaj Party,BSP,,98,10,,12,26586,0.369,,,26586,,,,
Maharashtra,2017,21-02-2017, ,0,Mumbai Suburban,BRIHAN MUMBAI,MC,7,105,PRABHAG NO 105 ,,,PAWAR VIJAYA RAMESH,,,,,,,10809,Independent,IND,,84,11,,12,26586,0.316,,,26586,,,,
Maharashtra,2017,21-02-2017, ,0,Mumbai Suburban,BRIHAN MUMBAI,MC,7,105,PRABHAG NO 105 ,,,RAUT MANISHA ASHOK,,,,,,,16651,Bahujan Samaj Party,BSP,,27,12,,12,26586,0.102,,,26586,,,,
Maharashtra,2017,21-02-2017, ,0,Mumbai Suburban,BRIHAN MUMBAI,MC,7,105,PRABHAG NO 105 ,,,NOTA,,,,,,,u10003,,,,810,13,,12,26586,3.047,,,26586,,,,
Maharashtra,2017,21-02-2017, ,0,Mumbai Suburban,BRIHAN MUMBAI,MC,7,106,PRABHAG NO 106 ,,,SHINDE PRABHAKAR TUKARAM,,,,,,,1605,Bhartiya Janata Party,BJP,,6818,1,,18,23878,28.553,,,23878,,,,
Maharashtra,2017,21-02-2017, ,0,Mumbai Suburban,BRIHAN MUMBAI,MC,7,106,PRABHAG NO 106 ,,,KADAM ABHIJEET MADHUKAR,,,,,,,18691,Shivsena,SHS,,4841,2,,18,23878,20.274,,,23878,,,,
Maharashtra,2017,21-02-2017, ,0,Mumbai Suburban,BRIHAN MUMBAI,MC,7,106,PRABHAG NO 106 ,,,DALVI SATYAWAN GANPAT,,,,,,,11633,Maharashtra Navnirman Sena,MNS,,3142,3,,18,23878,13.159,,,23878,,,,
Maharashtra,2017,21-02-2017, ,0,Mumbai Suburban,BRIHAN MUMBAI,MC,7,106,PRABHAG NO 106 ,,,VAITY NANDKUMAR ATMARAM,,,,,,,5792,Nationalist Congress Party,NCP,,3073,4,,18,23878,12.87,,,23878,,,,
Maharashtra,2017,21-02-2017, ,0,Mumbai Suburban,BRIHAN MUMBAI,MC,7,106,PRABHAG NO 106 ,,,SALVI RAJENDRA CHINTAMAN,,,,,,,1605,Indian National Congress,BJP,,3071,5,,18,23878,12.861,,,23878,,,,
Maharashtra,2017,21-02-2017, ,0,Mumbai Suburban,BRIHAN MUMBAI,MC,7,106,PRABHAG NO 106 ,,,NAIK SAKHARAM BHASKAR,,,,,,,10809,Independent,IND,,932,6,,18,23878,3.903,,,23878,,,,
Maharashtra,2017,21-02-2017, ,0,Mumbai Suburban,BRIHAN MUMBAI,MC,7,106,PRABHAG NO 106 ,,,OVHAL ASHOK DADARAO,,,,,,,16651,Bahujan Samaj Party,BSP,,396,7,,18,23878,1.658,,,23878,,,,
Maharashtra,2017,21-02-2017, ,0,Mumbai Suburban,BRIHAN MUMBAI,MC,7,106,PRABHAG NO 106 ,,,KARNIK SULESH SHASHIKUMAR,,,,,,,10809,Independent,IND,,326,8,,18,23878,1.365,,,23878,,,,
Maharashtra,2017,21-02-2017, ,0,Mumbai Suburban,BRIHAN MUMBAI,MC,7,106,PRABHAG NO 106 ,,,Kurup Ramesh Eranna,,,,,,,10809,Independent,IND,,206,9,,18,23878,0.863,,,23878,,,,
Maharashtra,2017,21-02-2017, ,0,Mumbai Suburban,BRIHAN MUMBAI,MC,7,106,PRABHAG NO 106 ,,,Yadav Prakash Harishchandra,,,,,,,10809,Independent,IND,,156,10,,18,23878,0.653,,,23878,,,,
Maharashtra,2017,21-02-2017, ,0,Mumbai Suburban,BRIHAN MUMBAI,MC,7,106,PRABHAG NO 106 ,,,Chittiyala Harikrishna Yallaya,,,,,,,10809,Independent,IND,,90,11,,18,23878,0.377,,,23878,,,,
Maharashtra,2017,21-02-2017, ,0,Mumbai Suburban,BRIHAN MUMBAI,MC,7,106,PRABHAG NO 106 ,,,BOBADE MANISHA SADASHIV,,,,,,,1875,Bharip Bahujan Mahasangh,BBM,,70,12,,18,23878,0.293,,,23878,,,,
Maharashtra,2017,21-02-2017, ,0,Mumbai Suburban,BRIHAN MUMBAI,MC,7,106,PRABHAG NO 106 ,,,HANDE SAKHARAM BALU,,,,,,,10809,Independent,IND,,70,13,,18,23878,0.293,,,23878,,,,
Maharashtra,2017,21-02-2017, ,0,Mumbai Suburban,BRIHAN MUMBAI,MC,7,106,PRABHAG NO 106 ,,,Dangle Suhas Prakash,,,,,,,10809,Independent,IND,,68,14,,18,23878,0.285,,,23878,,,,
Maharashtra,2017,21-02-2017, ,0,Mumbai Suburban,BRIHAN MUMBAI,MC,7,106,PRABHAG NO 106 ,,,HILE NITIN MADHUKAR,,,,,,,8690,Akhil Bharatiya Sena,ABHS,,54,15,,18,23878,0.226,,,23878,,,,
Maharashtra,2017,21-02-2017, ,0,Mumbai Suburban,BRIHAN MUMBAI,MC,7,106,PRABHAG NO 106 ,,,KONDE GANESH BALU,,,,,,,10809,Independent,IND,,54,16,,18,23878,0.226,,,23878,,,,
Maharashtra,2017,21-02-2017, ,0,Mumbai Suburban,BRIHAN MUMBAI,MC,7,106,PRABHAG NO 106 ,,,parab chandrakant dattaram,,,,,,,10809,Independent,IND,,51,17,,18,23878,0.214,,,23878,,,,
Maharashtra,2017,21-02-2017, ,0,Mumbai Suburban,BRIHAN MUMBAI,MC,7,106,PRABHAG NO 106 ,,,Shinde Vilas Raghunath,,,,,,,u10008,Bhartiya Shetkari Kamgar Paksh,,,23,18,,18,23878,0.096,,,23878,,,,
Maharashtra,2017,21-02-2017, ,0,Mumbai Suburban,BRIHAN MUMBAI,MC,7,106,PRABHAG NO 106 ,,,NOTA,,,,,,,u10003,,,,437,19,,18,23878,1.83,,,23878,,,,
Maharashtra,2017,21-02-2017, ,0,Mumbai Suburban,BRIHAN MUMBAI,MC,7,107,PRABHAG NO 107 ,,,KAMBLE SAMITA VINOD,,,,,,,1605,Bhartiya Janata Party,BJP,,10505,1,,10,28921,36.323,,,28921,,,,
Maharashtra,2017,21-02-2017, ,0,Mumbai Suburban,BRIHAN MUMBAI,MC,7,107,PRABHAG NO 107 ,,,SHETTY MALATHI JAGDISH,,,,,,,18691,Shivsena,SHS,,5518,2,,10,28921,19.08,,,28921,,,,
Maharashtra,2017,21-02-2017, ,0,Mumbai Suburban,BRIHAN MUMBAI,MC,7,107,PRABHAG NO 107 ,,,SHAH VAISHALI VIRAL,,,,,,,10809,Independent,IND,,4705,3,,10,28921,16.268,,,28921,,,,
Maharashtra,2017,21-02-2017, ,0,Mumbai Suburban,BRIHAN MUMBAI,MC,7,107,PRABHAG NO 107 ,,,Mirekar Madhuri Satish,,,,,,,1605,Indian National Congress,BJP,,3785,4,,10,28921,13.087,,,28921,,,,
Maharashtra,2017,21-02-2017, ,0,Mumbai Suburban,BRIHAN MUMBAI,MC,7,107,PRABHAG NO 107 ,,,Chavan Harshala Rajesh,,,,,,,11633,Maharashtra Navnirman Sena,MNS,,2327,5,,10,28921,8.046,,,28921,,,,
Maharashtra,2017,21-02-2017, ,0,Mumbai Suburban,BRIHAN MUMBAI,MC,7,107,PRABHAG NO 107 ,,,SUBHEDAR RUPALI PANKAJ,,,,,,,5792,Nationalist Congress Party,NCP,,984,6,,10,28921,3.402,,,28921,,,,
Maharashtra,2017,21-02-2017, ,0,Mumbai Suburban,BRIHAN MUMBAI,MC,7,107,PRABHAG NO 107 ,,,DHIVAR KALPANA KISHOR,,,,,,,16651,Bahujan Samaj Party,BSP,,218,7,,10,28921,0.754,,,28921,,,,
Maharashtra,2017,21-02-2017, ,0,Mumbai Suburban,BRIHAN MUMBAI,MC,7,107,PRABHAG NO 107 ,,,PASHTE RENUKA KAILASH,,,,,,,10809,Independent,IND,,87,8,,10,28921,0.301,,,28921,,,,
Maharashtra,2017,21-02-2017, ,0,Mumbai Suburban,BRIHAN MUMBAI,MC,7,107,PRABHAG NO 107 ,,,Salve Sanjana Ashok,,,,,,,10809,Independent,IND,,83,9,,10,28921,0.287,,,28921,,,,
Maharashtra,2017,21-02-2017, ,0,Mumbai Suburban,BRIHAN MUMBAI,MC,7,107,PRABHAG NO 107 ,,,SOLANKI GITA JAGDISH,,,,,,,12285,Republican Party of India (A),RPI(A),,80,10,,10,28921,0.277,,,28921,,,,
Maharashtra,2017,21-02-2017, ,0,Mumbai Suburban,BRIHAN MUMBAI,MC,7,107,PRABHAG NO 107 ,,,NOTA,,,,,,,u10003,,,,629,11,,10,28921,2.175,,,28921,,,,
Maharashtra,2017,21-02-2017, ,0,Mumbai Suburban,BRIHAN MUMBAI,MC,7,108,PRABHAG NO 108 ,,,Somaiya Neil Kirit,,,,,,,1605,Bhartiya Janata Party,BJP,,9586,1,,21,27271,35.151,,,27271,,,,
Maharashtra,2017,21-02-2017, ,0,Mumbai Suburban,BRIHAN MUMBAI,MC,7,108,PRABHAG NO 108 ,,,Karia Mukesh Ghelabhai,,,,,,,18691,Shivsena,SHS,,5516,2,,21,27271,20.227,,,27271,,,,
Maharashtra,2017,21-02-2017, ,0,Mumbai Suburban,BRIHAN MUMBAI,MC,7,108,PRABHAG NO 108 ,,,Tiwari Balkrishna Ramnarayan,,,,,,,1605,Indian National Congress,BJP,,5013,3,,21,27271,18.382,,,27271,,,,
Maharashtra,2017,21-02-2017, ,0,Mumbai Suburban,BRIHAN MUMBAI,MC,7,108,PRABHAG NO 108 ,,,DESHMUKH RAJENDRA DATTATRAY,,,,,,,11633,Maharashtra Navnirman Sena,MNS,,3356,4,,21,27271,12.306,,,27271,,,,
Maharashtra,2017,21-02-2017, ,0,Mumbai Suburban,BRIHAN MUMBAI,MC,7,108,PRABHAG NO 108 ,,,Gawai Vijay Pandhari,,,,,,,5792,Nationalist Congress Party,NCP,,806,5,,21,27271,2.956,,,27271,,,,
Maharashtra,2017,21-02-2017, ,0,Mumbai Suburban,BRIHAN MUMBAI,MC,7,108,PRABHAG NO 108 ,,,PATIL RAJENDRA JAYRAM,,,,,,,1605,Indian National Congress,BJP,,385,6,,21,27271,1.412,,,27271,,,,
Maharashtra,2017,21-02-2017, ,0,Mumbai Suburban,BRIHAN MUMBAI,MC,7,108,PRABHAG NO 108 ,,,DESHPANDE SANJAY SAOJI,,,,,,,16651,Bahujan Samaj Party,BSP,,291,7,,21,27271,1.067,,,27271,,,,
Maharashtra,2017,21-02-2017, ,0,Mumbai Suburban,BRIHAN MUMBAI,MC,7,108,PRABHAG NO 108 ,,,Rajbhar Pramod Loknath,,,,,,,1875,Bharip Bahujan Mahasangh,BBM,,207,8,,21,27271,0.759,,,27271,,,,
Maharashtra,2017,21-02-2017, ,0,Mumbai Suburban,BRIHAN MUMBAI,MC,7,108,PRABHAG NO 108 ,,,GHADGE ARUNA PRADIP,,,,,,,10809,Independent,IND,,196,9,,21,27271,0.719,,,27271,,,,
Maharashtra,2017,21-02-2017, ,0,Mumbai Suburban,BRIHAN MUMBAI,MC,7,108,PRABHAG NO 108 ,,,THAKKAR VINOD PATHAI,,,,,,,10809,Independent,IND,,188,10,,21,27271,0.689,,,27271,,,,
Maharashtra,2017,21-02-2017, ,0,Mumbai Suburban,BRIHAN MUMBAI,MC,7,108,PRABHAG NO 108 ,,,ARYA AMIT VISHWANATH,,,,,,,10809,Independent,IND,,152,11,,21,27271,0.557,,,27271,,,,
Maharashtra,2017,21-02-2017, ,0,Mumbai Suburban,BRIHAN MUMBAI,MC,7,108,PRABHAG NO 108 ,,,CHHATWANI PRATAP VASHUMAL,,,,,,,10809,Independent,IND,,135,12,,21,27271,0.495,,,27271,,,,
Maharashtra,2017,21-02-2017, ,0,Mumbai Suburban,BRIHAN MUMBAI,MC,7,108,PRABHAG NO 108 ,,,KARAYIL BABURAJ ITTY,,,,,,,u10015,Swabhimani Republican Party,,,125,13,,21,27271,0.458,,,27271,,,,
Maharashtra,2017,21-02-2017, ,0,Mumbai Suburban,BRIHAN MUMBAI,MC,7,108,PRABHAG NO 108 ,,,SINGH FAUJDAR MAHANGU,,,,,,,10809,Independent,IND,,114,14,,21,27271,0.418,,,27271,,,,
Maharashtra,2017,21-02-2017, ,0,Mumbai Suburban,BRIHAN MUMBAI,MC,7,108,PRABHAG NO 108 ,,,Jadhav Ramdhan Maruti,,,,,,,10809,Independent,IND,,110,15,,21,27271,0.403,,,27271,,,,
Maharashtra,2017,21-02-2017, ,0,Mumbai Suburban,BRIHAN MUMBAI,MC,7,108,PRABHAG NO 108 ,,,Bhaskar Ramkewal Ramtirath,,,,,,,10809,Independent,IND,,85,16,,21,27271,0.312,,,27271,,,,
Maharashtra,2017,21-02-2017, ,0,Mumbai Suburban,BRIHAN MUMBAI,MC,7,108,PRABHAG NO 108 ,,,Sonawane Praveen Shankar,,,,,,,10809,Independent,IND,,80,17,,21,27271,0.293,,,27271,,,,
Maharashtra,2017,21-02-2017, ,0,Mumbai Suburban,BRIHAN MUMBAI,MC,7,108,PRABHAG NO 108 ,,,Dadwal DilbaghSingh SukhdevSingh,,,,,,,5029,Lok Janshakti Party,LJP,,76,18,,21,27271,0.279,,,27271,,,,
Maharashtra,2017,21-02-2017, ,0,Mumbai Suburban,BRIHAN MUMBAI,MC,7,108,PRABHAG NO 108 ,,,KAMBLE PRABHAKAR DYNANOBA,,,,,,,12285,Republican Party of India (A),RPI(A),,72,19,,21,27271,0.264,,,27271,,,,
Maharashtra,2017,21-02-2017, ,0,Mumbai Suburban,BRIHAN MUMBAI,MC,7,108,PRABHAG NO 108 ,,,Gemavat Goutam Mohanraj,,,,,,,10809,Independent,IND,,66,20,,21,27271,0.242,,,27271,,,,
Maharashtra,2017,21-02-2017, ,0,Mumbai Suburban,BRIHAN MUMBAI,MC,7,108,PRABHAG NO 108 ,,,KADAM MARUTI MANSING,,,,,,,10809,Independent,IND,,64,21,,21,27271,0.235,,,27271,,,,
Maharashtra,2017,21-02-2017, ,0,Mumbai Suburban,BRIHAN MUMBAI,MC,7,108,PRABHAG NO 108 ,,,NOTA,,,,,,,u10003,,,,648,22,,21,27271,2.376,,,27271,,,,
Maharashtra,2017,21-02-2017, ,0,Mumbai Suburban,BRIHAN MUMBAI,MC,7,109,PRABHAG NO 109 ,,,Gosavi Deepali Deepak,,,,,,,18691,Shivsena,SHS,,8707,1,,8,20649,42.167,,,20649,,,,
Maharashtra,2017,21-02-2017, ,0,Mumbai Suburban,BRIHAN MUMBAI,MC,7,109,PRABHAG NO 109 ,,,jadhav rajani shridhar,,जाधव रजनी श्रीधर,,,,,10809,Independent,IND,,3919,2,,8,20649,18.979,,,20649,,,,
Maharashtra,2017,21-02-2017, ,0,Mumbai Suburban,BRIHAN MUMBAI,MC,7,109,PRABHAG NO 109 ,,,SHARMA VIDHA HARISHANKAR,,,,,,,1605,Bhartiya Janata Party,BJP,,2929,3,,8,20649,14.185,,,20649,,,,
Maharashtra,2017,21-02-2017, ,0,Mumbai Suburban,BRIHAN MUMBAI,MC,7,109,PRABHAG NO 109 ,,,BHARATI ANANDI HANUMANT,,,,,,,11633,Maharashtra Navnirman Sena,MNS,,2025,4,,8,20649,9.807,,,20649,,,,
Maharashtra,2017,21-02-2017, ,0,Mumbai Suburban,BRIHAN MUMBAI,MC,7,109,PRABHAG NO 109 ,,,Pandey Priya Anil,,,,,,,1605,Indian National Congress,BJP,,1615,5,,8,20649,7.821,,,20649,,,,
Maharashtra,2017,21-02-2017, ,0,Mumbai Suburban,BRIHAN MUMBAI,MC,7,109,PRABHAG NO 109 ,,,Rajeshirke Savita Pratap,,,,,,,5792,Nationalist Congress Party,NCP,,774,6,,8,20649,3.748,,,20649,,,,
Maharashtra,2017,21-02-2017, ,0,Mumbai Suburban,BRIHAN MUMBAI,MC,7,109,PRABHAG NO 109 ,,,KHAN KHALIDA MOHAMMADIQBAL,,,,,,,10809,Independent,IND,,328,7,,8,20649,1.588,,,20649,,,,
Maharashtra,2017,21-02-2017, ,0,Mumbai Suburban,BRIHAN MUMBAI,MC,7,109,PRABHAG NO 109 ,,,Mandvilkar Rajashree Rajendra,,,,,,,18691,Shivsena,SHS,,42,8,,8,20649,0.203,,,20649,,,,
Maharashtra,2017,21-02-2017, ,0,Mumbai Suburban,BRIHAN MUMBAI,MC,7,109,PRABHAG NO 109 ,,,NOTA,,,,,,,u10003,,,,310,9,,8,20649,1.501,,,20649,,,,
Maharashtra,2017,21-02-2017, ,0,Mumbai Suburban,BRIHAN MUMBAI,MC,7,110,PRABHAG NO 110 ,,,KOPARKAR ASHA SURESH,,,,,,,1605,Indian National Congress,BJP,,5174,1,,10,20116,25.721,,,20116,,,,
Maharashtra,2017,21-02-2017, ,0,Mumbai Suburban,BRIHAN MUMBAI,MC,7,110,PRABHAG NO 110 ,,,Tripathi Sandhya Suraj,,,,,,,1605,Bhartiya Janata Party,BJP,,4696,2,,10,20116,23.345,,,20116,,,,
Maharashtra,2017,21-02-2017, ,0,Mumbai Suburban,BRIHAN MUMBAI,MC,7,110,PRABHAG NO 110 ,,,CHIRATH HARINAKSHI MOHAN,,,,,,,11633,Maharashtra Navnirman Sena,MNS,,3752,3,,10,20116,18.652,,,20116,,,,
Maharashtra,2017,21-02-2017, ,0,Mumbai Suburban,BRIHAN MUMBAI,MC,7,110,PRABHAG NO 110 ,,,Patil Sangeeta Gopinath,,,,,,,18691,Shivsena,SHS,,3340,4,,10,20116,16.604,,,20116,,,,
Maharashtra,2017,21-02-2017, ,0,Mumbai Suburban,BRIHAN MUMBAI,MC,7,110,PRABHAG NO 110 ,,,SINGH SUSHILA DHURANDHAR,,,,,,,14635,Communist Party Of India (Marxist),CPM,,1085,5,,10,20116,5.394,,,20116,,,,
Maharashtra,2017,21-02-2017, ,0,Mumbai Suburban,BRIHAN MUMBAI,MC,7,110,PRABHAG NO 110 ,,,Shaikh FarheenBegum NasirAli,,,,,,,5792,Nationalist Congress Party,NCP,,987,6,,10,20116,4.907,,,20116,,,,
Maharashtra,2017,21-02-2017, ,0,Mumbai Suburban,BRIHAN MUMBAI,MC,7,110,PRABHAG NO 110 ,,,shaikh hafizabano mohamoodhasan,,,,,,,16651,Bahujan Samaj Party,BSP,,322,7,,10,20116,1.601,,,20116,,,,
Maharashtra,2017,21-02-2017, ,0,Mumbai Suburban,BRIHAN MUMBAI,MC,7,110,PRABHAG NO 110 ,,,UMALE SUJATA SANJAY,,,,,,,1875,Bharip Bahujan Mahasangh,BBM,,312,8,,10,20116,1.551,,,20116,,,,
Maharashtra,2017,21-02-2017, ,0,Mumbai Suburban,BRIHAN MUMBAI,MC,7,110,PRABHAG NO 110 ,,,MISHRA DURGESHNANDINI ARVIND,,,,,,,10809,Independent,IND,,114,9,,10,20116,0.567,,,20116,,,,
Maharashtra,2017,21-02-2017, ,0,Mumbai Suburban,BRIHAN MUMBAI,MC,7,110,PRABHAG NO 110 ,,,Sayyed Nasima Azim,,,,,,,10809,Independent,IND,,47,10,,10,20116,0.234,,,20116,,,,
Maharashtra,2017,21-02-2017, ,0,Mumbai Suburban,BRIHAN MUMBAI,MC,7,110,PRABHAG NO 110 ,,,NOTA,,,,,,,u10003,,,,287,11,,10,20116,1.427,,,20116,,,,
Maharashtra,2017,21-02-2017, ,0,Mumbai Suburban,BRIHAN MUMBAI,MC,7,111,PRABHAG NO 111 ,,,Pawar Sarika Mangesh,,,,,,,1605,Bhartiya Janata Party,BJP,,7646,1,,7,26300,29.072,,,26300,,,,
Maharashtra,2017,21-02-2017, ,0,Mumbai Suburban,BRIHAN MUMBAI,MC,7,111,PRABHAG NO 111 ,,,PISAL BHARTI DHANANJAY,,,,,,,5792,Nationalist Congress Party,NCP,,6577,2,,7,26300,25.008,,,26300,,,,
Maharashtra,2017,21-02-2017, ,0,Mumbai Suburban,BRIHAN MUMBAI,MC,7,111,PRABHAG NO 111 ,,,TUPE SANJIVANI VISHWAS,,,,,,,18691,Shivsena,SHS,,6443,3,,7,26300,24.498,,,26300,,,,
Maharashtra,2017,21-02-2017, ,0,Mumbai Suburban,BRIHAN MUMBAI,MC,7,111,PRABHAG NO 111 ,,,CHAVAN MANISHA MANOJ,,,,,,,11633,Maharashtra Navnirman Sena,MNS,,2954,4,,7,26300,11.232,,,26300,,,,
Maharashtra,2017,21-02-2017, ,0,Mumbai Suburban,BRIHAN MUMBAI,MC,7,111,PRABHAG NO 111 ,,,PATEKAR KANTA SHALIRAM,,,,,,,1605,Indian National Congress,BJP,,959,5,,7,26300,3.646,,,26300,,,,
Maharashtra,2017,21-02-2017, ,0,Mumbai Suburban,BRIHAN MUMBAI,MC,7,111,PRABHAG NO 111 ,,,NIKAM SHEETAL MANOHAR,,,,,,,16651,Bahujan Samaj Party,BSP,,897,6,,7,26300,3.411,,,26300,,,,
Maharashtra,2017,21-02-2017, ,0,Mumbai Suburban,BRIHAN MUMBAI,MC,7,111,PRABHAG NO 111 ,,,GANGAWANE VAISHALI PRASHANT,,,,,,,1875,Bharip Bahujan Mahasangh,BBM,,303,7,,7,26300,1.152,,,26300,,,,
Maharashtra,2017,21-02-2017, ,0,Mumbai Suburban,BRIHAN MUMBAI,MC,7,111,PRABHAG NO 111 ,,,NOTA,,,,,,,u10003,,,,521,8,,7,26300,1.981,,,26300,,,,
Maharashtra,2017,21-02-2017, ,0,Mumbai Suburban,BRIHAN MUMBAI,MC,7,112,PRABHAG NO 112 ,,,Dalvi Sakshi Deepak,,,,,,,1605,Bhartiya Janata Party,BJP,,7691,1,,7,20855,36.878,,,20855,,,,
Maharashtra,2017,21-02-2017, ,0,Mumbai Suburban,BRIHAN MUMBAI,MC,7,112,PRABHAG NO 112 ,,,Patil Jayshree Jaywant,,,,,,,18691,Shivsena,SHS,,5845,2,,7,20855,28.027,,,20855,,,,
Maharashtra,2017,21-02-2017, ,0,Mumbai Suburban,BRIHAN MUMBAI,MC,7,112,PRABHAG NO 112 ,,,MOKAL RUCHIRA RAJENDRA,,,,,,,5792,Nationalist Congress Party,NCP,,2970,3,,7,20855,14.241,,,20855,,,,
Maharashtra,2017,21-02-2017, ,0,Mumbai Suburban,BRIHAN MUMBAI,MC,7,112,PRABHAG NO 112 ,,,VICHARE ABOLI BIPINDRA,,,,,,,1605,Indian National Congress,BJP,,2122,4,,7,20855,10.175,,,20855,,,,
Maharashtra,2017,21-02-2017, ,0,Mumbai Suburban,BRIHAN MUMBAI,MC,7,112,PRABHAG NO 112 ,,,Dhurat Supriya Sujay,,,,,,,11633,Maharashtra Navnirman Sena,MNS,,1492,5,,7,20855,7.154,,,20855,,,,
Maharashtra,2017,21-02-2017, ,0,Mumbai Suburban,BRIHAN MUMBAI,MC,7,112,PRABHAG NO 112 ,,,SHAIKH RASHIDA GULAB,,,,,,,10809,Independent,IND,,129,6,,7,20855,0.619,,,20855,,,,
Maharashtra,2017,21-02-2017, ,0,Mumbai Suburban,BRIHAN MUMBAI,MC,7,112,PRABHAG NO 112 ,,,SHINDE VIDYA MANOHAR,,,,,,,24549,Sambhaji Brigade,SBBGP,,88,7,,7,20855,0.422,,,20855,,,,
Maharashtra,2017,21-02-2017, ,0,Mumbai Suburban,BRIHAN MUMBAI,MC,7,112,PRABHAG NO 112 ,,,NOTA,,,,,,,u10003,,,,518,8,,7,20855,2.484,,,20855,,,,
Maharashtra,2017,21-02-2017, ,0,Mumbai Suburban,BRIHAN MUMBAI,MC,7,113,PRABHAG NO 113 ,,,Badhe Deepmala Baban,,,,,,,18691,Shivsena,SHS,,8361,1,,12,23138,36.135,,,23138,,,,
Maharashtra,2017,21-02-2017, ,0,Mumbai Suburban,BRIHAN MUMBAI,MC,7,113,PRABHAG NO 113 ,,,MUKHIYA SITA TIKARAM,,,,,,,1605,Bhartiya Janata Party,BJP,,4115,2,,12,23138,17.785,,,23138,,,,
Maharashtra,2017,21-02-2017, ,0,Mumbai Suburban,BRIHAN MUMBAI,MC,7,113,PRABHAG NO 113 ,,,SAWANT NIVEDITA NILESH,,,,,,,1605,Indian National Congress,BJP,,2808,3,,12,23138,12.136,,,23138,,,,
Maharashtra,2017,21-02-2017, ,0,Mumbai Suburban,BRIHAN MUMBAI,MC,7,113,PRABHAG NO 113 ,,,Ghogale Namrata Narayan,,,,,,,11633,Maharashtra Navnirman Sena,MNS,,2348,4,,12,23138,10.148,,,23138,,,,
Maharashtra,2017,21-02-2017, ,0,Mumbai Suburban,BRIHAN MUMBAI,MC,7,113,PRABHAG NO 113 ,,,Jaiswal Manju Ravindra,,,,,,,10809,Independent,IND,,2093,5,,12,23138,9.046,,,23138,,,,
Maharashtra,2017,21-02-2017, ,0,Mumbai Suburban,BRIHAN MUMBAI,MC,7,113,PRABHAG NO 113 ,,,Rajbhoj Jyoti Anil,,,,,,,10809,Independent,IND,,829,6,,12,23138,3.583,,,23138,,,,
Maharashtra,2017,21-02-2017, ,0,Mumbai Suburban,BRIHAN MUMBAI,MC,7,113,PRABHAG NO 113 ,,,Mane Sweta Santosh,,,,,,,10809,Independent,IND,,759,7,,12,23138,3.28,,,23138,,,,
Maharashtra,2017,21-02-2017, ,0,Mumbai Suburban,BRIHAN MUMBAI,MC,7,113,PRABHAG NO 113 ,,,DHURI JIVITA JAYWANT,,,,,,,10809,Independent,IND,,473,8,,12,23138,2.044,,,23138,,,,
Maharashtra,2017,21-02-2017, ,0,Mumbai Suburban,BRIHAN MUMBAI,MC,7,113,PRABHAG NO 113 ,,,Kamble Sangita Netaji,,,,,,,10809,Independent,IND,,439,9,,12,23138,1.897,,,23138,,,,
Maharashtra,2017,21-02-2017, ,0,Mumbai Suburban,BRIHAN MUMBAI,MC,7,113,PRABHAG NO 113 ,,,TAYADE MANISHA UDEBHAN,,,,,,,1875,Bharip Bahujan Mahasangh,BBM,,248,10,,12,23138,1.072,,,23138,,,,
Maharashtra,2017,21-02-2017, ,0,Mumbai Suburban,BRIHAN MUMBAI,MC,7,113,PRABHAG NO 113 ,,,CHAVAN REVATI MAHESH,,,,,,,10809,Independent,IND,,152,11,,12,23138,0.657,,,23138,,,,
Maharashtra,2017,21-02-2017, ,0,Mumbai Suburban,BRIHAN MUMBAI,MC,7,113,PRABHAG NO 113 ,,,THATE VIJAYA RAJU,,,,,,,16651,Bahujan Samaj Party,BSP,,101,12,,12,23138,0.437,,,23138,,,,
Maharashtra,2017,21-02-2017, ,0,Mumbai Suburban,BRIHAN MUMBAI,MC,7,113,PRABHAG NO 113 ,,,NOTA,,,,,,,u10003,,,,412,13,,12,23138,1.781,,,23138,,,,
Maharashtra,2017,21-02-2017, ,0,Mumbai Suburban,BRIHAN MUMBAI,MC,7,114,PRABHAG NO 114 ,,,Korgaonkar Ramesh Gajanan,,,,,,,18691,Shivsena,SHS,,9887,1,,15,25781,38.35,,,25781,,,,
Maharashtra,2017,21-02-2017, ,0,Mumbai Suburban,BRIHAN MUMBAI,MC,7,114,PRABHAG NO 114 ,,,Majgaonkar Anisha Amol,,,,,,,11633,Maharashtra Navnirman Sena,MNS,,8302,2,,15,25781,32.202,,,25781,,,,
Maharashtra,2017,21-02-2017, ,0,Mumbai Suburban,BRIHAN MUMBAI,MC,7,114,PRABHAG NO 114 ,,,KORGAONKAR MILIND TUKARAM,,,,,,,1605,Bhartiya Janata Party,BJP,,1773,3,,15,25781,6.877,,,25781,,,,
Maharashtra,2017,21-02-2017, ,0,Mumbai Suburban,BRIHAN MUMBAI,MC,7,114,PRABHAG NO 114 ,,,Margaj Vilas Manohar,,,,,,,5792,Nationalist Congress Party,NCP,,1405,4,,15,25781,5.45,,,25781,,,,
Maharashtra,2017,21-02-2017, ,0,Mumbai Suburban,BRIHAN MUMBAI,MC,7,114,PRABHAG NO 114 ,,,Sawant Subhash Sawant,,,,,,,10809,Independent,IND,,1290,5,,15,25781,5.004,,,25781,,,,
Maharashtra,2017,21-02-2017, ,0,Mumbai Suburban,BRIHAN MUMBAI,MC,7,114,PRABHAG NO 114 ,,,Kasle Santosh Narayan,,,,,,,10809,Independent,IND,,639,6,,15,25781,2.479,,,25781,,,,
Maharashtra,2017,21-02-2017, ,0,Mumbai Suburban,BRIHAN MUMBAI,MC,7,114,PRABHAG NO 114 ,,,VISHWASRAO VIDHYADHAR PANDURANG,,,,,,,14635,Communist Party Of India (Marxist),CPM,,531,7,,15,25781,2.06,,,25781,,,,
Maharashtra,2017,21-02-2017, ,0,Mumbai Suburban,BRIHAN MUMBAI,MC,7,114,PRABHAG NO 114 ,,,Sawant Rajendra Sahadev,,,,,,,1605,Indian National Congress,BJP,,437,8,,15,25781,1.695,,,25781,,,,
Maharashtra,2017,21-02-2017, ,0,Mumbai Suburban,BRIHAN MUMBAI,MC,7,114,PRABHAG NO 114 ,,,UMALE PRAKASH ASHOK,,,,,,,10809,Independent,IND,,424,9,,15,25781,1.645,,,25781,,,,
Maharashtra,2017,21-02-2017, ,0,Mumbai Suburban,BRIHAN MUMBAI,MC,7,114,PRABHAG NO 114 ,,,PATIL CHANDRAKANT VAMAN,,,,,,,10809,Independent,IND,,369,10,,15,25781,1.431,,,25781,,,,
Maharashtra,2017,21-02-2017, ,0,Mumbai Suburban,BRIHAN MUMBAI,MC,7,114,PRABHAG NO 114 ,,,Vichare Prashant Tukaram,,,,,,,10809,Independent,IND,,257,11,,15,25781,0.997,,,25781,,,,
Maharashtra,2017,21-02-2017, ,0,Mumbai Suburban,BRIHAN MUMBAI,MC,7,114,PRABHAG NO 114 ,,,GAWDE KESHAV SURYAKANT,,,,,,,10809,Independent,IND,,140,12,,15,25781,0.543,,,25781,,,,
Maharashtra,2017,21-02-2017, ,0,Mumbai Suburban,BRIHAN MUMBAI,MC,7,114,PRABHAG NO 114 ,,,Lokhande Ajay Sudhakar,,,,,,,16651,Bahujan Samaj Party,BSP,,131,13,,15,25781,0.508,,,25781,,,,
Maharashtra,2017,21-02-2017, ,0,Mumbai Suburban,BRIHAN MUMBAI,MC,7,114,PRABHAG NO 114 ,,,KHALSODE SANDEEP DIGAMBAR,,,,,,,10809,Independent,IND,,57,14,,15,25781,0.221,,,25781,,,,
Maharashtra,2017,21-02-2017, ,0,Mumbai Suburban,BRIHAN MUMBAI,MC,7,114,PRABHAG NO 114 ,,,DOMBE PRATIK VISHWANATH,,,,,,,10809,Independent,IND,,34,15,,15,25781,0.132,,,25781,,,,
Maharashtra,2017,21-02-2017, ,0,Mumbai Suburban,BRIHAN MUMBAI,MC,7,114,PRABHAG NO 114 ,,,NOTA,,,,,,,u10003,,,,105,16,,15,25781,0.407,,,25781,,,,
Maharashtra,2017,21-02-2017, ,0,Mumbai Suburban,BRIHAN MUMBAI,MC,7,115,PRABHAG NO 115 ,,,MANE UMESH SUBHASH,,,,,,,18691,Shivsena,SHS,,8232,1,,14,24084,34.18,,,24084,,,,
Maharashtra,2017,21-02-2017, ,0,Mumbai Suburban,BRIHAN MUMBAI,MC,7,115,PRABHAG NO 115 ,,,GHADIGAONKAR JITENDRA DATTATRAY,,,,,,,1605,Bhartiya Janata Party,BJP,,4949,2,,14,24084,20.549,,,24084,,,,
Maharashtra,2017,21-02-2017, ,0,Mumbai Suburban,BRIHAN MUMBAI,MC,7,115,PRABHAG NO 115 ,,,Sarfare Vaishnavi Vijay,,,,,,,11633,Maharashtra Navnirman Sena,MNS,,2678,3,,14,24084,11.119,,,24084,,,,
Maharashtra,2017,21-02-2017, ,0,Mumbai Suburban,BRIHAN MUMBAI,MC,7,115,PRABHAG NO 115 ,,,Rajbhoj Anil Pandit,,,,,,,10809,Independent,IND,,2503,4,,14,24084,10.393,,,24084,,,,
Maharashtra,2017,21-02-2017, ,0,Mumbai Suburban,BRIHAN MUMBAI,MC,7,115,PRABHAG NO 115 ,,,Karadkar Kashinath Damoji,,,,,,,1605,Indian National Congress,BJP,,2353,5,,14,24084,9.77,,,24084,,,,
Maharashtra,2017,21-02-2017, ,0,Mumbai Suburban,BRIHAN MUMBAI,MC,7,115,PRABHAG NO 115 ,,,QURESHI YASIN FAHIM,,,,,,,5792,Nationalist Congress Party,NCP,,1335,6,,14,24084,5.543,,,24084,,,,
Maharashtra,2017,21-02-2017, ,0,Mumbai Suburban,BRIHAN MUMBAI,MC,7,115,PRABHAG NO 115 ,,,JADHAV KISHOR BAPU,,,,,,,14635,Communist Party Of India (Marxist),CPM,,831,7,,14,24084,3.45,,,24084,,,,
Maharashtra,2017,21-02-2017, ,0,Mumbai Suburban,BRIHAN MUMBAI,MC,7,115,PRABHAG NO 115 ,,,KHARAT ASHOK SHANKAR,,,,,,,5029,Lok Janshakti Party,LJP,,445,8,,14,24084,1.848,,,24084,,,,
Maharashtra,2017,21-02-2017, ,0,Mumbai Suburban,BRIHAN MUMBAI,MC,7,115,PRABHAG NO 115 ,,,QURESHI NAWAZ JAMIL,,,,,,,16651,Bahujan Samaj Party,BSP,,191,9,,14,24084,0.793,,,24084,,,,
Maharashtra,2017,21-02-2017, ,0,Mumbai Suburban,BRIHAN MUMBAI,MC,7,115,PRABHAG NO 115 ,,,Pathare Raju Muktaram,,,,,,,10809,Independent,IND,,95,10,,14,24084,0.394,,,24084,,,,
Maharashtra,2017,21-02-2017, ,0,Mumbai Suburban,BRIHAN MUMBAI,MC,7,115,PRABHAG NO 115 ,,,WAGH RAJENDRA BHASKAR,,,,,,,10809,Independent,IND,,56,11,,14,24084,0.233,,,24084,,,,
Maharashtra,2017,21-02-2017, ,0,Mumbai Suburban,BRIHAN MUMBAI,MC,7,115,PRABHAG NO 115 ,,,Chavan Pradeep Pratap,,,,,,,10809,Independent,IND,,55,12,,14,24084,0.228,,,24084,,,,
Maharashtra,2017,21-02-2017, ,0,Mumbai Suburban,BRIHAN MUMBAI,MC,7,115,PRABHAG NO 115 ,,,Dube Dhiraj Rampyare,,,,,,,10809,Independent,IND,,45,13,,14,24084,0.187,,,24084,,,,
Maharashtra,2017,21-02-2017, ,0,Mumbai Suburban,BRIHAN MUMBAI,MC,7,115,PRABHAG NO 115 ,,,KASAR PRAKASH VASANT,,,,,,,10809,Independent,IND,,26,14,,14,24084,0.108,,,24084,,,,
Maharashtra,2017,21-02-2017, ,0,Mumbai Suburban,BRIHAN MUMBAI,MC,7,115,PRABHAG NO 115 ,,,NOTA,,,,,,,u10003,,,,290,15,,14,24084,1.204,,,24084,,,,
Maharashtra,2017,21-02-2017, ,0,Mumbai Suburban,BRIHAN MUMBAI,MC,7,116,PRABHAG NO 116 ,,,PATIL PRAMILA KAMLAKAR,,,,,,,1605,Indian National Congress,BJP,,8326,1,,11,23084,36.068,,,23084,,,,
Maharashtra,2017,21-02-2017, ,1,Mumbai Suburban,BRIHAN MUMBAI,MC,7,116,Ward No.116 ,,,PATIL JAGRUTI PRATIK,,,,,,,1605,Bhartiya Janata Party,BJP,,11129,1,,7,19296,57.675,,,19296,,,,
Maharashtra,2017,21-02-2017, ,0,Mumbai Suburban,BRIHAN MUMBAI,MC,7,116,PRABHAG NO 116 ,,,PATIL MEENAKSHI ASHOK,,,,,,,18691,Shivsena,SHS,,7857,2,,11,23084,34.037,,,23084,,,,
Maharashtra,2017,21-02-2017, ,1,Mumbai Suburban,BRIHAN MUMBAI,MC,7,116,Ward No.116 ,,,Patil Minakshi Ashok,,,,,,,18691,Shivsena,SHS,,6337,2,,7,19296,32.841,,,19296,,,,
Maharashtra,2017,21-02-2017, ,0,Mumbai Suburban,BRIHAN MUMBAI,MC,7,116,PRABHAG NO 116 ,,,DIXIT MEERA ANAND,,,,,,,1605,Bhartiya Janata Party,BJP,,3625,3,,11,23084,15.704,,,23084,,,,
Maharashtra,2017,21-02-2017, ,1,Mumbai Suburban,BRIHAN MUMBAI,MC,7,116,Ward No.116 ,,,SINGH PRAMILA PREM,,,,,,,1605,Indian National Congress,BJP,,972,3,,7,19296,5.037,,,19296,,,,
Maharashtra,2017,21-02-2017, ,0,Mumbai Suburban,BRIHAN MUMBAI,MC,7,116,PRABHAG NO 116 ,,,Mahadik Shweta Shyam,,,,,,,11633,Maharashtra Navnirman Sena,MNS,,804,4,,11,23084,3.483,,,23084,,,,
Maharashtra,2017,21-02-2017, ,1,Mumbai Suburban,BRIHAN MUMBAI,MC,7,116,Ward No.116 ,,,SAWANT BABY CHHABU,,,,,,,16651,Bahujan Samaj Party,BSP,,339,4,,7,19296,1.757,,,19296,,,,
Maharashtra,2017,21-02-2017, ,0,Mumbai Suburban,BRIHAN MUMBAI,MC,7,116,PRABHAG NO 116 ,,,SAWANT BABY CHHABU,,,,,,,16651,Bahujan Samaj Party,BSP,,774,5,,11,23084,3.353,,,23084,,,,
Maharashtra,2017,21-02-2017, ,1,Mumbai Suburban,BRIHAN MUMBAI,MC,7,116,Ward No.116 ,,,GAJDHANE VAISHALI SATISH,,,,,,,1074,Bahujan Mukti Party,BMUP,,206,5,,7,19296,1.068,,,19296,,,,
Maharashtra,2017,21-02-2017, ,0,Mumbai Suburban,BRIHAN MUMBAI,MC,7,116,PRABHAG NO 116 ,,,TUPE MANISHA ANIL,,,,,,,5792,Nationalist Congress Party,NCP,,714,6,,11,23084,3.093,,,23084,,,,
Maharashtra,2017,21-02-2017, ,1,Mumbai Suburban,BRIHAN MUMBAI,MC,7,116,Ward No.116 ,,,Jadhav Deepika Vijay,,,,,,,24549,Sambhaji Brigade,SBBGP,,51,6,,7,19296,0.264,,,19296,,,,
Maharashtra,2017,21-02-2017, ,0,Mumbai Suburban,BRIHAN MUMBAI,MC,7,116,PRABHAG NO 116 ,,,Gajdhane Vaishali Satish,,,,,,,1074,Bahujan Mukti Party,BMUP,,256,7,,11,23084,1.109,,,23084,,,,
Maharashtra,2017,21-02-2017, ,1,Mumbai Suburban,BRIHAN MUMBAI,MC,7,116,Ward No.116 ,,,JADHAV SMRUTEE TULSHIDAS,,,,,,,10979,Janata Dal Secular,JD(S),,49,7,,7,19296,0.254,,,19296,,,,
Maharashtra,2017,21-02-2017, ,0,Mumbai Suburban,BRIHAN MUMBAI,MC,7,116,PRABHAG NO 116 ,,,Sawant Jayshree Arjun,,,,,,,10809,Independent,IND,,176,8,,11,23084,0.762,,,23084,,,,
Maharashtra,2017,21-02-2017, ,1,Mumbai Suburban,BRIHAN MUMBAI,MC,7,116,Ward No.116 ,,,NOTA,,,,,,,u10003,,,,213,8,,7,19296,1.104,,,19296,,,,
Maharashtra,2017,21-02-2017, ,0,Mumbai Suburban,BRIHAN MUMBAI,MC,7,116,PRABHAG NO 116 ,,,SHINDE VIDYA ANAND,,,,,,,1875,Bharip Bahujan Mahasangh,BBM,,152,9,,11,23084,0.658,,,23084,,,,
Maharashtra,2017,21-02-2017, ,0,Mumbai Suburban,BRIHAN MUMBAI,MC,7,116,PRABHAG NO 116 ,,,BAWA MEENAKSHI JAGANNATH,,,,,,,12285,Republican Party of India (A),RPI(A),,63,10,,11,23084,0.273,,,23084,,,,
Maharashtra,2017,21-02-2017, ,0,Mumbai Suburban,BRIHAN MUMBAI,MC,7,116,PRABHAG NO 116 ,,,SAWANT MANISHA BALU,,,,,,,10809,Independent,IND,,37,11,,11,23084,0.16,,,23084,,,,
Maharashtra,2017,21-02-2017, ,0,Mumbai Suburban,BRIHAN MUMBAI,MC,7,116,PRABHAG NO 116 ,,,NOTA,,,,,,,u10003,,,,300,12,,11,23084,1.3,,,23084,,,,
Maharashtra,2017,21-02-2017, ,0,Mumbai Suburban,BRIHAN MUMBAI,MC,7,117,PRABHAG NO 117 ,,,KARANJE SUVARNA SAHADEV,,,,,,,18691,Shivsena,SHS,,7315,1,,6,23673,30.9,,,23673,,,,
Maharashtra,2017,21-02-2017, ,0,Mumbai Suburban,BRIHAN MUMBAI,MC,7,117,PRABHAG NO 117 ,,,KARADE ASHWINI SANTOSH,,,,,,,1605,Bhartiya Janata Party,BJP,,5413,2,,6,23673,22.866,,,23673,,,,
Maharashtra,2017,21-02-2017, ,0,Mumbai Suburban,BRIHAN MUMBAI,MC,7,117,PRABHAG NO 117 ,,,MANCHEKAR SUSHILA BABU,,,,,,,5792,Nationalist Congress Party,NCP,,4229,3,,6,23673,17.864,,,23673,,,,
Maharashtra,2017,21-02-2017, ,0,Mumbai Suburban,BRIHAN MUMBAI,MC,7,117,PRABHAG NO 117 ,,,PAWASKAR SHWETA RAJESH,,,,,,,1605,Indian National Congress,BJP,,3483,4,,6,23673,14.713,,,23673,,,,
Maharashtra,2017,21-02-2017, ,0,Mumbai Suburban,BRIHAN MUMBAI,MC,7,117,PRABHAG NO 117 ,,,PATIL DEEPALI DILIP,,,,,,,11633,Maharashtra Navnirman Sena,MNS,,2319,5,,6,23673,9.796,,,23673,,,,
Maharashtra,2017,21-02-2017, ,0,Mumbai Suburban,BRIHAN MUMBAI,MC,7,117,PRABHAG NO 117 ,,,PATIL DIPIKA SANTOSH,,,,,,,10809,Independent,IND,,354,6,,6,23673,1.495,,,23673,,,,
Maharashtra,2017,21-02-2017, ,0,Mumbai Suburban,BRIHAN MUMBAI,MC,7,117,PRABHAG NO 117 ,,,NOTA,,,,,,,u10003,,,,560,7,,6,23673,2.366,,,23673,,,,
Maharashtra,2017,21-02-2017, ,0,Mumbai Suburban,BRIHAN MUMBAI,MC,7,118,PRABHAG NO 118 ,,,SAWANT UPENDRA DATTARAM,,,,,,,18691,Shivsena,SHS,,9092,1,,15,28629,31.758,,,28629,,,,
Maharashtra,2017,21-02-2017, ,0,Mumbai Suburban,BRIHAN MUMBAI,MC,7,118,PRABHAG NO 118 ,,,dandekar jayant vasudev,,,,,,,11633,Maharashtra Navnirman Sena,MNS,,8852,2,,15,28629,30.92,,,28629,,,,
Maharashtra,2017,21-02-2017, ,0,Mumbai Suburban,BRIHAN MUMBAI,MC,7,118,PRABHAG NO 118 ,,,SANGLE MANGESH EKNATH,,,,,,,1605,Bhartiya Janata Party,BJP,,4379,3,,15,28629,15.296,,,28629,,,,
Maharashtra,2017,21-02-2017, ,0,Mumbai Suburban,BRIHAN MUMBAI,MC,7,118,PRABHAG NO 118 ,,,WAGHDHARE RAHUL DATTARAM,,,,,,,1605,Indian National Congress,BJP,,2974,4,,15,28629,10.388,,,28629,,,,
Maharashtra,2017,21-02-2017, ,0,Mumbai Suburban,BRIHAN MUMBAI,MC,7,118,PRABHAG NO 118 ,,,KOTHAWALE SURENDRA SAMBHAJI,,,,,,,10809,Independent,IND,,609,5,,15,28629,2.127,,,28629,,,,
Maharashtra,2017,21-02-2017, ,0,Mumbai Suburban,BRIHAN MUMBAI,MC,7,118,PRABHAG NO 118 ,,,BODAKE SACHIN MARUTI,,,,,,,5792,Nationalist Congress Party,NCP,,607,6,,15,28629,2.12,,,28629,,,,
Maharashtra,2017,21-02-2017, ,0,Mumbai Suburban,BRIHAN MUMBAI,MC,7,118,PRABHAG NO 118 ,,,WAGHMARE SURESH HANUMANT,,,,,,,1875,Bharip Bahujan Mahasangh,BBM,,459,7,,15,28629,1.603,,,28629,,,,
Maharashtra,2017,21-02-2017, ,0,Mumbai Suburban,BRIHAN MUMBAI,MC,7,118,PRABHAG NO 118 ,,,BHALERAO SURESH HARICHANDRA,,,,,,,12285,Republican Party of India (A),RPI(A),,450,8,,15,28629,1.572,,,28629,,,,
Maharashtra,2017,21-02-2017, ,0,Mumbai Suburban,BRIHAN MUMBAI,MC,7,118,PRABHAG NO 118 ,,,Chandanshive Siddharth Sandipan,,,,,,,1096,bahujan republican sociolist party,BARESP,,416,9,,15,28629,1.453,,,28629,,,,
Maharashtra,2017,21-02-2017, ,0,Mumbai Suburban,BRIHAN MUMBAI,MC,7,118,PRABHAG NO 118 ,,,JADHAV VIKEY BALASAHEB,,,,,,,10809,Independent,IND,,176,10,,15,28629,0.615,,,28629,,,,
Maharashtra,2017,21-02-2017, ,0,Mumbai Suburban,BRIHAN MUMBAI,MC,7,118,PRABHAG NO 118 ,,,Ahire Chetan Chandrakant,,,,,,,10809,Independent,IND,,81,11,,15,28629,0.283,,,28629,,,,
Maharashtra,2017,21-02-2017, ,0,Mumbai Suburban,BRIHAN MUMBAI,MC,7,118,PRABHAG NO 118 ,,,BHOSALE BHUPENDRA VIJAY,,,,,,,24549,Sambhaji Brigade,SBBGP,,78,12,,15,28629,0.272,,,28629,,,,
Maharashtra,2017,21-02-2017, ,0,Mumbai Suburban,BRIHAN MUMBAI,MC,7,118,PRABHAG NO 118 ,,,SUNCHU ANAND BALRAJ,,,,,,,8690,Akhil Bharatiya Sena,ABHS,,59,13,,15,28629,0.206,,,28629,,,,
Maharashtra,2017,21-02-2017, ,0,Mumbai Suburban,BRIHAN MUMBAI,MC,7,118,PRABHAG NO 118 ,,,GAIKWAD RAJESH JAIWANT,,,,,,,10809,Independent,IND,,57,14,,15,28629,0.199,,,28629,,,,
Maharashtra,2017,21-02-2017, ,0,Mumbai Suburban,BRIHAN MUMBAI,MC,7,118,PRABHAG NO 118 ,,,GANGAWANE PRASHANT DNYANESHWAR,,,,,,,10809,Independent,IND,,21,15,,15,28629,0.073,,,28629,,,,
Maharashtra,2017,21-02-2017, ,0,Mumbai Suburban,BRIHAN MUMBAI,MC,7,118,PRABHAG NO 118 ,,,NOTA,,,,,,,u10003,,,,319,16,,15,28629,1.114,,,28629,,,,
Maharashtra,2017,21-02-2017, ,0,Mumbai Suburban,BRIHAN MUMBAI,MC,7,119,PRABHAG NO 119 ,,,Rahate Manisha Harishchandra,,,,,,,5792,Nationalist Congress Party,NCP,,6979,1,,5,22991,30.355,,,22991,,,,
Maharashtra,2017,21-02-2017, ,0,Mumbai Suburban,BRIHAN MUMBAI,MC,7,119,PRABHAG NO 119 ,,,HANDE SUNITA RAJAN,,,,,,,18691,Shivsena,SHS,,6669,2,,5,22991,29.007,,,22991,,,,
Maharashtra,2017,21-02-2017, ,0,Mumbai Suburban,BRIHAN MUMBAI,MC,7,119,PRABHAG NO 119 ,,,BHASKAR SANGITA SATYAWAN,,,,,,,1605,Bhartiya Janata Party,BJP,,4039,3,,5,22991,17.568,,,22991,,,,
Maharashtra,2017,21-02-2017, ,0,Mumbai Suburban,BRIHAN MUMBAI,MC,7,119,PRABHAG NO 119 ,,,FULARI POOJA VISHWANATH,,,,,,,1605,Indian National Congress,BJP,,3656,4,,5,22991,15.902,,,22991,,,,
Maharashtra,2017,21-02-2017, ,0,Mumbai Suburban,BRIHAN MUMBAI,MC,7,119,PRABHAG NO 119 ,,,Sarang Jayashree Pandurang,,,,,,,11633,Maharashtra Navnirman Sena,MNS,,1181,5,,5,22991,5.137,,,22991,,,,
Maharashtra,2017,21-02-2017, ,0,Mumbai Suburban,BRIHAN MUMBAI,MC,7,119,PRABHAG NO 119 ,,,NOTA,,,,,,,u10003,,,,467,6,,5,22991,2.031,,,22991,,,,
Maharashtra,2017,21-02-2017, ,0,Mumbai Suburban,BRIHAN MUMBAI,MC,7,120,PRABHAG NO 120 ,,,Redkar Rajrajeshwari Anil,,,,,,,18691,Shivsena,SHS,,7770,1,,8,19853,39.138,,,19853,,,,
Maharashtra,2017,21-02-2017, ,0,Mumbai Suburban,BRIHAN MUMBAI,MC,7,120,PRABHAG NO 120 ,,,SHARMA CHARU CHANDAN,,,,,,,5792,Nationalist Congress Party,NCP,,3688,2,,8,19853,18.577,,,19853,,,,
Maharashtra,2017,21-02-2017, ,0,Mumbai Suburban,BRIHAN MUMBAI,MC,7,120,PRABHAG NO 120 ,,,Sarkar Soma Rajesh,,,,,,,12285,Republican Party of India (A),RPI(A),,3297,3,,8,19853,16.607,,,19853,,,,
Maharashtra,2017,21-02-2017, ,0,Mumbai Suburban,BRIHAN MUMBAI,MC,7,120,PRABHAG NO 120 ,,,MANE PRAGATI SHIVAJI,,,,,,,1605,Indian National Congress,BJP,,2020,4,,8,19853,10.175,,,19853,,,,
Maharashtra,2017,21-02-2017, ,0,Mumbai Suburban,BRIHAN MUMBAI,MC,7,120,PRABHAG NO 120 ,,,PATIL NEELAM ANANDA,,,,,,,11633,Maharashtra Navnirman Sena,MNS,,1649,5,,8,19853,8.306,,,19853,,,,
Maharashtra,2017,21-02-2017, ,0,Mumbai Suburban,BRIHAN MUMBAI,MC,7,120,PRABHAG NO 120 ,,,KASBE ASHWINI KAMLESH,,,,,,,1096,bahujan republican sociolist party,BARESP,,675,6,,8,19853,3.4,,,19853,,,,
Maharashtra,2017,21-02-2017, ,0,Mumbai Suburban,BRIHAN MUMBAI,MC,7,120,PRABHAG NO 120 ,,,Sarode Sujata Madhukar,,,,,,,1074,Bahujan Mukti Party,BMUP,,133,7,,8,19853,0.67,,,19853,,,,
Maharashtra,2017,21-02-2017, ,0,Mumbai Suburban,BRIHAN MUMBAI,MC,7,120,PRABHAG NO 120 ,,,Qureshi Faridabi ShakilAhmad,,,,,,,10809,Independent,IND,,74,8,,8,19853,0.373,,,19853,,,,
Maharashtra,2017,21-02-2017, ,0,Mumbai Suburban,BRIHAN MUMBAI,MC,7,120,PRABHAG NO 120 ,,,NOTA,,,,,,,u10003,,,,547,9,,8,19853,2.755,,,19853,,,,
Maharashtra,2017,21-02-2017, ,0,Mumbai Suburban,BRIHAN MUMBAI,MC,7,121,PRABHAG NO 121 ,,,More Chandravati Shivaji,,,,,,,18691,Shivsena,SHS,,4769,1,,13,13928,34.24,,,13928,,,,
Maharashtra,2017,21-02-2017, ,0,Mumbai Suburban,BRIHAN MUMBAI,MC,7,121,PRABHAG NO 121 ,,,Sakte Vaishali Sachin,,,,,,,11633,Maharashtra Navnirman Sena,MNS,,2274,2,,13,13928,16.327,,,13928,,,,
Maharashtra,2017,21-02-2017, ,0,Mumbai Suburban,BRIHAN MUMBAI,MC,7,121,PRABHAG NO 121 ,,,KHAN ANNUM SHERJADA,,,,,,,1605,Indian National Congress,BJP,,2010,3,,13,13928,14.431,,,13928,,,,
Maharashtra,2017,21-02-2017, ,0,Mumbai Suburban,BRIHAN MUMBAI,MC,7,121,PRABHAG NO 121 ,,,GAIKWAD PRADNYA SUKHDEV,,,,,,,1605,Bhartiya Janata Party,BJP,,1417,4,,13,13928,10.174,,,13928,,,,
Maharashtra,2017,21-02-2017, ,0,Mumbai Suburban,BRIHAN MUMBAI,MC,7,121,PRABHAG NO 121 ,,,BIRHADE SUSHAMA PRAKASH,,,,,,,16651,Bahujan Samaj Party,BSP,,1158,5,,13,13928,8.314,,,13928,,,,
Maharashtra,2017,21-02-2017, ,0,Mumbai Suburban,BRIHAN MUMBAI,MC,7,121,PRABHAG NO 121 ,,,DAWANDE VARSHA KARBHARI,,,,,,,706,All India Majlis e Ittehadul Muslimeen,AIMIM,,492,6,,13,13928,3.532,,,13928,,,,
Maharashtra,2017,21-02-2017, ,0,Mumbai Suburban,BRIHAN MUMBAI,MC,7,121,PRABHAG NO 121 ,,,BANSODE JAGDEVI RATANDEEP,,,,,,,12285,Republican Party of India (A),RPI(A),,334,7,,13,13928,2.398,,,13928,,,,
Maharashtra,2017,21-02-2017, ,0,Mumbai Suburban,BRIHAN MUMBAI,MC,7,121,PRABHAG NO 121 ,,,SONAWANE VANDANA SANTOSH,,,,,,,1875,Bharip Bahujan Mahasangh,BBM,,300,8,,13,13928,2.154,,,13928,,,,
Maharashtra,2017,21-02-2017, ,0,Mumbai Suburban,BRIHAN MUMBAI,MC,7,121,PRABHAG NO 121 ,,,JADHAV DEEPIKA VIJAY,,,,,,,24549,Sambhaji Brigade,SBBGP,,266,9,,13,13928,1.91,,,13928,,,,
Maharashtra,2017,21-02-2017, ,0,Mumbai Suburban,BRIHAN MUMBAI,MC,7,121,PRABHAG NO 121 ,,,Palwankar Hemlata Prashant,,,,,,,5792,Nationalist Congress Party,NCP,,212,10,,13,13928,1.522,,,13928,,,,
Maharashtra,2017,21-02-2017, ,0,Mumbai Suburban,BRIHAN MUMBAI,MC,7,121,PRABHAG NO 121 ,,,PAIKRAO INDU DAMODAR,,,,,,,10809,Independent,IND,,191,11,,13,13928,1.371,,,13928,,,,
Maharashtra,2017,21-02-2017, ,0,Mumbai Suburban,BRIHAN MUMBAI,MC,7,121,PRABHAG NO 121 ,,,BHAVIR PRATIMA RAJIV,,,,,,,1074,Bahujan Mukti Party,BMUP,,153,12,,13,13928,1.099,,,13928,,,,
Maharashtra,2017,21-02-2017, ,0,Mumbai Suburban,BRIHAN MUMBAI,MC,7,121,PRABHAG NO 121 ,,,SORTE JYOTSNA VIJAY,,,,,,,10809,Independent,IND,,27,13,,13,13928,0.194,,,13928,,,,
Maharashtra,2017,21-02-2017, ,0,Mumbai Suburban,BRIHAN MUMBAI,MC,7,121,PRABHAG NO 121 ,,,NOTA,,,,,,,u10003,,,,325,14,,13,13928,2.333,,,13928,,,,
Maharashtra,2017,21-02-2017, ,0,Mumbai Suburban,BRIHAN MUMBAI,MC,7,122,PRABHAG NO 122 ,,,Patil Vaishali Shrikant,,,,,,,1605,Bhartiya Janata Party,BJP,,4942,1,,8,16715,29.566,,,16715,,,,
Maharashtra,2017,21-02-2017, ,0,Mumbai Suburban,BRIHAN MUMBAI,MC,7,122,PRABHAG NO 122 ,,,Venkatgiri Jaya Hanumantha,,,,,,,5792,Nationalist Congress Party,NCP,,4220,2,,8,16715,25.247,,,16715,,,,
Maharashtra,2017,21-02-2017, ,0,Mumbai Suburban,BRIHAN MUMBAI,MC,7,122,PRABHAG NO 122 ,,,Mande Snehal Deepak,,,,,,,18691,Shivsena,SHS,,3749,3,,8,16715,22.429,,,16715,,,,
Maharashtra,2017,21-02-2017, ,0,Mumbai Suburban,BRIHAN MUMBAI,MC,7,122,PRABHAG NO 122 ,,,DARADE ANJALI VASANT,,,,,,,1605,Indian National Congress,BJP,,1552,4,,8,16715,9.285,,,16715,,,,
Maharashtra,2017,21-02-2017, ,0,Mumbai Suburban,BRIHAN MUMBAI,MC,7,122,PRABHAG NO 122 ,,,SHITRE MANISHA SANTOSH,,,,,,,14635,Communist Party Of India (Marxist),CPM,,655,5,,8,16715,3.919,,,16715,,,,
Maharashtra,2017,21-02-2017, ,0,Mumbai Suburban,BRIHAN MUMBAI,MC,7,122,PRABHAG NO 122 ,,,Chavan Surekha Suresh,,,,,,,10809,Independent,IND,,542,6,,8,16715,3.243,,,16715,,,,
Maharashtra,2017,21-02-2017, ,0,Mumbai Suburban,BRIHAN MUMBAI,MC,7,122,PRABHAG NO 122 ,,,RANKHABE PALLAVI VIPUL,,,,,,,1096,bahujan republican sociolist party,BARESP,,359,7,,8,16715,2.148,,,16715,,,,
Maharashtra,2017,21-02-2017, ,0,Mumbai Suburban,BRIHAN MUMBAI,MC,7,122,PRABHAG NO 122 ,,,Chawan Sujata Ashwin,,,,,,,11633,Maharashtra Navnirman Sena,MNS,,318,8,,8,16715,1.902,,,16715,,,,
Maharashtra,2017,21-02-2017, ,0,Mumbai Suburban,BRIHAN MUMBAI,MC,7,122,PRABHAG NO 122 ,,,NOTA,,,,,,,u10003,,,,378,9,,8,16715,2.261,,,16715,,,,
Maharashtra,2017,21-02-2017, ,0,Mumbai Suburban,BRIHAN MUMBAI,MC,7,123,PRABHAG NO 123 ,,,MORE SNEHAL SUNIL,,,,,,,10809,Independent,IND,,9322,1,,10,25956,35.915,,,25956,,,,
Maharashtra,2017,21-02-2017, ,0,Mumbai Suburban,BRIHAN MUMBAI,MC,7,123,PRABHAG NO 123 ,,,BAWDANE BHARATI SUBODH,,,,,,,18691,Shivsena,SHS,,8567,2,,10,25956,33.006,,,25956,,,,
Maharashtra,2017,21-02-2017, ,0,Mumbai Suburban,BRIHAN MUMBAI,MC,7,123,PRABHAG NO 123 ,,,PADWAL SANGITA VIJAY,,,,,,,1605,Bhartiya Janata Party,BJP,,4004,3,,10,25956,15.426,,,25956,,,,
Maharashtra,2017,21-02-2017, ,0,Mumbai Suburban,BRIHAN MUMBAI,MC,7,123,PRABHAG NO 123 ,,,JADHAV SUNITA PRAMOD,,,,,,,10809,Independent,IND,,2062,4,,10,25956,7.944,,,25956,,,,
Maharashtra,2017,21-02-2017, ,0,Mumbai Suburban,BRIHAN MUMBAI,MC,7,123,PRABHAG NO 123 ,,,Bondarde Snehalata Kailas,,,,,,,1605,Indian National Congress,BJP,,680,5,,10,25956,2.62,,,25956,,,,
Maharashtra,2017,21-02-2017, ,0,Mumbai Suburban,BRIHAN MUMBAI,MC,7,123,PRABHAG NO 123 ,,,mohite anita gangadhar,,,,,,,11633,Maharashtra Navnirman Sena,MNS,,517,6,,10,25956,1.992,,,25956,,,,
Maharashtra,2017,21-02-2017, ,0,Mumbai Suburban,BRIHAN MUMBAI,MC,7,123,PRABHAG NO 123 ,,,NAVELE PRIYANKA DEEPAK,,,,,,,16651,Bahujan Samaj Party,BSP,,192,7,,10,25956,0.74,,,25956,,,,
Maharashtra,2017,21-02-2017, ,0,Mumbai Suburban,BRIHAN MUMBAI,MC,7,123,PRABHAG NO 123 ,,,PATIL ARUNA ASHOK,,,,,,,10809,Independent,IND,,153,8,,10,25956,0.589,,,25956,,,,
Maharashtra,2017,21-02-2017, ,0,Mumbai Suburban,BRIHAN MUMBAI,MC,7,123,PRABHAG NO 123 ,,,CHAUGULE JAYASHREE VINOD,,,,,,,10809,Independent,IND,,100,9,,10,25956,0.385,,,25956,,,,
Maharashtra,2017,21-02-2017, ,0,Mumbai Suburban,BRIHAN MUMBAI,MC,7,123,PRABHAG NO 123 ,,,MOHITE ASHA RAMAKANT,,,,,,,10809,Independent,IND,,59,10,,10,25956,0.227,,,25956,,,,
Maharashtra,2017,21-02-2017, ,0,Mumbai Suburban,BRIHAN MUMBAI,MC,7,123,PRABHAG NO 123 ,,,NOTA,,,,,,,u10003,,,,300,11,,10,25956,1.156,,,25956,,,,
Maharashtra,2017,21-02-2017, ,0,Mumbai Suburban,BRIHAN MUMBAI,MC,7,124,PRABHAG NO 124 ,,,Khan Jyoti Harun,,,,,,,5792,Nationalist Congress Party,NCP,,6686,1,,12,20190,33.115,,,20190,,,,
Maharashtra,2017,21-02-2017, ,0,Mumbai Suburban,BRIHAN MUMBAI,MC,7,124,PRABHAG NO 124 ,,,kini Namita Jeevan,,,,,,,1605,Bhartiya Janata Party,BJP,,3906,2,,12,20190,19.346,,,20190,,,,
Maharashtra,2017,21-02-2017, ,0,Mumbai Suburban,BRIHAN MUMBAI,MC,7,124,PRABHAG NO 124 ,,,TALEKAR SHAMLI SHAILESH,,,,,,,18691,Shivsena,SHS,,3569,3,,12,20190,17.677,,,20190,,,,
Maharashtra,2017,21-02-2017, ,0,Mumbai Suburban,BRIHAN MUMBAI,MC,7,124,PRABHAG NO 124 ,,,TAMBE LALITA ROHIT,,,,,,,10809,Independent,IND,,2715,4,,12,20190,13.447,,,20190,,,,
Maharashtra,2017,21-02-2017, ,0,Mumbai Suburban,BRIHAN MUMBAI,MC,7,124,PRABHAG NO 124 ,,,Shaikh Shamira Mukhtar,,,,,,,706,All India Majlis e Ittehadul Muslimeen,AIMIM,,1017,5,,12,20190,5.037,,,20190,,,,
Maharashtra,2017,21-02-2017, ,0,Mumbai Suburban,BRIHAN MUMBAI,MC,7,124,PRABHAG NO 124 ,,,CHHEDA KALPANA PIYUSH,,,,,,,11633,Maharashtra Navnirman Sena,MNS,,848,6,,12,20190,4.2,,,20190,,,,
Maharashtra,2017,21-02-2017, ,0,Mumbai Suburban,BRIHAN MUMBAI,MC,7,124,PRABHAG NO 124 ,,,khot rashida khalil,,,,,,,1605,Indian National Congress,BJP,,846,7,,12,20190,4.19,,,20190,,,,
Maharashtra,2017,21-02-2017, ,0,Mumbai Suburban,BRIHAN MUMBAI,MC,7,124,PRABHAG NO 124 ,,,JADHAV SANJANA SANJAY,,,,,,,16651,Bahujan Samaj Party,BSP,,161,8,,12,20190,0.797,,,20190,,,,
Maharashtra,2017,21-02-2017, ,0,Mumbai Suburban,BRIHAN MUMBAI,MC,7,124,PRABHAG NO 124 ,,,Shaikh Farida Hayat,,,,,,,7425,Samajwadi Party,SP,,62,9,,12,20190,0.307,,,20190,,,,
Maharashtra,2017,21-02-2017, ,0,Mumbai Suburban,BRIHAN MUMBAI,MC,7,124,PRABHAG NO 124 ,,,RAUL SARITA SAMBHAJI,,,,,,,10809,Independent,IND,,61,10,,12,20190,0.302,,,20190,,,,
Maharashtra,2017,21-02-2017, ,0,Mumbai Suburban,BRIHAN MUMBAI,MC,7,124,PRABHAG NO 124 ,,,JADHAV SANJANA RAJENDRA,,,,,,,10809,Independent,IND,,57,11,,12,20190,0.282,,,20190,,,,
Maharashtra,2017,21-02-2017, ,0,Mumbai Suburban,BRIHAN MUMBAI,MC,7,124,PRABHAG NO 124 ,,,KAMBLE UJWALA RAMESH,,,,,,,10809,Independent,IND,,29,12,,12,20190,0.144,,,20190,,,,
Maharashtra,2017,21-02-2017, ,0,Mumbai Suburban,BRIHAN MUMBAI,MC,7,124,PRABHAG NO 124 ,,,NOTA,,,,,,,u10003,,,,233,13,,12,20190,1.154,,,20190,,,,
Maharashtra,2017,21-02-2017, ,0,Mumbai Suburban,BRIHAN MUMBAI,MC,7,125,PRABHAG NO 125 ,,,Awale Rupali Suresh,,,,,,,18691,Shivsena,SHS,,10652,1,,14,26069,40.861,,,26069,,,,
Maharashtra,2017,21-02-2017, ,0,Mumbai Suburban,BRIHAN MUMBAI,MC,7,125,PRABHAG NO 125 ,,,Pawar Sakshi Sachin,,,,,,,1605,Bhartiya Janata Party,BJP,,7608,2,,14,26069,29.184,,,26069,,,,
Maharashtra,2017,21-02-2017, ,0,Mumbai Suburban,BRIHAN MUMBAI,MC,7,125,PRABHAG NO 125 ,,,KAMBLE VAISHALI RAJENDRA,,,,,,,1605,Indian National Congress,BJP,,1745,3,,14,26069,6.694,,,26069,,,,
Maharashtra,2017,21-02-2017, ,0,Mumbai Suburban,BRIHAN MUMBAI,MC,7,125,PRABHAG NO 125 ,,,chavan chetna chandrakant,,,,,,,16651,Bahujan Samaj Party,BSP,,1522,4,,14,26069,5.838,,,26069,,,,
Maharashtra,2017,21-02-2017, ,0,Mumbai Suburban,BRIHAN MUMBAI,MC,7,125,PRABHAG NO 125 ,,,PAWAR SUCHITA SATISH,,,,,,,10809,Independent,IND,,1239,5,,14,26069,4.753,,,26069,,,,
Maharashtra,2017,21-02-2017, ,0,Mumbai Suburban,BRIHAN MUMBAI,MC,7,125,PRABHAG NO 125 ,,,Ghuge Surekha Uttam,,,,,,,11633,Maharashtra Navnirman Sena,MNS,,969,6,,14,26069,3.717,,,26069,,,,
Maharashtra,2017,21-02-2017, ,0,Mumbai Suburban,BRIHAN MUMBAI,MC,7,125,PRABHAG NO 125 ,,,More Vaishali Chandrakant,,,,,,,5792,Nationalist Congress Party,NCP,,746,7,,14,26069,2.862,,,26069,,,,
Maharashtra,2017,21-02-2017, ,0,Mumbai Suburban,BRIHAN MUMBAI,MC,7,125,PRABHAG NO 125 ,,,TELANG SANGEETA VITTHAL,,,,,,,1875,Bharip Bahujan Mahasangh,BBM,,437,8,,14,26069,1.676,,,26069,,,,
Maharashtra,2017,21-02-2017, ,0,Mumbai Suburban,BRIHAN MUMBAI,MC,7,125,PRABHAG NO 125 ,,,UBALE SHEELA NAMDEV,,,,,,,10809,Independent,IND,,250,9,,14,26069,0.959,,,26069,,,,
Maharashtra,2017,21-02-2017, ,0,Mumbai Suburban,BRIHAN MUMBAI,MC,7,125,PRABHAG NO 125 ,,,KARDAK SARIKA KISHOR,,,,,,,10979,Janata Dal Secular,JD(S),,127,10,,14,26069,0.487,,,26069,,,,
Maharashtra,2017,21-02-2017, ,0,Mumbai Suburban,BRIHAN MUMBAI,MC,7,125,PRABHAG NO 125 ,,,RAIGAONKAR JYOTI MILIND,,,,,,,7425,Samajwadi Party,SP,,108,11,,14,26069,0.414,,,26069,,,,
Maharashtra,2017,21-02-2017, ,0,Mumbai Suburban,BRIHAN MUMBAI,MC,7,125,PRABHAG NO 125 ,,,SATHE SMIITA MALHARI,,,,,,,10809,Independent,IND,,74,12,,14,26069,0.284,,,26069,,,,
Maharashtra,2017,21-02-2017, ,0,Mumbai Suburban,BRIHAN MUMBAI,MC,7,125,PRABHAG NO 125 ,,,THAKKAR DIMPLE DHARMESH,,,,,,,10809,Independent,IND,,67,13,,14,26069,0.257,,,26069,,,,
Maharashtra,2017,21-02-2017, ,0,Mumbai Suburban,BRIHAN MUMBAI,MC,7,125,PRABHAG NO 125 ,,,BANSODE KOMAL DHAMMADEEP,,,,,,,12285,Republican Party of India (A),RPI(A),,31,14,,14,26069,0.119,,,26069,,,,
Maharashtra,2017,21-02-2017, ,0,Mumbai Suburban,BRIHAN MUMBAI,MC,7,125,PRABHAG NO 125 ,,,NOTA,,,,,,,u10003,,,,494,15,,14,26069,1.895,,,26069,,,,
Maharashtra,2017,21-02-2017, ,0,Mumbai Suburban,BRIHAN MUMBAI,MC,7,126,PRABHAG NO 126 ,,,BHALERAO ARCHANA SANJAY,,,,,,,11633,Maharashtra Navnirman Sena,MNS,,12759,1,,3,24986,51.065,,,24986,,,,
Maharashtra,2017,21-02-2017, ,0,Mumbai Suburban,BRIHAN MUMBAI,MC,7,126,PRABHAG NO 126 ,,,Chankadan Shraddha Rajendra,,,,,,,1605,Bhartiya Janata Party,BJP,,6089,2,,3,24986,24.37,,,24986,,,,
Maharashtra,2017,21-02-2017, ,0,Mumbai Suburban,BRIHAN MUMBAI,MC,7,126,PRABHAG NO 126 ,,,SHITAP SWATI SUNIL,,,,,,,18691,Shivsena,SHS,,5623,3,,3,24986,22.505,,,24986,,,,
Maharashtra,2017,21-02-2017, ,0,Mumbai Suburban,BRIHAN MUMBAI,MC,7,126,PRABHAG NO 126 ,,,NOTA,,,,,,,u10003,,,,515,4,,3,24986,2.061,,,24986,,,,
Maharashtra,2017,21-02-2017, ,0,Mumbai Suburban,BRIHAN MUMBAI,MC,7,127,PRABHAG NO 127 ,,,PATIL TUKARAM KRISHNA,,,,,,,18691,Shivsena,SHS,,8596,1,,22,23004,37.367,,,23004,,,,
Maharashtra,2017,21-02-2017, ,0,Mumbai Suburban,BRIHAN MUMBAI,MC,7,127,PRABHAG NO 127 ,,,TAWDE RITU RAJESH,,,,,,,1605,Bhartiya Janata Party,BJP,,4572,2,,22,23004,19.875,,,23004,,,,
Maharashtra,2017,21-02-2017, ,0,Mumbai Suburban,BRIHAN MUMBAI,MC,7,127,PRABHAG NO 127 ,,,BHAGAT GANESH VASANT,,,,,,,11633,Maharashtra Navnirman Sena,MNS,,4458,3,,22,23004,19.379,,,23004,,,,
Maharashtra,2017,21-02-2017, ,0,Mumbai Suburban,BRIHAN MUMBAI,MC,7,127,PRABHAG NO 127 ,,,SHAH KETAN PRAFUL,,,,,,,1605,Indian National Congress,BJP,,1589,4,,22,23004,6.907,,,23004,,,,
Maharashtra,2017,21-02-2017, ,0,Mumbai Suburban,BRIHAN MUMBAI,MC,7,127,PRABHAG NO 127 ,,,SHEJWAL NAVNATH SHANKAR,,,,,,,10809,Independent,IND,,827,5,,22,23004,3.595,,,23004,,,,
Maharashtra,2017,21-02-2017, ,0,Mumbai Suburban,BRIHAN MUMBAI,MC,7,127,PRABHAG NO 127 ,,,JADHAV SANJAY MOTIRAM,,,,,,,1875,Bharip Bahujan Mahasangh,BBM,,559,6,,22,23004,2.43,,,23004,,,,
Maharashtra,2017,21-02-2017, ,0,Mumbai Suburban,BRIHAN MUMBAI,MC,7,127,PRABHAG NO 127 ,,,KEDARE JYOTI PRAMOD,,,,,,,16651,Bahujan Samaj Party,BSP,,541,7,,22,23004,2.352,,,23004,,,,
Maharashtra,2017,21-02-2017, ,0,Mumbai Suburban,BRIHAN MUMBAI,MC,7,127,PRABHAG NO 127 ,,,JADHAV CHANDRAMANI CHANDRAKANT,,,,,,,5792,Nationalist Congress Party,NCP,,425,8,,22,23004,1.848,,,23004,,,,
Maharashtra,2017,21-02-2017, ,0,Mumbai Suburban,BRIHAN MUMBAI,MC,7,127,PRABHAG NO 127 ,,,GORE VIJAY VITTHAL,,,,,,,10809,Independent,IND,,322,9,,22,23004,1.4,,,23004,,,,
Maharashtra,2017,21-02-2017, ,0,Mumbai Suburban,BRIHAN MUMBAI,MC,7,127,PRABHAG NO 127 ,,,LOKHANDE SATISH SAMPAT,,,,,,,10809,Independent,IND,,222,10,,22,23004,0.965,,,23004,,,,
Maharashtra,2017,21-02-2017, ,0,Mumbai Suburban,BRIHAN MUMBAI,MC,7,127,PRABHAG NO 127 ,,,SHELAR DINESH DILIP,,,,,,,10809,Independent,IND,,104,11,,22,23004,0.452,,,23004,,,,
Maharashtra,2017,21-02-2017, ,0,Mumbai Suburban,BRIHAN MUMBAI,MC,7,127,PRABHAG NO 127 ,,,Pawar Yogesh Raghunath,,,,,,,10809,Independent,IND,,96,12,,22,23004,0.417,,,23004,,,,
Maharashtra,2017,21-02-2017, ,0,Mumbai Suburban,BRIHAN MUMBAI,MC,7,127,PRABHAG NO 127 ,,,KAMBLE PRAKASH SHANKAR,,,,,,,10809,Independent,IND,,79,13,,22,23004,0.343,,,23004,,,,
Maharashtra,2017,21-02-2017, ,0,Mumbai Suburban,BRIHAN MUMBAI,MC,7,127,PRABHAG NO 127 ,,,Patade Sachin Harishchandra,,,,,,,10809,Independent,IND,,69,14,,22,23004,0.3,,,23004,,,,
Maharashtra,2017,21-02-2017, ,0,Mumbai Suburban,BRIHAN MUMBAI,MC,7,127,PRABHAG NO 127 ,,,SAWANT SANJAY VASUDEO,,,,,,,10809,Independent,IND,,64,15,,22,23004,0.278,,,23004,,,,
Maharashtra,2017,21-02-2017, ,0,Mumbai Suburban,BRIHAN MUMBAI,MC,7,127,PRABHAG NO 127 ,,,BHOSALE SURESH MAHADEV,,,,,,,10809,Independent,IND,,45,16,,22,23004,0.196,,,23004,,,,
Maharashtra,2017,21-02-2017, ,0,Mumbai Suburban,BRIHAN MUMBAI,MC,7,127,PRABHAG NO 127 ,,,Salunke Santosh Vitthal,,,,,,,10809,Independent,IND,,42,17,,22,23004,0.183,,,23004,,,,
Maharashtra,2017,21-02-2017, ,0,Mumbai Suburban,BRIHAN MUMBAI,MC,7,127,PRABHAG NO 127 ,,,PARKHE RAJESH MADHUKAR,,,,,,,14880,Republican Party of India (Khobragade),RPK,,40,18,,22,23004,0.174,,,23004,,,,
Maharashtra,2017,21-02-2017, ,0,Mumbai Suburban,BRIHAN MUMBAI,MC,7,127,PRABHAG NO 127 ,,,Ahire Sudarshan Kisan,,,,,,,10809,Independent,IND,,35,19,,22,23004,0.152,,,23004,,,,
Maharashtra,2017,21-02-2017, ,0,Mumbai Suburban,BRIHAN MUMBAI,MC,7,127,PRABHAG NO 127 ,,,SURVE SHRIKANT YASHWANT,,,,,,,10809,Independent,IND,,30,20,,22,23004,0.13,,,23004,,,,
Maharashtra,2017,21-02-2017, ,0,Mumbai Suburban,BRIHAN MUMBAI,MC,7,127,PRABHAG NO 127 ,,,KANK DATTARAM NARAYAN,,,,,,,8690,Akhil Bharatiya Sena,ABHS,,27,21,,22,23004,0.117,,,23004,,,,
Maharashtra,2017,21-02-2017, ,0,Mumbai Suburban,BRIHAN MUMBAI,MC,7,127,PRABHAG NO 127 ,,,Kagade Jairam Haridas,,,,,,,24549,Sambhaji Brigade,SBBGP,,10,22,,22,23004,0.043,,,23004,,,,
Maharashtra,2017,21-02-2017, ,0,Mumbai Suburban,BRIHAN MUMBAI,MC,7,127,PRABHAG NO 127 ,,,NOTA,,,,,,,u10003,,,,252,23,,22,23004,1.095,,,23004,,,,
Maharashtra,2017,21-02-2017, ,0,Mumbai Suburban,BRIHAN MUMBAI,MC,7,128,PRABHAG NO 128 ,,,HANDE ASHWINI DEEPAK,,,,,,,18691,Shivsena,SHS,,12980,1,,10,25197,51.514,,,25197,,,,
Maharashtra,2017,21-02-2017, ,0,Mumbai Suburban,BRIHAN MUMBAI,MC,7,128,PRABHAG NO 128 ,,,SHIRKE SHUBHANGI DASHRATH,,,,,,,10809,Independent,IND,,4910,2,,10,25197,19.486,,,25197,,,,
Maharashtra,2017,21-02-2017, ,0,Mumbai Suburban,BRIHAN MUMBAI,MC,7,128,PRABHAG NO 128 ,,,Vichare Prachi Pravin,,,,,,,1605,Bhartiya Janata Party,BJP,,4898,3,,10,25197,19.439,,,25197,,,,
Maharashtra,2017,21-02-2017, ,0,Mumbai Suburban,BRIHAN MUMBAI,MC,7,128,PRABHAG NO 128 ,,,gavhane nanda manik,,,,,,,11633,Maharashtra Navnirman Sena,MNS,,607,4,,10,25197,2.409,,,25197,,,,
Maharashtra,2017,21-02-2017, ,0,Mumbai Suburban,BRIHAN MUMBAI,MC,7,128,PRABHAG NO 128 ,,,VARPE SANGEETA VIJAY,,,,,,,1605,Indian National Congress,BJP,,579,5,,10,25197,2.298,,,25197,,,,
Maharashtra,2017,21-02-2017, ,0,Mumbai Suburban,BRIHAN MUMBAI,MC,7,128,PRABHAG NO 128 ,,,KANASE ASHA ASHOK,,,,,,,5792,Nationalist Congress Party,NCP,,287,6,,10,25197,1.139,,,25197,,,,
Maharashtra,2017,21-02-2017, ,0,Mumbai Suburban,BRIHAN MUMBAI,MC,7,128,PRABHAG NO 128 ,,,gaikwad nanda maruti,,,,,,,1875,Bharip Bahujan Mahasangh,BBM,,276,7,,10,25197,1.095,,,25197,,,,
Maharashtra,2017,21-02-2017, ,0,Mumbai Suburban,BRIHAN MUMBAI,MC,7,128,PRABHAG NO 128 ,,,TALEKAR PUSHPALATA ATMARAM,,,,,,,24549,Sambhaji Brigade,SBBGP,,148,8,,10,25197,0.587,,,25197,,,,
Maharashtra,2017,21-02-2017, ,0,Mumbai Suburban,BRIHAN MUMBAI,MC,7,128,PRABHAG NO 128 ,,,Chilawant Kavita Dasharath,,,,,,,10809,Independent,IND,,122,9,,10,25197,0.484,,,25197,,,,
Maharashtra,2017,21-02-2017, ,0,Mumbai Suburban,BRIHAN MUMBAI,MC,7,128,PRABHAG NO 128 ,,,CHAUHAN KAMINI PRADEEP,,,,,,,10809,Independent,IND,,42,10,,10,25197,0.167,,,25197,,,,
Maharashtra,2017,21-02-2017, ,0,Mumbai Suburban,BRIHAN MUMBAI,MC,7,128,PRABHAG NO 128 ,,,NOTA,,,,,,,u10003,,,,348,11,,10,25197,1.381,,,25197,,,,
Maharashtra,2017,21-02-2017, ,0,Mumbai Suburban,BRIHAN MUMBAI,MC,7,129,PRABHAG NO 129 ,,,Gawali Suryakant Jayhari,,,,,,,1605,Bhartiya Janata Party,BJP,,6927,1,,7,22200,31.203,,,22200,,,,
Maharashtra,2017,21-02-2017, ,0,Mumbai Suburban,BRIHAN MUMBAI,MC,7,129,PRABHAG NO 129 ,,,MANDAVKAR PRADIP BABAN,,,,,,,18691,Shivsena,SHS,,6712,2,,7,22200,30.234,,,22200,,,,
Maharashtra,2017,21-02-2017, ,0,Mumbai Suburban,BRIHAN MUMBAI,MC,7,129,PRABHAG NO 129 ,,,Khan Roshan Harun,,,,,,,5792,Nationalist Congress Party,NCP,,4962,3,,7,22200,22.351,,,22200,,,,
Maharashtra,2017,21-02-2017, ,0,Mumbai Suburban,BRIHAN MUMBAI,MC,7,129,PRABHAG NO 129 ,,,Waghmare Archana Pradyumna,,,,,,,1605,Indian National Congress,BJP,,1946,4,,7,22200,8.766,,,22200,,,,
Maharashtra,2017,21-02-2017, ,0,Mumbai Suburban,BRIHAN MUMBAI,MC,7,129,PRABHAG NO 129 ,,,Pathan Saleem Maqbool,,,,,,,706,All India Majlis e Ittehadul Muslimeen,AIMIM,,670,5,,7,22200,3.018,,,22200,,,,
Maharashtra,2017,21-02-2017, ,0,Mumbai Suburban,BRIHAN MUMBAI,MC,7,129,PRABHAG NO 129 ,,,MORE RAJESH RAMCHANDRA,,,,,,,10809,Independent,IND,,591,6,,7,22200,2.662,,,22200,,,,
Maharashtra,2017,21-02-2017, ,0,Mumbai Suburban,BRIHAN MUMBAI,MC,7,129,PRABHAG NO 129 ,,,WAGHMARE JAYWANT MARUTI,,,,,,,8690,Akhil Bharatiya Sena,ABHS,,63,7,,7,22200,0.284,,,22200,,,,
Maharashtra,2017,21-02-2017, ,0,Mumbai Suburban,BRIHAN MUMBAI,MC,7,129,PRABHAG NO 129 ,,,NOTA,,,,,,,u10003,,,,329,8,,7,22200,1.482,,,22200,,,,
Maharashtra,2017,21-02-2017, ,0,Mumbai Suburban,BRIHAN MUMBAI,MC,7,130,PRABHAG NO 130 ,,,TRIVEDI BINDU CHETAN,,,,,,,1605,Bhartiya Janata Party,BJP,,11055,1,,9,24050,45.967,,,24050,,,,
Maharashtra,2017,21-02-2017, ,0,Mumbai Suburban,BRIHAN MUMBAI,MC,7,130,PRABHAG NO 130 ,,,WALUNJ KAVITA MAHESH,,,,,,,18691,Shivsena,SHS,,5910,2,,9,24050,24.574,,,24050,,,,
Maharashtra,2017,21-02-2017, ,0,Mumbai Suburban,BRIHAN MUMBAI,MC,7,130,PRABHAG NO 130 ,,,Kadam Supriya Pravin,,,,,,,1605,Indian National Congress,BJP,,2397,3,,9,24050,9.967,,,24050,,,,
Maharashtra,2017,21-02-2017, ,0,Mumbai Suburban,BRIHAN MUMBAI,MC,7,130,PRABHAG NO 130 ,,,SHAIKH NAFISA AYUB,,,,,,,11633,Maharashtra Navnirman Sena,MNS,,2394,4,,9,24050,9.954,,,24050,,,,
Maharashtra,2017,21-02-2017, ,0,Mumbai Suburban,BRIHAN MUMBAI,MC,7,130,PRABHAG NO 130 ,,,GUPTA POONAM SACHIN,,,,,,,5792,Nationalist Congress Party,NCP,,935,5,,9,24050,3.888,,,24050,,,,
Maharashtra,2017,21-02-2017, ,0,Mumbai Suburban,BRIHAN MUMBAI,MC,7,130,PRABHAG NO 130 ,,,farnandis Lusi David,,,,,,,10809,Independent,IND,,401,6,,9,24050,1.667,,,24050,,,,
Maharashtra,2017,21-02-2017, ,0,Mumbai Suburban,BRIHAN MUMBAI,MC,7,130,PRABHAG NO 130 ,,,DSOUZA JULIE DENIS,,,,,,,10809,Independent,IND,,296,7,,9,24050,1.231,,,24050,,,,
Maharashtra,2017,21-02-2017, ,0,Mumbai Suburban,BRIHAN MUMBAI,MC,7,130,PRABHAG NO 130 ,,,Khedekar Pratibha Swarup,,,,,,,10809,Independent,IND,,91,8,,9,24050,0.378,,,24050,,,,
Maharashtra,2017,21-02-2017, ,0,Mumbai Suburban,BRIHAN MUMBAI,MC,7,130,PRABHAG NO 130 ,,,THAKKER PRITI NARANJI,,,,,,,10809,Independent,IND,,42,9,,9,24050,0.175,,,24050,,,,
Maharashtra,2017,21-02-2017, ,0,Mumbai Suburban,BRIHAN MUMBAI,MC,7,130,PRABHAG NO 130 ,,,NOTA,,,,,,,u10003,,,,529,10,,9,24050,2.2,,,24050,,,,
Maharashtra,2017,21-02-2017, ,0,Mumbai Suburban,BRIHAN MUMBAI,MC,7,131,PRABHAG NO 131 ,,,Jadhav Rakhee Harishchandra,,,,,,,5792,Nationalist Congress Party,NCP,,12123,1,,13,31413,38.592,,,31413,,,,
Maharashtra,2017,21-02-2017, ,0,Mumbai Suburban,BRIHAN MUMBAI,MC,7,131,PRABHAG NO 131 ,,,SHIRSAT BHALCHANDRA MOTIRAM,,,,,,,1605,Bhartiya Janata Party,BJP,,11375,2,,13,31413,36.211,,,31413,,,,
Maharashtra,2017,21-02-2017, ,0,Mumbai Suburban,BRIHAN MUMBAI,MC,7,131,PRABHAG NO 131 ,,,Mange Mangal Lakhamshi,,,,,,,18691,Shivsena,SHS,,4701,3,,13,31413,14.965,,,31413,,,,
Maharashtra,2017,21-02-2017, ,0,Mumbai Suburban,BRIHAN MUMBAI,MC,7,131,PRABHAG NO 131 ,,,MARATHE SURESH GANAPAT,,,,,,,1605,Indian National Congress,BJP,,1038,4,,13,31413,3.304,,,31413,,,,
Maharashtra,2017,21-02-2017, ,0,Mumbai Suburban,BRIHAN MUMBAI,MC,7,131,PRABHAG NO 131 ,,,RANE SANDEEP ANKUSH,,,,,,,11633,Maharashtra Navnirman Sena,MNS,,899,5,,13,31413,2.862,,,31413,,,,
Maharashtra,2017,21-02-2017, ,0,Mumbai Suburban,BRIHAN MUMBAI,MC,7,131,PRABHAG NO 131 ,,,SHIRAL KAVERI DNYANESHWAR,,,,,,,16651,Bahujan Samaj Party,BSP,,143,6,,13,31413,0.455,,,31413,,,,
Maharashtra,2017,21-02-2017, ,0,Mumbai Suburban,BRIHAN MUMBAI,MC,7,131,PRABHAG NO 131 ,,,JOSHI MONTU DEEPAK,,,,,,,10809,Independent,IND,,129,7,,13,31413,0.411,,,31413,,,,
Maharashtra,2017,21-02-2017, ,0,Mumbai Suburban,BRIHAN MUMBAI,MC,7,131,PRABHAG NO 131 ,,,RANGANI RAMESH LALJI,,,,,,,10809,Independent,IND,,112,8,,13,31413,0.357,,,31413,,,,
Maharashtra,2017,21-02-2017, ,0,Mumbai Suburban,BRIHAN MUMBAI,MC,7,131,PRABHAG NO 131 ,,,KEDARE PRAVIN CHANDRAKANT,,,,,,,1875,Bharip Bahujan Mahasangh,BBM,,112,9,,13,31413,0.357,,,31413,,,,
Maharashtra,2017,21-02-2017, ,0,Mumbai Suburban,BRIHAN MUMBAI,MC,7,131,PRABHAG NO 131 ,,,ACHAREKAR VINAY VIDHYADHAR,,,,,,,12285,Republican Party of India (A),RPI(A),,104,10,,13,31413,0.331,,,31413,,,,
Maharashtra,2017,21-02-2017, ,0,Mumbai Suburban,BRIHAN MUMBAI,MC,7,131,PRABHAG NO 131 ,,,Nirbhavane Anand Uttam,,,,,,,24948,Bhartiya Manavatawadi Party,BRMNP,,78,11,,13,31413,0.248,,,31413,,,,
Maharashtra,2017,21-02-2017, ,0,Mumbai Suburban,BRIHAN MUMBAI,MC,7,131,PRABHAG NO 131 ,,,MHASKAR BALKRISHNA SHRIDHAR,,,,,,,10809,Independent,IND,,48,12,,13,31413,0.153,,,31413,,,,
Maharashtra,2017,21-02-2017, ,0,Mumbai Suburban,BRIHAN MUMBAI,MC,7,131,PRABHAG NO 131 ,,,Singh Rajesh Roopnarayan,,,,,,,10809,Independent,IND,,35,13,,13,31413,0.111,,,31413,,,,
Maharashtra,2017,21-02-2017, ,0,Mumbai Suburban,BRIHAN MUMBAI,MC,7,131,PRABHAG NO 131 ,,,NOTA,,,,,,,u10003,,,,516,14,,13,31413,1.643,,,31413,,,,
Maharashtra,2017,21-02-2017, ,0,Mumbai Suburban,BRIHAN MUMBAI,MC,7,132,PRABHAG NO 132 ,,,SHAH PARAG KISHOR,,,,,,,1605,Bhartiya Janata Party,BJP,,14519,1,,7,28426,51.076,,,28426,,,,
Maharashtra,2017,21-02-2017, ,0,Mumbai Suburban,BRIHAN MUMBAI,MC,7,132,PRABHAG NO 132 ,,,CHHEDA PRAVIN VELJI,,,,,,,1605,Indian National Congress,BJP,,11794,2,,7,28426,41.49,,,28426,,,,
Maharashtra,2017,21-02-2017, ,0,Mumbai Suburban,BRIHAN MUMBAI,MC,7,132,PRABHAG NO 132 ,,,PATIL SUDHAKAR LAXMAN,,,,,,,18691,Shivsena,SHS,,1203,3,,7,28426,4.232,,,28426,,,,
Maharashtra,2017,21-02-2017, ,0,Mumbai Suburban,BRIHAN MUMBAI,MC,7,132,PRABHAG NO 132 ,,,CHANDELIYA BOBBY RAMANAND,,,,,,,11633,Maharashtra Navnirman Sena,MNS,,240,4,,7,28426,0.844,,,28426,,,,
Maharashtra,2017,21-02-2017, ,0,Mumbai Suburban,BRIHAN MUMBAI,MC,7,132,PRABHAG NO 132 ,,,JOSHI ASHWIN MITHUBHAI,,,,,,,16651,Bahujan Samaj Party,BSP,,149,5,,7,28426,0.524,,,28426,,,,
Maharashtra,2017,21-02-2017, ,0,Mumbai Suburban,BRIHAN MUMBAI,MC,7,132,PRABHAG NO 132 ,,,SONAWALE SANJAY SHAMRAO,,,,,,,1074,Bahujan Mukti Party,BMUP,,110,6,,7,28426,0.387,,,28426,,,,
Maharashtra,2017,21-02-2017, ,0,Mumbai Suburban,BRIHAN MUMBAI,MC,7,132,PRABHAG NO 132 ,,,NAICKER RAJU SHRINIWASAN,,,,,,,10809,Independent,IND,,63,7,,7,28426,0.222,,,28426,,,,
Maharashtra,2017,21-02-2017, ,0,Mumbai Suburban,BRIHAN MUMBAI,MC,7,132,PRABHAG NO 132 ,,,NOTA,,,,,,,u10003,,,,348,8,,7,28426,1.224,,,28426,,,,
Maharashtra,2017,21-02-2017, ,0,Mumbai Suburban,BRIHAN MUMBAI,MC,7,133,PRABHAG NO 133 ,,,Kadam Parmeshwar Tukaram,,,,,,,11633,Maharashtra Navnirman Sena,MNS,,5037,1,,23,25648,19.639,,,25648,,,,
Maharashtra,2017,21-02-2017, ,0,Mumbai Suburban,BRIHAN MUMBAI,MC,7,133,PRABHAG NO 133 ,,,DEVENDRA RATNAM PRIYASWAMI,,,,,,,1605,Bhartiya Janata Party,BJP,,3791,2,,23,25648,14.781,,,25648,,,,
Maharashtra,2017,21-02-2017, ,0,Mumbai Suburban,BRIHAN MUMBAI,MC,7,133,PRABHAG NO 133 ,,,pawar vikas damodar,,,,,,,16651,Bahujan Samaj Party,BSP,,3526,3,,23,25648,13.748,,,25648,,,,
Maharashtra,2017,21-02-2017, ,0,Mumbai Suburban,BRIHAN MUMBAI,MC,7,133,PRABHAG NO 133 ,,,Pingle Santosh Bhagoji,,,,,,,10809,Independent,IND,,3000,4,,23,25648,11.697,,,25648,,,,
Maharashtra,2017,21-02-2017, ,0,Mumbai Suburban,BRIHAN MUMBAI,MC,7,133,PRABHAG NO 133 ,,,GAIKWAD SACHIN MARUTI,,,,,,,18691,Shivsena,SHS,,2977,5,,23,25648,11.607,,,25648,,,,
Maharashtra,2017,21-02-2017, ,0,Mumbai Suburban,BRIHAN MUMBAI,MC,7,133,PRABHAG NO 133 ,,,UBALE NAMDEV DAMU,,,,,,,10809,Independent,IND,,1236,6,,23,25648,4.819,,,25648,,,,
Maharashtra,2017,21-02-2017, ,0,Mumbai Suburban,BRIHAN MUMBAI,MC,7,133,PRABHAG NO 133 ,,,SHINDE ANIL MARUTI,,,,,,,10809,Independent,IND,,1097,7,,23,25648,4.277,,,25648,,,,
Maharashtra,2017,21-02-2017, ,0,Mumbai Suburban,BRIHAN MUMBAI,MC,7,133,PRABHAG NO 133 ,,,GAIKWAD MILIND BHAGWAN,,,,,,,1875,Bharip Bahujan Mahasangh,BBM,,942,8,,23,25648,3.673,,,25648,,,,
Maharashtra,2017,21-02-2017, ,0,Mumbai Suburban,BRIHAN MUMBAI,MC,7,133,PRABHAG NO 133 ,,,SHARMA BRIJMOHAN BALRAM,,,,,,,1605,Indian National Congress,BJP,,920,9,,23,25648,3.587,,,25648,,,,
Maharashtra,2017,21-02-2017, ,0,Mumbai Suburban,BRIHAN MUMBAI,MC,7,133,PRABHAG NO 133 ,,,SHAIKH ABDULAZIZ ATIKJABBAR,,,,,,,7425,Samajwadi Party,SP,,863,10,,23,25648,3.365,,,25648,,,,
Maharashtra,2017,21-02-2017, ,0,Mumbai Suburban,BRIHAN MUMBAI,MC,7,133,PRABHAG NO 133 ,,,DHUMALE MANOJ SHIVAJI,,,,,,,5792,Nationalist Congress Party,NCP,,497,11,,23,25648,1.938,,,25648,,,,
Maharashtra,2017,21-02-2017, ,0,Mumbai Suburban,BRIHAN MUMBAI,MC,7,133,PRABHAG NO 133 ,,,Jadhav Nitin Raghunath,,,,,,,24948,Bhartiya Manavatawadi Party,BRMNP,,295,12,,23,25648,1.15,,,25648,,,,
Maharashtra,2017,21-02-2017, ,0,Mumbai Suburban,BRIHAN MUMBAI,MC,7,133,PRABHAG NO 133 ,,,KHARAT RAJU SUDAM,,,,,,,10809,Independent,IND,,192,13,,23,25648,0.749,,,25648,,,,
Maharashtra,2017,21-02-2017, ,0,Mumbai Suburban,BRIHAN MUMBAI,MC,7,133,PRABHAG NO 133 ,,,NETAVATE RAVINDRA BABURAO,,,,,,,12285,Republican Party of India (A),RPI(A),,144,14,,23,25648,0.561,,,25648,,,,
Maharashtra,2017,21-02-2017, ,0,Mumbai Suburban,BRIHAN MUMBAI,MC,7,133,PRABHAG NO 133 ,,,SALVE VINOD DAGADU,,,,,,,10809,Independent,IND,,120,15,,23,25648,0.468,,,25648,,,,
Maharashtra,2017,21-02-2017, ,0,Mumbai Suburban,BRIHAN MUMBAI,MC,7,133,PRABHAG NO 133 ,,,SONAWANE VINOD ROHIDAS,,,,,,,10809,Independent,IND,,118,16,,23,25648,0.46,,,25648,,,,
Maharashtra,2017,21-02-2017, ,0,Mumbai Suburban,BRIHAN MUMBAI,MC,7,133,PRABHAG NO 133 ,,,PANDHARE AVINASH LAXMAN,,,,,,,10809,Independent,IND,,96,17,,23,25648,0.374,,,25648,,,,
Maharashtra,2017,21-02-2017, ,0,Mumbai Suburban,BRIHAN MUMBAI,MC,7,133,PRABHAG NO 133 ,,,KAMBLE SUDHIR LAXMAN,,,,,,,5029,Lok Janshakti Party,LJP,,89,18,,23,25648,0.347,,,25648,,,,
Maharashtra,2017,21-02-2017, ,0,Mumbai Suburban,BRIHAN MUMBAI,MC,7,133,PRABHAG NO 133 ,,,SINGH SUSHILKUMAR SANTBAHADUR,,,,,,,10809,Independent,IND,,74,19,,23,25648,0.289,,,25648,,,,
Maharashtra,2017,21-02-2017, ,0,Mumbai Suburban,BRIHAN MUMBAI,MC,7,133,PRABHAG NO 133 ,,,Shete Sandeep Manohar,,,,,,,10809,Independent,IND,,68,20,,23,25648,0.265,,,25648,,,,
Maharashtra,2017,21-02-2017, ,0,Mumbai Suburban,BRIHAN MUMBAI,MC,7,133,PRABHAG NO 133 ,,,SAYYED NADEEM NOOR,,,,,,,8690,Akhil Bharatiya Sena,ABHS,,47,21,,23,25648,0.183,,,25648,,,,
Maharashtra,2017,21-02-2017, ,0,Mumbai Suburban,BRIHAN MUMBAI,MC,7,133,PRABHAG NO 133 ,,,AMRUTKAR UMESH SAHEBRAO,,,,,,,10809,Independent,IND,,44,22,,23,25648,0.172,,,25648,,,,
Maharashtra,2017,21-02-2017, ,0,Mumbai Suburban,BRIHAN MUMBAI,MC,7,133,PRABHAG NO 133 ,,,Sharma Dilip Bholanath,,,,,,,24558,united congress party,UnCP,,40,23,,23,25648,0.156,,,25648,,,,
Maharashtra,2017,21-02-2017, ,0,Mumbai Suburban,BRIHAN MUMBAI,MC,7,133,PRABHAG NO 133 ,,,NOTA,,,,,,,u10003,,,,435,24,,23,25648,1.696,,,25648,,,,
Maharashtra,2017,21-02-2017, ,0,Mumbai Suburban,BRIHAN MUMBAI,MC,7,134,PRABHAG NO 134 ,,,KHAN SHAERA SHAFAHAD,,,,,,,7425,Samajwadi Party,SP,,6671,1,,16,14542,45.874,,,14542,,,,
Maharashtra,2017,21-02-2017, ,0,Mumbai Suburban,BRIHAN MUMBAI,MC,7,134,PRABHAG NO 134 ,,,KHAN SAGIRUNNISA AKHTARALAM,,,,,,,706,All India Majlis e Ittehadul Muslimeen,AIMIM,,2663,2,,16,14542,18.312,,,14542,,,,
Maharashtra,2017,21-02-2017, ,0,Mumbai Suburban,BRIHAN MUMBAI,MC,7,134,PRABHAG NO 134 ,,,INAMDAR NOORJAHAN ABDULMAJID,,,,,,,1605,Indian National Congress,BJP,,1915,3,,16,14542,13.169,,,14542,,,,
Maharashtra,2017,21-02-2017, ,0,Mumbai Suburban,BRIHAN MUMBAI,MC,7,134,PRABHAG NO 134 ,,,MOHITE VARSHA SANTOSH,,,,,,,18691,Shivsena,SHS,,1088,4,,16,14542,7.482,,,14542,,,,
Maharashtra,2017,21-02-2017, ,0,Mumbai Suburban,BRIHAN MUMBAI,MC,7,134,PRABHAG NO 134 ,,,ANSARI TESINA SIRAJUDDIN,,,,,,,5792,Nationalist Congress Party,NCP,,829,5,,16,14542,5.701,,,14542,,,,
Maharashtra,2017,21-02-2017, ,0,Mumbai Suburban,BRIHAN MUMBAI,MC,7,134,PRABHAG NO 134 ,,,MORE REKHA NARENDRA,,,,,,,1605,Bhartiya Janata Party,BJP,,412,6,,16,14542,2.833,,,14542,,,,
Maharashtra,2017,21-02-2017, ,0,Mumbai Suburban,BRIHAN MUMBAI,MC,7,134,PRABHAG NO 134 ,,,SIDDIKI FATIMABEE SHERALI,,,,,,,16651,Bahujan Samaj Party,BSP,,380,7,,16,14542,2.613,,,14542,,,,
Maharashtra,2017,21-02-2017, ,0,Mumbai Suburban,BRIHAN MUMBAI,MC,7,134,PRABHAG NO 134 ,,,KHAN AKHTARUNNISA ISRAR,,,,,,,10809,Independent,IND,,93,8,,16,14542,0.64,,,14542,,,,
Maharashtra,2017,21-02-2017, ,0,Mumbai Suburban,BRIHAN MUMBAI,MC,7,134,PRABHAG NO 134 ,,,KHAN SALEHA SAKIR,,,,,,,10809,Independent,IND,,83,9,,16,14542,0.571,,,14542,,,,
Maharashtra,2017,21-02-2017, ,0,Mumbai Suburban,BRIHAN MUMBAI,MC,7,134,PRABHAG NO 134 ,,,Choudhary Noor Saba Feroz Ahmed,,,,,,,1605,Bhartiya Janata Party,BJP,,77,10,,16,14542,0.53,,,14542,,,,
Maharashtra,2017,21-02-2017, ,0,Mumbai Suburban,BRIHAN MUMBAI,MC,7,134,PRABHAG NO 134 ,,,KHAN KHUSALAIN PAPPU,,,,,,,10809,Independent,IND,,72,11,,16,14542,0.495,,,14542,,,,
Maharashtra,2017,21-02-2017, ,0,Mumbai Suburban,BRIHAN MUMBAI,MC,7,134,PRABHAG NO 134 ,,,SHAIKH NASIMBANO ISAKALI,,,,,,,1605,Bhartiya Janata Party,BJP,,59,12,,16,14542,0.406,,,14542,,,,
Maharashtra,2017,21-02-2017, ,0,Mumbai Suburban,BRIHAN MUMBAI,MC,7,134,PRABHAG NO 134 ,,,Gaikwad Kalpana Kishor,,,,,,,706,All India Majlis e Ittehadul Muslimeen,AIMIM,,52,13,,16,14542,0.358,,,14542,,,,
Maharashtra,2017,21-02-2017, ,0,Mumbai Suburban,BRIHAN MUMBAI,MC,7,134,PRABHAG NO 134 ,,,KHAN REHANABANOO AFZAL,,,,,,,10809,Independent,IND,,49,14,,16,14542,0.337,,,14542,,,,
Maharashtra,2017,21-02-2017, ,0,Mumbai Suburban,BRIHAN MUMBAI,MC,7,134,PRABHAG NO 134 ,,,tripathi kavita shivprasad,,,,,,,3952,Indian Union Muslim League,IUML,,33,15,,16,14542,0.227,,,14542,,,,
Maharashtra,2017,21-02-2017, ,0,Mumbai Suburban,BRIHAN MUMBAI,MC,7,134,PRABHAG NO 134 ,,,SHAIKH FARIDABI NOORMOHAMMED,,,,,,,u10008,Bhartiya Shetkari Kamgar Paksh,,,19,16,,16,14542,0.131,,,14542,,,,
Maharashtra,2017,21-02-2017, ,0,Mumbai Suburban,BRIHAN MUMBAI,MC,7,134,PRABHAG NO 134 ,,,NOTA,,,,,,,u10003,,,,47,17,,16,14542,0.323,,,14542,,,,
Maharashtra,2017,21-02-2017, ,0,Mumbai Suburban,BRIHAN MUMBAI,MC,7,135,PRABHAG NO 135 ,,,Sakre Samiksha Deepak,,,,,,,18691,Shivsena,SHS,,2804,1,,16,15763,17.788,,,15763,,,,
Maharashtra,2017,21-02-2017, ,0,Mumbai Suburban,BRIHAN MUMBAI,MC,7,135,PRABHAG NO 135 ,,,Verma Kailashi Ramkumar,,,,,,,10809,Independent,IND,,2103,2,,16,15763,13.341,,,15763,,,,
Maharashtra,2017,21-02-2017, ,0,Mumbai Suburban,BRIHAN MUMBAI,MC,7,135,PRABHAG NO 135 ,,,BARGE RIa YOGESH,,,,,,,1605,Bhartiya Janata Party,BJP,,1941,3,,16,15763,12.314,,,15763,,,,
Maharashtra,2017,21-02-2017, ,0,Mumbai Suburban,BRIHAN MUMBAI,MC,7,135,PRABHAG NO 135 ,,,SUBRATI KHATIJABI BASHIRAHMED,,,,,,,706,All India Majlis e Ittehadul Muslimeen,AIMIM,,1701,4,,16,15763,10.791,,,15763,,,,
Maharashtra,2017,21-02-2017, ,0,Mumbai Suburban,BRIHAN MUMBAI,MC,7,135,PRABHAG NO 135 ,,,CHOUDHARY SHAHEEN FAZLURREHMAN,,,,,,,7425,Samajwadi Party,SP,,1362,5,,16,15763,8.64,,,15763,,,,
Maharashtra,2017,21-02-2017, ,0,Mumbai Suburban,BRIHAN MUMBAI,MC,7,135,PRABHAG NO 135 ,,,Pawar Ashwini Kisan,,,,,,,12285,Republican Party of India (A),RPI(A),,1315,6,,16,15763,8.342,,,15763,,,,
Maharashtra,2017,21-02-2017, ,0,Mumbai Suburban,BRIHAN MUMBAI,MC,7,135,PRABHAG NO 135 ,,,Petkar Surayya Shabbir,,,,,,,10809,Independent,IND,,1033,7,,16,15763,6.553,,,15763,,,,
Maharashtra,2017,21-02-2017, ,0,Mumbai Suburban,BRIHAN MUMBAI,MC,7,135,PRABHAG NO 135 ,,,SINGH NIRMALADEVI VASANT,,,,,,,1605,Indian National Congress,BJP,,933,8,,16,15763,5.919,,,15763,,,,
Maharashtra,2017,21-02-2017, ,0,Mumbai Suburban,BRIHAN MUMBAI,MC,7,135,PRABHAG NO 135 ,,,JAISWAL PALLAVI SAROJ,,,,,,,16651,Bahujan Samaj Party,BSP,,850,9,,16,15763,5.392,,,15763,,,,
Maharashtra,2017,21-02-2017, ,0,Mumbai Suburban,BRIHAN MUMBAI,MC,7,135,PRABHAG NO 135 ,,,Kashid Rama Babasaheb,,,,,,,1605,Bhartiya Janata Party,BJP,,386,10,,16,15763,2.449,,,15763,,,,
Maharashtra,2017,21-02-2017, ,0,Mumbai Suburban,BRIHAN MUMBAI,MC,7,135,PRABHAG NO 135 ,,,Khirawale Shobha Vasant,,,,,,,11633,Maharashtra Navnirman Sena,MNS,,339,11,,16,15763,2.151,,,15763,,,,
Maharashtra,2017,21-02-2017, ,0,Mumbai Suburban,BRIHAN MUMBAI,MC,7,135,PRABHAG NO 135 ,,,THORAT SUNANDA VIJAY,,,,,,,u10008,Bhartiya Shetkari Kamgar Paksh,,,317,12,,16,15763,2.011,,,15763,,,,
Maharashtra,2017,21-02-2017, ,0,Mumbai Suburban,BRIHAN MUMBAI,MC,7,135,PRABHAG NO 135 ,,,Patil Rupali Nilesh,,,,,,,10809,Independent,IND,,234,13,,16,15763,1.484,,,15763,,,,
Maharashtra,2017,21-02-2017, ,0,Mumbai Suburban,BRIHAN MUMBAI,MC,7,135,PRABHAG NO 135 ,,,GAIKWAD ASHVINI SATISH,,,,,,,9677,Bahujan Vikas Aghadi,BVA,,160,14,,16,15763,1.015,,,15763,,,,
Maharashtra,2017,21-02-2017, ,0,Mumbai Suburban,BRIHAN MUMBAI,MC,7,135,PRABHAG NO 135 ,,,nil ZARINABEGUM SHAULHAMEED,,,,,,,5792,Nationalist Congress Party,NCP,,155,15,,16,15763,0.983,,,15763,,,,
Maharashtra,2017,21-02-2017, ,0,Mumbai Suburban,BRIHAN MUMBAI,MC,7,135,PRABHAG NO 135 ,,,Baske Meena Narendra,,,,,,,10809,Independent,IND,,57,16,,16,15763,0.362,,,15763,,,,
Maharashtra,2017,21-02-2017, ,0,Mumbai Suburban,BRIHAN MUMBAI,MC,7,135,PRABHAG NO 135 ,,,NOTA,,,,,,,u10003,,,,73,17,,16,15763,0.463,,,15763,,,,
Maharashtra,2017,21-02-2017, ,0,Mumbai Suburban,BRIHAN MUMBAI,MC,7,136,PRABHAG NO 136 ,,,SIDDIQUI RUKHSANA NAZIM,,,,,,,7425,Samajwadi Party,SP,,6364,1,,8,15943,39.917,,,15943,,,,
Maharashtra,2017,21-02-2017, ,0,Mumbai Suburban,BRIHAN MUMBAI,MC,7,136,PRABHAG NO 136 ,,,KHAN ASMINBANO BILALAHMED,,,,,,,1605,Indian National Congress,BJP,,2665,2,,8,15943,16.716,,,15943,,,,
Maharashtra,2017,21-02-2017, ,0,Mumbai Suburban,BRIHAN MUMBAI,MC,7,136,PRABHAG NO 136 ,,,KHAN NURIKHATUN SAEED,,,,,,,706,All India Majlis e Ittehadul Muslimeen,AIMIM,,2370,3,,8,15943,14.865,,,15943,,,,
Maharashtra,2017,21-02-2017, ,0,Mumbai Suburban,BRIHAN MUMBAI,MC,7,136,PRABHAG NO 136 ,,,ANSARI QUAMRUNNISA MOHAMMAD NAZIR,,,,,,,5792,Nationalist Congress Party,NCP,,1703,4,,8,15943,10.682,,,15943,,,,
Maharashtra,2017,21-02-2017, ,0,Mumbai Suburban,BRIHAN MUMBAI,MC,7,136,PRABHAG NO 136 ,,,SHAIKH SHABNAM IRSHADILAHI,,,,,,,18691,Shivsena,SHS,,1374,5,,8,15943,8.618,,,15943,,,,
Maharashtra,2017,21-02-2017, ,0,Mumbai Suburban,BRIHAN MUMBAI,MC,7,136,PRABHAG NO 136 ,,,KAMBLE ANITA ANIL,,,,,,,1605,Bhartiya Janata Party,BJP,,1139,6,,8,15943,7.144,,,15943,,,,
Maharashtra,2017,21-02-2017, ,0,Mumbai Suburban,BRIHAN MUMBAI,MC,7,136,PRABHAG NO 136 ,,,USTURE SUNANDA SIDDHARTH,,,,,,,11633,Maharashtra Navnirman Sena,MNS,,152,7,,8,15943,0.953,,,15943,,,,
Maharashtra,2017,21-02-2017, ,0,Mumbai Suburban,BRIHAN MUMBAI,MC,7,136,PRABHAG NO 136 ,,,ANSARI SHABNAM SIRAJUDDIN,,,,,,,10809,Independent,IND,,94,8,,8,15943,0.59,,,15943,,,,
Maharashtra,2017,21-02-2017, ,0,Mumbai Suburban,BRIHAN MUMBAI,MC,7,136,PRABHAG NO 136 ,,,NOTA,,,,,,,u10003,,,,82,9,,8,15943,0.514,,,15943,,,,
Maharashtra,2017,21-02-2017, ,0,Mumbai Suburban,BRIHAN MUMBAI,MC,7,137,PRABHAG NO 137 ,,,Shaikh Ayesha Rafique,,,,,,,7425,Samajwadi Party,SP,,8343,1,,5,16728,49.874,,,16728,,,,
Maharashtra,2017,21-02-2017, ,0,Mumbai Suburban,BRIHAN MUMBAI,MC,7,137,PRABHAG NO 137 ,,,AMBEKAR SANDHYA MAHADEO,,,,,,,18691,Shivsena,SHS,,5695,2,,5,16728,34.045,,,16728,,,,
Maharashtra,2017,21-02-2017, ,0,Mumbai Suburban,BRIHAN MUMBAI,MC,7,137,PRABHAG NO 137 ,,,MURSAL BISMILLA ZAKIR,,,,,,,1605,Indian National Congress,BJP,,1125,3,,5,16728,6.725,,,16728,,,,
Maharashtra,2017,21-02-2017, ,0,Mumbai Suburban,BRIHAN MUMBAI,MC,7,137,PRABHAG NO 137 ,,,SARGAR JAYMALA KAILASH,,,,,,,1605,Bhartiya Janata Party,BJP,,684,4,,5,16728,4.089,,,16728,,,,
Maharashtra,2017,21-02-2017, ,0,Mumbai Suburban,BRIHAN MUMBAI,MC,7,137,PRABHAG NO 137 ,,,MOMIN FARIDA SHOUKAT,,,,,,,5792,Nationalist Congress Party,NCP,,645,5,,5,16728,3.856,,,16728,,,,
Maharashtra,2017,21-02-2017, ,0,Mumbai Suburban,BRIHAN MUMBAI,MC,7,137,PRABHAG NO 137 ,,,NOTA,,,,,,,u10003,,,,236,6,,5,16728,1.411,,,16728,,,,
Maharashtra,2017,21-02-2017, ,0,Mumbai Suburban,BRIHAN MUMBAI,MC,7,138,PRABHAG NO 138 ,,,KHAN AYESHABANO AINMOHAMMED,,,,,,,7425,Samajwadi Party,SP,,6110,1,,11,18123,33.714,,,18123,,,,
Maharashtra,2017,21-02-2017, ,0,Mumbai Suburban,BRIHAN MUMBAI,MC,7,138,PRABHAG NO 138 ,,,SHAIKH REHANA MOHDIQBAL,,,,,,,10809,Independent,IND,,4467,2,,11,18123,24.648,,,18123,,,,
Maharashtra,2017,21-02-2017, ,0,Mumbai Suburban,BRIHAN MUMBAI,MC,7,138,PRABHAG NO 138 ,,,SHINDE SUNANDA ANAND,,,,,,,18691,Shivsena,SHS,,3378,3,,11,18123,18.639,,,18123,,,,
Maharashtra,2017,21-02-2017, ,0,Mumbai Suburban,BRIHAN MUMBAI,MC,7,138,PRABHAG NO 138 ,,,KHAN PARVEEN NASEEMAHMED,,,,,,,5792,Nationalist Congress Party,NCP,,1395,4,,11,18123,7.697,,,18123,,,,
Maharashtra,2017,21-02-2017, ,0,Mumbai Suburban,BRIHAN MUMBAI,MC,7,138,PRABHAG NO 138 ,,,KHAN SHABNAM MATINAHMED,,,,,,,1605,Indian National Congress,BJP,,1245,5,,11,18123,6.87,,,18123,,,,
Maharashtra,2017,21-02-2017, ,0,Mumbai Suburban,BRIHAN MUMBAI,MC,7,138,PRABHAG NO 138 ,,,Khan Shamim bano Mohammed Tarique,,,,,,,1605,Bhartiya Janata Party,BJP,,681,6,,11,18123,3.758,,,18123,,,,
Maharashtra,2017,21-02-2017, ,0,Mumbai Suburban,BRIHAN MUMBAI,MC,7,138,PRABHAG NO 138 ,,,ANSARI SHABANABANO SUBHAN,,,,,,,706,All India Majlis e Ittehadul Muslimeen,AIMIM,,488,7,,11,18123,2.693,,,18123,,,,
Maharashtra,2017,21-02-2017, ,0,Mumbai Suburban,BRIHAN MUMBAI,MC,7,138,PRABHAG NO 138 ,,,SHAIKH NAUREENFATIMA MOHAMMADRAZA,,,,,,,u10008,Bhartiya Shetkari Kamgar Paksh,,,109,8,,11,18123,0.601,,,18123,,,,
Maharashtra,2017,21-02-2017, ,0,Mumbai Suburban,BRIHAN MUMBAI,MC,7,138,PRABHAG NO 138 ,,,ANSARI SHIRIN SAMIULLAH,,,,,,,3952,Indian Union Muslim League,IUML,,74,9,,11,18123,0.408,,,18123,,,,
Maharashtra,2017,21-02-2017, ,0,Mumbai Suburban,BRIHAN MUMBAI,MC,7,138,PRABHAG NO 138 ,,,KHAN ZAINABBEE ABRAR,,,,,,,7425,Samajwadi Party,SP,,32,10,,11,18123,0.177,,,18123,,,,
Maharashtra,2017,21-02-2017, ,0,Mumbai Suburban,BRIHAN MUMBAI,MC,7,138,PRABHAG NO 138 ,,,KHAN RAZIYASULTANA IMRAN,,,,,,,10809,Independent,IND,,12,11,,11,18123,0.066,,,18123,,,,
Maharashtra,2017,21-02-2017, ,0,Mumbai Suburban,BRIHAN MUMBAI,MC,7,138,PRABHAG NO 138 ,,,NOTA,,,,,,,u10003,,,,132,12,,11,18123,0.728,,,18123,,,,
Maharashtra,2017,21-02-2017, ,0,Mumbai Suburban,BRIHAN MUMBAI,MC,7,139,PRABHAG NO 139 ,,,QURESHI AKHTER ABDULRAJJAK,,,,,,,7425,Samajwadi Party,SP,,4782,1,,22,20427,23.41,,,20427,,,,
Maharashtra,2017,21-02-2017, ,0,Mumbai Suburban,BRIHAN MUMBAI,MC,7,139,PRABHAG NO 139 ,,,Kamble Arun Vishwanath,,,,,,,1875,Bharip Bahujan Mahasangh,BBM,,3913,2,,22,20427,19.156,,,20427,,,,
Maharashtra,2017,21-02-2017, ,0,Mumbai Suburban,BRIHAN MUMBAI,MC,7,139,PRABHAG NO 139 ,,,PATIL SURESH KRISHNARAO,,,,,,,18691,Shivsena,SHS,,3733,3,,22,20427,18.275,,,20427,,,,
Maharashtra,2017,21-02-2017, ,0,Mumbai Suburban,BRIHAN MUMBAI,MC,7,139,PRABHAG NO 139 ,,,Shaikh Shareef ibrahim,,,,,,,706,All India Majlis e Ittehadul Muslimeen,AIMIM,,2077,4,,22,20427,10.168,,,20427,,,,
Maharashtra,2017,21-02-2017, ,0,Mumbai Suburban,BRIHAN MUMBAI,MC,7,139,PRABHAG NO 139 ,,,NAIDU VELUSWAMY SUBHEEYA,,,,,,,1605,Indian National Congress,BJP,,1542,5,,22,20427,7.549,,,20427,,,,
Maharashtra,2017,21-02-2017, ,0,Mumbai Suburban,BRIHAN MUMBAI,MC,7,139,PRABHAG NO 139 ,,,WAGHMARE RAJENDRA WAMAN,,,,,,,5792,Nationalist Congress Party,NCP,,686,6,,22,20427,3.358,,,20427,,,,
Maharashtra,2017,21-02-2017, ,0,Mumbai Suburban,BRIHAN MUMBAI,MC,7,139,PRABHAG NO 139 ,,,VAIDYA SATISH VISHWAMBHAR,,,,,,,11633,Maharashtra Navnirman Sena,MNS,,609,7,,22,20427,2.981,,,20427,,,,
Maharashtra,2017,21-02-2017, ,0,Mumbai Suburban,BRIHAN MUMBAI,MC,7,139,PRABHAG NO 139 ,,,KAMBLE RAMESH SURESH,,,,,,,16651,Bahujan Samaj Party,BSP,,534,8,,22,20427,2.614,,,20427,,,,
Maharashtra,2017,21-02-2017, ,0,Mumbai Suburban,BRIHAN MUMBAI,MC,7,139,PRABHAG NO 139 ,,,NYAYNIRGUNE CHANDRAKANT DADU,,,,,,,12285,Republican Party of India (A),RPI(A),,441,9,,22,20427,2.159,,,20427,,,,
Maharashtra,2017,21-02-2017, ,0,Mumbai Suburban,BRIHAN MUMBAI,MC,7,139,PRABHAG NO 139 ,,,Bankar Prakash Supadu,,,,,,,10809,Independent,IND,,372,10,,22,20427,1.821,,,20427,,,,
Maharashtra,2017,21-02-2017, ,0,Mumbai Suburban,BRIHAN MUMBAI,MC,7,139,PRABHAG NO 139 ,,,SHAIKH MOHAMMEDIRFAN KARIMAHMED,,,,,,,10809,Independent,IND,,292,11,,22,20427,1.429,,,20427,,,,
Maharashtra,2017,21-02-2017, ,0,Mumbai Suburban,BRIHAN MUMBAI,MC,7,139,PRABHAG NO 139 ,,,SALVE MEENA BHAUSAHEB,,,,,,,10809,Independent,IND,,285,12,,22,20427,1.395,,,20427,,,,
Maharashtra,2017,21-02-2017, ,0,Mumbai Suburban,BRIHAN MUMBAI,MC,7,139,PRABHAG NO 139 ,,,Nirbhavane Ratan Piraji,,,,,,,1096,bahujan republican sociolist party,BARESP,,249,13,,22,20427,1.219,,,20427,,,,
Maharashtra,2017,21-02-2017, ,0,Mumbai Suburban,BRIHAN MUMBAI,MC,7,139,PRABHAG NO 139 ,,,Dabhade Pravin Ambadas,,,,,,,10809,Independent,IND,,177,14,,22,20427,0.867,,,20427,,,,
Maharashtra,2017,21-02-2017, ,0,Mumbai Suburban,BRIHAN MUMBAI,MC,7,139,PRABHAG NO 139 ,,,MIRZA ERPHANGULAM ASGAR,,,,,,,u10008,Bhartiya Shetkari Kamgar Paksh,,,171,15,,22,20427,0.837,,,20427,,,,
Maharashtra,2017,21-02-2017, ,0,Mumbai Suburban,BRIHAN MUMBAI,MC,7,139,PRABHAG NO 139 ,,,KAMBLE GANGARAM DULBA,,,,,,,10809,Independent,IND,,107,16,,22,20427,0.524,,,20427,,,,
Maharashtra,2017,21-02-2017, ,0,Mumbai Suburban,BRIHAN MUMBAI,MC,7,139,PRABHAG NO 139 ,,,AWARE PRAVIN JANARDHAN,,,,,,,10809,Independent,IND,,64,17,,22,20427,0.313,,,20427,,,,
Maharashtra,2017,21-02-2017, ,0,Mumbai Suburban,BRIHAN MUMBAI,MC,7,139,PRABHAG NO 139 ,,,RIZVI MUKHTARHUSSAIN HAKIM,,,,,,,1605,Indian National Congress,BJP,,50,18,,22,20427,0.245,,,20427,,,,
Maharashtra,2017,21-02-2017, ,0,Mumbai Suburban,BRIHAN MUMBAI,MC,7,139,PRABHAG NO 139 ,,,Nirmale Ananda Vitthal,,,,,,,6935,Republican Paksha Khoripa,RP(K),,48,19,,22,20427,0.235,,,20427,,,,
Maharashtra,2017,21-02-2017, ,0,Mumbai Suburban,BRIHAN MUMBAI,MC,7,139,PRABHAG NO 139 ,,,SHAIKH SHAKEELAHMED FAKIRMOHAMMED,,,,,,,10809,Independent,IND,,36,20,,22,20427,0.176,,,20427,,,,
Maharashtra,2017,21-02-2017, ,0,Mumbai Suburban,BRIHAN MUMBAI,MC,7,139,PRABHAG NO 139 ,,,UBHARE NIRAJ NATHURAM,,,,,,,6792,Rashtriya Samaj Paksha,RSPS,,21,21,,22,20427,0.103,,,20427,,,,
Maharashtra,2017,21-02-2017, ,0,Mumbai Suburban,BRIHAN MUMBAI,MC,7,139,PRABHAG NO 139 ,,,SAYYED MOHAMMADALI MUMTAJALI,,,,,,,3952,Indian Union Muslim League,IUML,,8,22,,22,20427,0.039,,,20427,,,,
Maharashtra,2017,21-02-2017, ,0,Mumbai Suburban,BRIHAN MUMBAI,MC,7,139,PRABHAG NO 139 ,,,NOTA,,,,,,,u10003,,,,230,23,,22,20427,1.126,,,20427,,,,
Maharashtra,2017,21-02-2017, ,0,Mumbai Suburban,BRIHAN MUMBAI,MC,7,140,PRABHAG NO 140 ,,,Shaikh Nadiya Mohsin,,,,,,,5792,Nationalist Congress Party,NCP,,4673,1,,8,21681,21.553,,,21681,,,,
Maharashtra,2017,21-02-2017, ,0,Mumbai Suburban,BRIHAN MUMBAI,MC,7,140,PRABHAG NO 140 ,,,Dhaygude Surekha Shankar,,,,,,,1875,Bharip Bahujan Mahasangh,BBM,,3848,2,,8,21681,17.748,,,21681,,,,
Maharashtra,2017,21-02-2017, ,0,Mumbai Suburban,BRIHAN MUMBAI,MC,7,140,PRABHAG NO 140 ,,,SHAIKH AYESHA ANIS,,,,,,,7425,Samajwadi Party,SP,,3277,3,,8,21681,15.115,,,21681,,,,
Maharashtra,2017,21-02-2017, ,0,Mumbai Suburban,BRIHAN MUMBAI,MC,7,140,PRABHAG NO 140 ,,,NARAVADE RANJANA SHAHAJI,,,,,,,18691,Shivsena,SHS,,3269,4,,8,21681,15.078,,,21681,,,,
Maharashtra,2017,21-02-2017, ,0,Mumbai Suburban,BRIHAN MUMBAI,MC,7,140,PRABHAG NO 140 ,,,PATIL VAISHALI SHASHIKANT,,,,,,,1605,Indian National Congress,BJP,,3223,5,,8,21681,14.866,,,21681,,,,
Maharashtra,2017,21-02-2017, ,0,Mumbai Suburban,BRIHAN MUMBAI,MC,7,140,PRABHAG NO 140 ,,,PATIL MADHAVI ASHOK,,,,,,,6792,Rashtriya Samaj Paksha,RSPS,,1472,6,,8,21681,6.789,,,21681,,,,
Maharashtra,2017,21-02-2017, ,0,Mumbai Suburban,BRIHAN MUMBAI,MC,7,140,PRABHAG NO 140 ,,,KHARE BHARATI SANJAY,,,,,,,11633,Maharashtra Navnirman Sena,MNS,,1055,7,,8,21681,4.866,,,21681,,,,
Maharashtra,2017,21-02-2017, ,0,Mumbai Suburban,BRIHAN MUMBAI,MC,7,140,PRABHAG NO 140 ,,,NEVREKAR RESHMA RAMESH,,,,,,,u10008,Bhartiya Shetkari Kamgar Paksh,,,459,8,,8,21681,2.117,,,21681,,,,
Maharashtra,2017,21-02-2017, ,0,Mumbai Suburban,BRIHAN MUMBAI,MC,7,140,PRABHAG NO 140 ,,,NOTA,,,,,,,u10003,,,,405,9,,8,21681,1.868,,,21681,,,,
Maharashtra,2017,21-02-2017, ,0,Mumbai Suburban,BRIHAN MUMBAI,MC,7,141,PRABHAG NO 141 ,,,Lokare Vitthal Govind,,,,,,,1605,Indian National Congress,BJP,,3642,1,,22,17706,20.569,,,17706,,,,
Maharashtra,2020,09-01-2020,A,1,Mumbai Suburban,BRIHAN MUMBAI,MC,7,141,Ward no. 141 ,,,LOKARE VITHAL GOVIND,,,,,,,18691,Shivsena,SHS,,4427,1,,18,13476,32.851,,,13476,,,,
Maharashtra,2017,21-02-2017, ,0,Mumbai Suburban,BRIHAN MUMBAI,MC,7,141,PRABHAG NO 141 ,,,Panchal Dinesh Harishchandra,,,,,,,1605,Bhartiya Janata Party,BJP,,2658,2,,22,17706,15.012,,,17706,,,,
Maharashtra,2020,09-01-2020,A,1,Mumbai Suburban,BRIHAN MUMBAI,MC,7,141,Ward no. 141 ,,,PANCHAL DINESH HARISHCHANDRA,,,,,,,1605,Bhartiya Janata Party,BJP,,3042,2,,18,13476,22.573,,,13476,,,,
Maharashtra,2017,21-02-2017, ,0,Mumbai Suburban,BRIHAN MUMBAI,MC,7,141,PRABHAG NO 141 ,,,Durrani Nadim MohdRafi,,,,,,,7425,Samajwadi Party,SP,,2337,3,,22,17706,13.199,,,17706,,,,
Maharashtra,2020,09-01-2020,A,1,Mumbai Suburban,BRIHAN MUMBAI,MC,7,141,Ward no. 141 ,,,KHAN TUFAIL BARKATULLAH,,,,,,,10809,Independent,IND,,1787,3,,18,13476,13.261,,,13476,,,,
Maharashtra,2017,21-02-2017, ,0,Mumbai Suburban,BRIHAN MUMBAI,MC,7,141,PRABHAG NO 141 ,,,Raorane Vijay Suresh,,,,,,,11633,Maharashtra Navnirman Sena,MNS,,2249,4,,22,17706,12.702,,,17706,,,,
Maharashtra,2020,09-01-2020,A,1,Mumbai Suburban,BRIHAN MUMBAI,MC,7,141,Ward no. 141 ,,,KHAN JAMIR BHOLE,,,,,,,7425,Samajwadi Party,SP,,1486,4,,18,13476,11.027,,,13476,,,,
Maharashtra,2017,21-02-2017, ,0,Mumbai Suburban,BRIHAN MUMBAI,MC,7,141,PRABHAG NO 141 ,,,Khan Sajid Abdul Hakim,,,,,,,5792,Nationalist Congress Party,NCP,,2135,5,,22,17706,12.058,,,17706,,,,
Maharashtra,2020,09-01-2020,A,1,Mumbai Suburban,BRIHAN MUMBAI,MC,7,141,Ward no. 141 ,,,KAZI ALTAF MOHAMMED,,,,,,,1605,Indian National Congress,BJP,,708,5,,18,13476,5.254,,,13476,,,,
Maharashtra,2017,21-02-2017, ,0,Mumbai Suburban,BRIHAN MUMBAI,MC,7,141,PRABHAG NO 141 ,,,SALVI HEMANT RAMCHANDRA,,,,,,,18691,Shivsena,SHS,,1998,6,,22,17706,11.284,,,17706,,,,
Maharashtra,2020,09-01-2020,A,1,Mumbai Suburban,BRIHAN MUMBAI,MC,7,141,Ward no. 141 ,,,Kamble Sambodhi Ramchandra,,,,,,,7174,republican Sena,rpsn,,618,6,,18,13476,4.586,,,13476,,,,
Maharashtra,2017,21-02-2017, ,0,Mumbai Suburban,BRIHAN MUMBAI,MC,7,141,PRABHAG NO 141 ,,,Kamble Shatabdi Siddharth,,,,,,,1875,Bharip Bahujan Mahasangh,BBM,,1114,7,,22,17706,6.292,,,17706,,,,
Maharashtra,2020,09-01-2020,A,1,Mumbai Suburban,BRIHAN MUMBAI,MC,7,141,Ward no. 141 ,,,KHAN SADDAMHUSSAIN IMAMUDDIN,,,,,,,706,All India Majlis e Ittehadul Muslimeen,AIMIM,,508,7,,18,13476,3.77,,,13476,,,,
Maharashtra,2017,21-02-2017, ,0,Mumbai Suburban,BRIHAN MUMBAI,MC,7,141,PRABHAG NO 141 ,,,sayyed abdulkadeer usmangani,,,,,,,706,All India Majlis e Ittehadul Muslimeen,AIMIM,,388,8,,22,17706,2.191,,,17706,,,,
Maharashtra,2020,09-01-2020,A,1,Mumbai Suburban,BRIHAN MUMBAI,MC,7,141,Ward no. 141 ,,,MORE KISHOR KISAN,,,,,,,10809,Independent,IND,,383,8,,18,13476,2.842,,,13476,,,,
Maharashtra,2017,21-02-2017, ,0,Mumbai Suburban,BRIHAN MUMBAI,MC,7,141,PRABHAG NO 141 ,,,GAIKWAD JAYASHREE PRAKASH,,,,,,,16651,Bahujan Samaj Party,BSP,,308,9,,22,17706,1.74,,,17706,,,,
Maharashtra,2020,09-01-2020,A,1,Mumbai Suburban,BRIHAN MUMBAI,MC,7,141,Ward no. 141 ,,,SATHE ANIL GULAB,,,,,,,10809,Independent,IND,,144,9,,18,13476,1.069,,,13476,,,,
Maharashtra,2017,21-02-2017, ,0,Mumbai Suburban,BRIHAN MUMBAI,MC,7,141,PRABHAG NO 141 ,,,KSHIRSAGAR AMOL BHIMRAO,,,,,,,10809,Independent,IND,,107,10,,22,17706,0.604,,,17706,,,,
Maharashtra,2020,09-01-2020,A,1,Mumbai Suburban,BRIHAN MUMBAI,MC,7,141,Ward no. 141 ,,,KSHIRSAGAR AMOL BHIMRAO,,,,,,,12285,Republican Party of India (A),RPI(A),,106,10,,18,13476,0.787,,,13476,,,,
Maharashtra,2017,21-02-2017, ,0,Mumbai Suburban,BRIHAN MUMBAI,MC,7,141,PRABHAG NO 141 ,,,Suryawanshi Atmaram Ramkishan,,,,,,,10809,Independent,IND,,95,11,,22,17706,0.537,,,17706,,,,
Maharashtra,2020,09-01-2020,A,1,Mumbai Suburban,BRIHAN MUMBAI,MC,7,141,Ward no. 141 ,,,KHAN KHURSHED NAZIR,,,,,,,10809,Independent,IND,,42,11,,18,13476,0.312,,,13476,,,,
Maharashtra,2017,21-02-2017, ,0,Mumbai Suburban,BRIHAN MUMBAI,MC,7,141,PRABHAG NO 141 ,,,Fernandes Paul Martin,,,,,,,10809,Independent,IND,,83,12,,22,17706,0.469,,,17706,,,,
Maharashtra,2020,09-01-2020,A,1,Mumbai Suburban,BRIHAN MUMBAI,MC,7,141,Ward no. 141 ,,,CHIKATE SUBHASH MANOHAR,,,,,,,10809,Independent,IND,,39,12,,18,13476,0.289,,,13476,,,,
Maharashtra,2017,21-02-2017, ,0,Mumbai Suburban,BRIHAN MUMBAI,MC,7,141,PRABHAG NO 141 ,,,RASTE MADHUKAR SIDRAM,,,,,,,5792,Nationalist Congress Party,NCP,,70,13,,22,17706,0.395,,,17706,,,,
Maharashtra,2020,09-01-2020,A,1,Mumbai Suburban,BRIHAN MUMBAI,MC,7,141,Ward no. 141 ,,,BANSODE SANDEEP KASHINATH,,,,,,,10809,Independent,IND,,34,13,,18,13476,0.252,,,13476,,,,
Maharashtra,2017,21-02-2017, ,0,Mumbai Suburban,BRIHAN MUMBAI,MC,7,141,PRABHAG NO 141 ,,,Waghmare Sambhaji Balu,,,,,,,10809,Independent,IND,,69,14,,22,17706,0.39,,,17706,,,,
Maharashtra,2020,09-01-2020,A,1,Mumbai Suburban,BRIHAN MUMBAI,MC,7,141,Ward no. 141 ,,,SAWANT ALAM ABDULKALAM,,,,,,,10809,Independent,IND,,33,14,,18,13476,0.245,,,13476,,,,
Maharashtra,2017,21-02-2017, ,0,Mumbai Suburban,BRIHAN MUMBAI,MC,7,141,PRABHAG NO 141 ,,,BANSODE NILESH KASHINATH,,,,,,,10809,Independent,IND,,68,15,,22,17706,0.384,,,17706,,,,
Maharashtra,2020,09-01-2020,A,1,Mumbai Suburban,BRIHAN MUMBAI,MC,7,141,Ward no. 141 ,,,AWGHADE CHANDRAKANT BALIRAM,,,,,,,10809,Independent,IND,,28,15,,18,13476,0.208,,,13476,,,,
Maharashtra,2017,21-02-2017, ,0,Mumbai Suburban,BRIHAN MUMBAI,MC,7,141,PRABHAG NO 141 ,,,QURESHI RIZWAN AKHTAR,,,,,,,3952,Indian Union Muslim League,IUML,,60,16,,22,17706,0.339,,,17706,,,,
Maharashtra,2020,09-01-2020,A,1,Mumbai Suburban,BRIHAN MUMBAI,MC,7,141,Ward no. 141 ,,,SHAIKH MEHBOOB ABDULKARIM,,,,,,,10809,Independent,IND,,21,16,,18,13476,0.156,,,13476,,,,
Maharashtra,2017,21-02-2017, ,0,Mumbai Suburban,BRIHAN MUMBAI,MC,7,141,PRABHAG NO 141 ,,,BHATT CHANDANKUMAR PREMCHAND,,,,,,,u10008,Bhartiya Shetkari Kamgar Paksh,,,52,17,,22,17706,0.294,,,17706,,,,
Maharashtra,2020,09-01-2020,A,1,Mumbai Suburban,BRIHAN MUMBAI,MC,7,141,Ward no. 141 ,,,SHAIKH INTEKHAB ATHARALAM,,,,,,,10809,Independent,IND,,10,17,,18,13476,0.074,,,13476,,,,
Maharashtra,2017,21-02-2017, ,0,Mumbai Suburban,BRIHAN MUMBAI,MC,7,141,PRABHAG NO 141 ,,,Dhotre Santosh Genu,,,,,,,10809,Independent,IND,,48,18,,22,17706,0.271,,,17706,,,,
Maharashtra,2020,09-01-2020,A,1,Mumbai Suburban,BRIHAN MUMBAI,MC,7,141,Ward no. 141 ,,,SHAIKH IZILE IBRAIHM,,,,,,,10809,Independent,IND,,5,18,,18,13476,0.037,,,13476,,,,
Maharashtra,2017,21-02-2017, ,0,Mumbai Suburban,BRIHAN MUMBAI,MC,7,141,PRABHAG NO 141 ,,,Ansari MohdJahangir MohdYusuf,,,,,,,10809,Independent,IND,,42,19,,22,17706,0.237,,,17706,,,,
Maharashtra,2020,09-01-2020,A,1,Mumbai Suburban,BRIHAN MUMBAI,MC,7,141,Ward no. 141 ,,,NOTA,,,,,,,u10003,,,,55,19,,18,13476,0.408,,,13476,,,,
Maharashtra,2017,21-02-2017, ,0,Mumbai Suburban,BRIHAN MUMBAI,MC,7,141,PRABHAG NO 141 ,,,Sable Ganesh Dagduba,,,,,,,1074,Bahujan Mukti Party,BMUP,,37,20,,22,17706,0.209,,,17706,,,,
Maharashtra,2017,21-02-2017, ,0,Mumbai Suburban,BRIHAN MUMBAI,MC,7,141,PRABHAG NO 141 ,,,Idrisi AhmedParvez ImtiyazAhmed,,,,,,,10809,Independent,IND,,27,21,,22,17706,0.152,,,17706,,,,
Maharashtra,2017,21-02-2017, ,0,Mumbai Suburban,BRIHAN MUMBAI,MC,7,141,PRABHAG NO 141 ,,,DHIWAR SAUMITRASEN EKNATH,,,,,,,10809,Independent,IND,,12,22,,22,17706,0.068,,,17706,,,,
Maharashtra,2017,21-02-2017, ,0,Mumbai Suburban,BRIHAN MUMBAI,MC,7,141,PRABHAG NO 141 ,,,NOTA,,,,,,,u10003,,,,107,23,,22,17706,0.604,,,17706,,,,
Maharashtra,2017,21-02-2017, ,0,Mumbai Suburban,BRIHAN MUMBAI,MC,7,142,PRABHAG NO 142 ,,,SHEWALE VAISHALI NAVIN,,,,,,,18691,Shivsena,SHS,,5312,1,,11,14150,37.541,,,14150,,,,
Maharashtra,2017,21-02-2017, ,0,Mumbai Suburban,BRIHAN MUMBAI,MC,7,142,PRABHAG NO 142 ,,,ALDAR SUREKHA CHANDRAKANT,,,,,,,1605,Bhartiya Janata Party,BJP,,3122,2,,11,14150,22.064,,,14150,,,,
Maharashtra,2017,21-02-2017, ,0,Mumbai Suburban,BRIHAN MUMBAI,MC,7,142,PRABHAG NO 142 ,,,Tambe Neeta Vikas,,,,,,,1605,Indian National Congress,BJP,,2029,3,,11,14150,14.339,,,14150,,,,
Maharashtra,2017,21-02-2017, ,0,Mumbai Suburban,BRIHAN MUMBAI,MC,7,142,PRABHAG NO 142 ,,,kamble sarika sanjay,,,,,,,5792,Nationalist Congress Party,NCP,,1241,4,,11,14150,8.77,,,14150,,,,
Maharashtra,2017,21-02-2017, ,0,Mumbai Suburban,BRIHAN MUMBAI,MC,7,142,PRABHAG NO 142 ,,,Khillare Vaishali Suresh,,,,,,,11633,Maharashtra Navnirman Sena,MNS,,1120,5,,11,14150,7.915,,,14150,,,,
Maharashtra,2017,21-02-2017, ,0,Mumbai Suburban,BRIHAN MUMBAI,MC,7,142,PRABHAG NO 142 ,,,AJGAONKAR MEENAKSHI HARISHCHANDRA,,,,,,,16651,Bahujan Samaj Party,BSP,,530,6,,11,14150,3.746,,,14150,,,,
Maharashtra,2017,21-02-2017, ,0,Mumbai Suburban,BRIHAN MUMBAI,MC,7,142,PRABHAG NO 142 ,,,Sathe Gitanjali Shankar,,,,,,,12285,Republican Party of India (A),RPI(A),,227,7,,11,14150,1.604,,,14150,,,,
Maharashtra,2017,21-02-2017, ,0,Mumbai Suburban,BRIHAN MUMBAI,MC,7,142,PRABHAG NO 142 ,,,kamble sunita dinkar,,,,,,,10809,Independent,IND,,183,8,,11,14150,1.293,,,14150,,,,
Maharashtra,2017,21-02-2017, ,0,Mumbai Suburban,BRIHAN MUMBAI,MC,7,142,PRABHAG NO 142 ,,,JAGTAP MANISHA SHRIRANG,,,,,,,1875,Bharip Bahujan Mahasangh,BBM,,88,9,,11,14150,0.622,,,14150,,,,
Maharashtra,2017,21-02-2017, ,0,Mumbai Suburban,BRIHAN MUMBAI,MC,7,142,PRABHAG NO 142 ,,,VHATKAR SUSHMITA NITISH,,,,,,,1605,Indian National Congress,BJP,,54,10,,11,14150,0.382,,,14150,,,,
Maharashtra,2017,21-02-2017, ,0,Mumbai Suburban,BRIHAN MUMBAI,MC,7,142,PRABHAG NO 142 ,,,Suradkar Shobha Siddharth,,,,,,,18691,Shivsena,SHS,,49,11,,11,14150,0.346,,,14150,,,,
Maharashtra,2017,21-02-2017, ,0,Mumbai Suburban,BRIHAN MUMBAI,MC,7,142,PRABHAG NO 142 ,,,NOTA,,,,,,,u10003,,,,195,12,,11,14150,1.378,,,14150,,,,
Maharashtra,2017,21-02-2017, ,0,Mumbai Suburban,BRIHAN MUMBAI,MC,7,143,PRABHAG NO 143 ,,,Tari Rutuja Rhadayanath,,,,,,,18691,Shivsena,SHS,,4031,1,,10,18579,21.697,,,18579,,,,
Maharashtra,2017,21-02-2017, ,0,Mumbai Suburban,BRIHAN MUMBAI,MC,7,143,PRABHAG NO 143 ,,,Sayyed Ayesha MehmoodQadri,,,,,,,706,All India Majlis e Ittehadul Muslimeen,AIMIM,,3882,2,,10,18579,20.895,,,18579,,,,
Maharashtra,2017,21-02-2017, ,0,Mumbai Suburban,BRIHAN MUMBAI,MC,7,143,PRABHAG NO 143 ,,,Patil Chhaya Sumersingh,,,,,,,11633,Maharashtra Navnirman Sena,MNS,,2853,3,,10,18579,15.356,,,18579,,,,
Maharashtra,2017,21-02-2017, ,0,Mumbai Suburban,BRIHAN MUMBAI,MC,7,143,PRABHAG NO 143 ,,,MUJAWAR ILASBI PAIGAMBAR,,,,,,,5792,Nationalist Congress Party,NCP,,2613,4,,10,18579,14.064,,,18579,,,,
Maharashtra,2017,21-02-2017, ,0,Mumbai Suburban,BRIHAN MUMBAI,MC,7,143,PRABHAG NO 143 ,,,HARAM PURVA PRADIP,,,,,,,1605,Bhartiya Janata Party,BJP,,2045,5,,10,18579,11.007,,,18579,,,,
Maharashtra,2017,21-02-2017, ,0,Mumbai Suburban,BRIHAN MUMBAI,MC,7,143,PRABHAG NO 143 ,,,belamkar shilpa satish,,,,,,,1605,Indian National Congress,BJP,,1059,6,,10,18579,5.7,,,18579,,,,
Maharashtra,2017,21-02-2017, ,0,Mumbai Suburban,BRIHAN MUMBAI,MC,7,143,PRABHAG NO 143 ,,,SONWANE SUSHMA MAHAVIR,,,,,,,16651,Bahujan Samaj Party,BSP,,835,7,,10,18579,4.494,,,18579,,,,
Maharashtra,2017,21-02-2017, ,0,Mumbai Suburban,BRIHAN MUMBAI,MC,7,143,PRABHAG NO 143 ,,,PATIL MANISHA PRABHAKAR,,,,,,,1605,Indian National Congress,BJP,,665,8,,10,18579,3.579,,,18579,,,,
Maharashtra,2017,21-02-2017, ,0,Mumbai Suburban,BRIHAN MUMBAI,MC,7,143,PRABHAG NO 143 ,,,AGRE DIPIKA SANDEEP,,,,,,,16651,Bahujan Samaj Party,BSP,,171,9,,10,18579,0.92,,,18579,,,,
Maharashtra,2017,21-02-2017, ,0,Mumbai Suburban,BRIHAN MUMBAI,MC,7,143,PRABHAG NO 143 ,,,NARALE SANGITA SHRIPATI,,,,,,,10809,Independent,IND,,170,10,,10,18579,0.915,,,18579,,,,
Maharashtra,2017,21-02-2017, ,0,Mumbai Suburban,BRIHAN MUMBAI,MC,7,143,PRABHAG NO 143 ,,,NOTA,,,,,,,u10003,,,,255,11,,10,18579,1.373,,,18579,,,,
Maharashtra,2017,21-02-2017, ,0,Mumbai Suburban,BRIHAN MUMBAI,MC,7,144,PRABHAG NO 144 ,,,Panchal Anita Dinesh,,,,,,,1605,Bhartiya Janata Party,BJP,,7764,1,,11,21603,35.939,,,21603,,,,
Maharashtra,2017,21-02-2017, ,0,Mumbai Suburban,BRIHAN MUMBAI,MC,7,144,PRABHAG NO 144 ,,,SHEWALE KAMINI RAHUL,,,,,,,18691,Shivsena,SHS,,7273,2,,11,21603,33.667,,,21603,,,,
Maharashtra,2017,21-02-2017, ,0,Mumbai Suburban,BRIHAN MUMBAI,MC,7,144,PRABHAG NO 144 ,,,Vichare Samiksha Santosh,,,,,,,1605,Indian National Congress,BJP,,2271,3,,11,21603,10.512,,,21603,,,,
Maharashtra,2017,21-02-2017, ,0,Mumbai Suburban,BRIHAN MUMBAI,MC,7,144,PRABHAG NO 144 ,,,DATE RUPALI SACHIN,,,,,,,5792,Nationalist Congress Party,NCP,,1783,4,,11,21603,8.253,,,21603,,,,
Maharashtra,2017,21-02-2017, ,0,Mumbai Suburban,BRIHAN MUMBAI,MC,7,144,PRABHAG NO 144 ,,,Kadam Rohini Ramesh,,,,,,,11633,Maharashtra Navnirman Sena,MNS,,975,5,,11,21603,4.513,,,21603,,,,
Maharashtra,2017,21-02-2017, ,0,Mumbai Suburban,BRIHAN MUMBAI,MC,7,144,PRABHAG NO 144 ,,,DHASAL SANGITA VISHNU,,,,,,,1875,Bharip Bahujan Mahasangh,BBM,,570,6,,11,21603,2.639,,,21603,,,,
Maharashtra,2017,21-02-2017, ,0,Mumbai Suburban,BRIHAN MUMBAI,MC,7,144,PRABHAG NO 144 ,,,Shaikh Rubina Sadik,,,,,,,10809,Independent,IND,,228,7,,11,21603,1.055,,,21603,,,,
Maharashtra,2017,21-02-2017, ,0,Mumbai Suburban,BRIHAN MUMBAI,MC,7,144,PRABHAG NO 144 ,,,Mohite Anjali Prasenjeet,,,,,,,10809,Independent,IND,,125,8,,11,21603,0.579,,,21603,,,,
Maharashtra,2017,21-02-2017, ,0,Mumbai Suburban,BRIHAN MUMBAI,MC,7,144,PRABHAG NO 144 ,,,SHINDE TARA VISHNU,,,,,,,10809,Independent,IND,,50,9,,11,21603,0.231,,,21603,,,,
Maharashtra,2017,21-02-2017, ,0,Mumbai Suburban,BRIHAN MUMBAI,MC,7,144,PRABHAG NO 144 ,,,Jadhav Ashwini Mahendra,,,,,,,12285,Republican Party of India (A),RPI(A),,42,10,,11,21603,0.194,,,21603,,,,
Maharashtra,2017,21-02-2017, ,0,Mumbai Suburban,BRIHAN MUMBAI,MC,7,144,PRABHAG NO 144 ,,,KODAG SHARMISHTHA MADHUKAR,,,,,,,10809,Independent,IND,,30,11,,11,21603,0.139,,,21603,,,,
Maharashtra,2017,21-02-2017, ,0,Mumbai Suburban,BRIHAN MUMBAI,MC,7,144,PRABHAG NO 144 ,,,NOTA,,,,,,,u10003,,,,492,12,,11,21603,2.277,,,21603,,,,
Maharashtra,2017,21-02-2017, ,0,Mumbai Suburban,BRIHAN MUMBAI,MC,7,145,PRABHAG NO 145 ,,,SHAIKH SHAHNAWAZ SARFARAZHUSSAIN,,,,,,,706,All India Majlis e Ittehadul Muslimeen,AIMIM,,6123,1,,13,22538,27.167,,,22538,,,,
Maharashtra,2017,21-02-2017, ,0,Mumbai Suburban,BRIHAN MUMBAI,MC,7,145,PRABHAG NO 145 ,,,Bhosale Nimish Janardan,,,,,,,18691,Shivsena,SHS,,5659,2,,13,22538,25.109,,,22538,,,,
Maharashtra,2017,21-02-2017, ,0,Mumbai Suburban,BRIHAN MUMBAI,MC,7,145,PRABHAG NO 145 ,,,SHAIKH MAJEET MOHAMMEDHANIF,,,,,,,1605,Indian National Congress,BJP,,3107,3,,13,22538,13.786,,,22538,,,,
Maharashtra,2017,21-02-2017, ,0,Mumbai Suburban,BRIHAN MUMBAI,MC,7,145,PRABHAG NO 145 ,,,Khan Sirajuddin Salahuddin,,,,,,,5792,Nationalist Congress Party,NCP,,2192,4,,13,22538,9.726,,,22538,,,,
Maharashtra,2017,21-02-2017, ,0,Mumbai Suburban,BRIHAN MUMBAI,MC,7,145,PRABHAG NO 145 ,,,Khan Shabir Siddique,,,,,,,10809,Independent,IND,,1941,5,,13,22538,8.612,,,22538,,,,
Maharashtra,2017,21-02-2017, ,0,Mumbai Suburban,BRIHAN MUMBAI,MC,7,145,PRABHAG NO 145 ,,,SHAIKH MOHAMMEDFAROOQUE ABDULRAZAK,,,,,,,10809,Independent,IND,,1351,6,,13,22538,5.994,,,22538,,,,
Maharashtra,2017,21-02-2017, ,0,Mumbai Suburban,BRIHAN MUMBAI,MC,7,145,PRABHAG NO 145 ,,,Surana Pankaj Mohanlal,,,,,,,1605,Bhartiya Janata Party,BJP,,1048,7,,13,22538,4.65,,,22538,,,,
Maharashtra,2017,21-02-2017, ,0,Mumbai Suburban,BRIHAN MUMBAI,MC,7,145,PRABHAG NO 145 ,,,Thevar Murugan Shankar,,,,,,,930,All India Anna Dravid Munnetra Kazhagam Party,ADMK,,456,8,,13,22538,2.023,,,22538,,,,
Maharashtra,2017,21-02-2017, ,0,Mumbai Suburban,BRIHAN MUMBAI,MC,7,145,PRABHAG NO 145 ,,,KUMARE MANJU BHOLESHANKAR,,,,,,,10809,Independent,IND,,125,9,,13,22538,0.555,,,22538,,,,
Maharashtra,2017,21-02-2017, ,0,Mumbai Suburban,BRIHAN MUMBAI,MC,7,145,PRABHAG NO 145 ,,,KHAN FARAZAHMAD NISAR,,,,,,,10809,Independent,IND,,103,10,,13,22538,0.457,,,22538,,,,
Maharashtra,2017,21-02-2017, ,0,Mumbai Suburban,BRIHAN MUMBAI,MC,7,145,PRABHAG NO 145 ,,,PATIL GANESH BHAGOJI,,,,,,,11633,Maharashtra Navnirman Sena,MNS,,97,11,,13,22538,0.43,,,22538,,,,
Maharashtra,2017,21-02-2017, ,0,Mumbai Suburban,BRIHAN MUMBAI,MC,7,145,PRABHAG NO 145 ,,,SANJAR IMRANAZAD DAWOOD,,,,,,,10809,Independent,IND,,89,12,,13,22538,0.395,,,22538,,,,
Maharashtra,2017,21-02-2017, ,0,Mumbai Suburban,BRIHAN MUMBAI,MC,7,145,PRABHAG NO 145 ,,,PENDHARI PRATIK KAMLAKAR,,,,,,,u10008,Bhartiya Shetkari Kamgar Paksh,,,43,13,,13,22538,0.191,,,22538,,,,
Maharashtra,2017,21-02-2017, ,0,Mumbai Suburban,BRIHAN MUMBAI,MC,7,145,PRABHAG NO 145 ,,,NOTA,,,,,,,u10003,,,,204,14,,13,22538,0.905,,,22538,,,,
Maharashtra,2017,21-02-2017, ,0,Mumbai Suburban,BRIHAN MUMBAI,MC,7,146,PRABHAG NO 146 ,,,KATE SAMRIDDHI GANESH,,,,,,,18691,Shivsena,SHS,,8622,1,,14,22285,38.69,,,22285,,,,
Maharashtra,2017,21-02-2017, ,0,Mumbai Suburban,BRIHAN MUMBAI,MC,7,146,PRABHAG NO 146 ,,,Bhosle Nilesh Prakash,,,,,,,5792,Nationalist Congress Party,NCP,,5071,2,,14,22285,22.755,,,22285,,,,
Maharashtra,2017,21-02-2017, ,0,Mumbai Suburban,BRIHAN MUMBAI,MC,7,146,PRABHAG NO 146 ,,,KATKAR ANITA JITESH,,,,,,,12285,Republican Party of India (A),RPI(A),,2526,3,,14,22285,11.335,,,22285,,,,
Maharashtra,2017,21-02-2017, ,0,Mumbai Suburban,BRIHAN MUMBAI,MC,7,146,PRABHAG NO 146 ,,,DHOBLE SHANKAR SOPAN,,,,,,,1605,Indian National Congress,BJP,,2191,4,,14,22285,9.832,,,22285,,,,
Maharashtra,2017,21-02-2017, ,0,Mumbai Suburban,BRIHAN MUMBAI,MC,7,146,PRABHAG NO 146 ,,,KAMBLE SHASHANK RUPA,,,,,,,16651,Bahujan Samaj Party,BSP,,753,5,,14,22285,3.379,,,22285,,,,
Maharashtra,2017,21-02-2017, ,0,Mumbai Suburban,BRIHAN MUMBAI,MC,7,146,PRABHAG NO 146 ,,,PURBHE RAJESH BABURAO,,,,,,,11633,Maharashtra Navnirman Sena,MNS,,745,6,,14,22285,3.343,,,22285,,,,
Maharashtra,2017,21-02-2017, ,0,Mumbai Suburban,BRIHAN MUMBAI,MC,7,146,PRABHAG NO 146 ,,,VARTHE BHAUSAHEB RANGNATH,,,,,,,10809,Independent,IND,,623,7,,14,22285,2.796,,,22285,,,,
Maharashtra,2017,21-02-2017, ,0,Mumbai Suburban,BRIHAN MUMBAI,MC,7,146,PRABHAG NO 146 ,,,GAIKWAD REKHA DINESH,,,,,,,10809,Independent,IND,,295,8,,14,22285,1.324,,,22285,,,,
Maharashtra,2017,21-02-2017, ,0,Mumbai Suburban,BRIHAN MUMBAI,MC,7,146,PRABHAG NO 146 ,,,KHADE SHANTILAL HIRAJI,,,,,,,7425,Samajwadi Party,SP,,208,9,,14,22285,0.933,,,22285,,,,
Maharashtra,2017,21-02-2017, ,0,Mumbai Suburban,BRIHAN MUMBAI,MC,7,146,PRABHAG NO 146 ,,,WAKADE NEETA SANDEEP,,,,,,,1605,Bhartiya Janata Party,BJP,,197,10,,14,22285,0.884,,,22285,,,,
Maharashtra,2017,21-02-2017, ,0,Mumbai Suburban,BRIHAN MUMBAI,MC,7,146,PRABHAG NO 146 ,,,JAGTAP SAKHUBAI KASHINATH,,,,,,,10809,Independent,IND,,83,11,,14,22285,0.372,,,22285,,,,
Maharashtra,2017,21-02-2017, ,0,Mumbai Suburban,BRIHAN MUMBAI,MC,7,146,PRABHAG NO 146 ,,,BHINGARDIVE MAHENDRA TULSHIRAM,,,,,,,16651,Bahujan Samaj Party,BSP,,80,12,,14,22285,0.359,,,22285,,,,
Maharashtra,2017,21-02-2017, ,0,Mumbai Suburban,BRIHAN MUMBAI,MC,7,146,PRABHAG NO 146 ,,,SAPUTRE RAVINDRA NIVRUTTI,,,,,,,10809,Independent,IND,,61,13,,14,22285,0.274,,,22285,,,,
Maharashtra,2017,21-02-2017, ,0,Mumbai Suburban,BRIHAN MUMBAI,MC,7,146,PRABHAG NO 146 ,,,SONAVANE RAMESH SHANKAR,,,,,,,12019,Peasants & Workers Party of India,PWP,,54,14,,14,22285,0.242,,,22285,,,,
Maharashtra,2017,21-02-2017, ,0,Mumbai Suburban,BRIHAN MUMBAI,MC,7,146,PRABHAG NO 146 ,,,NOTA,,,,,,,u10003,,,,776,15,,14,22285,3.482,,,22285,,,,
Maharashtra,2017,21-02-2017, ,0,Mumbai Suburban,BRIHAN MUMBAI,MC,7,147,PRABHAG NO 147 ,,,Naik Anjali Sanjay,,,,,,,18691,Shivsena,SHS,,7565,1,,8,19618,38.562,,,19618,,,,
Maharashtra,2017,21-02-2017, ,0,Mumbai Suburban,BRIHAN MUMBAI,MC,7,147,PRABHAG NO 147 ,,,Mahulkar Seema Rajendra,,,,,,,1605,Indian National Congress,BJP,,5163,2,,8,19618,26.318,,,19618,,,,
Maharashtra,2017,21-02-2017, ,0,Mumbai Suburban,BRIHAN MUMBAI,MC,7,147,PRABHAG NO 147 ,,,CHEMATE MANISHA SANTOSH,,,,,,,12285,Republican Party of India (A),RPI(A),,3927,3,,8,19618,20.017,,,19618,,,,
Maharashtra,2017,21-02-2017, ,0,Mumbai Suburban,BRIHAN MUMBAI,MC,7,147,PRABHAG NO 147 ,,,Qureshi Jinat Aziz,,,,,,,5792,Nationalist Congress Party,NCP,,1504,4,,8,19618,7.666,,,19618,,,,
Maharashtra,2017,21-02-2017, ,0,Mumbai Suburban,BRIHAN MUMBAI,MC,7,147,PRABHAG NO 147 ,,,THOMBARE aRTI SURESH,,,,,,,11633,Maharashtra Navnirman Sena,MNS,,462,5,,8,19618,2.355,,,19618,,,,
Maharashtra,2017,21-02-2017, ,0,Mumbai Suburban,BRIHAN MUMBAI,MC,7,147,PRABHAG NO 147 ,,,CHOUGULE SHRUTIKA BAPURAO,,,,,,,16651,Bahujan Samaj Party,BSP,,260,6,,8,19618,1.325,,,19618,,,,
Maharashtra,2017,21-02-2017, ,0,Mumbai Suburban,BRIHAN MUMBAI,MC,7,147,PRABHAG NO 147 ,,,RAUT SUNITA PARSHURAM,,,,,,,10809,Independent,IND,,139,7,,8,19618,0.709,,,19618,,,,
Maharashtra,2017,21-02-2017, ,0,Mumbai Suburban,BRIHAN MUMBAI,MC,7,147,PRABHAG NO 147 ,,,SHINDE RAJANI DEEPAK,,,,,,,5792,Nationalist Congress Party,NCP,,123,8,,8,19618,0.627,,,19618,,,,
Maharashtra,2017,21-02-2017, ,0,Mumbai Suburban,BRIHAN MUMBAI,MC,7,147,PRABHAG NO 147 ,,,NOTA,,,,,,,u10003,,,,475,9,,8,19618,2.421,,,19618,,,,
Maharashtra,2017,21-02-2017, ,0,Mumbai Suburban,BRIHAN MUMBAI,MC,7,148,PRABHAG NO 148 ,,,Shinde Nidhi Pramod,,,,,,,18691,Shivsena,SHS,,4485,1,,14,15527,28.885,,,15527,,,,
Maharashtra,2017,21-02-2017, ,0,Mumbai Suburban,BRIHAN MUMBAI,MC,7,148,PRABHAG NO 148 ,,,KHARATMOL RUKMINI VITHAL,,,,,,,1605,Bhartiya Janata Party,BJP,,3256,2,,14,15527,20.97,,,15527,,,,
Maharashtra,2017,21-02-2017, ,0,Mumbai Suburban,BRIHAN MUMBAI,MC,7,148,PRABHAG NO 148 ,,,RATHOD PRANITA BALASAHEB,,,,,,,1605,Indian National Congress,BJP,,2448,3,,14,15527,15.766,,,15527,,,,
Maharashtra,2017,21-02-2017, ,0,Mumbai Suburban,BRIHAN MUMBAI,MC,7,148,PRABHAG NO 148 ,,,Shirsat Rekha Madhukar,,,,,,,5792,Nationalist Congress Party,NCP,,1716,4,,14,15527,11.052,,,15527,,,,
Maharashtra,2017,21-02-2017, ,0,Mumbai Suburban,BRIHAN MUMBAI,MC,7,148,PRABHAG NO 148 ,,,KAMBLE USHA ANIL,,,,,,,1605,Indian National Congress,BJP,,1333,5,,14,15527,8.585,,,15527,,,,
Maharashtra,2017,21-02-2017, ,0,Mumbai Suburban,BRIHAN MUMBAI,MC,7,148,PRABHAG NO 148 ,,,SHANBHAG SHOBHA ASHOK,,,,,,,11633,Maharashtra Navnirman Sena,MNS,,1009,6,,14,15527,6.498,,,15527,,,,
Maharashtra,2017,21-02-2017, ,0,Mumbai Suburban,BRIHAN MUMBAI,MC,7,148,PRABHAG NO 148 ,,,SHARMA RAJRANI BRIJESH,,,,,,,7425,Samajwadi Party,SP,,502,7,,14,15527,3.233,,,15527,,,,
Maharashtra,2017,21-02-2017, ,0,Mumbai Suburban,BRIHAN MUMBAI,MC,7,148,PRABHAG NO 148 ,,,NIKALE SNEHLATA RANJAN,,,,,,,16651,Bahujan Samaj Party,BSP,,250,8,,14,15527,1.61,,,15527,,,,
Maharashtra,2017,21-02-2017, ,0,Mumbai Suburban,BRIHAN MUMBAI,MC,7,148,PRABHAG NO 148 ,,,KSHIRSAGAR SUREKHA BHIMRAO,,,,,,,u10008,Bhartiya Shetkari Kamgar Paksh,,,71,9,,14,15527,0.457,,,15527,,,,
Maharashtra,2017,21-02-2017, ,0,Mumbai Suburban,BRIHAN MUMBAI,MC,7,148,PRABHAG NO 148 ,,,SONAVANE VIMAL KAILASH,,,,,,,10809,Independent,IND,,64,10,,14,15527,0.412,,,15527,,,,
Maharashtra,2017,21-02-2017, ,0,Mumbai Suburban,BRIHAN MUMBAI,MC,7,148,PRABHAG NO 148 ,,,KAMBLE SUNITA GANESH,,,,,,,1096,bahujan republican sociolist party,BARESP,,61,11,,14,15527,0.393,,,15527,,,,
Maharashtra,2017,21-02-2017, ,0,Mumbai Suburban,BRIHAN MUMBAI,MC,7,148,PRABHAG NO 148 ,,,JAISWAL PRAMILADEVI ASHOK,,,,,,,10809,Independent,IND,,54,12,,14,15527,0.348,,,15527,,,,
Maharashtra,2017,21-02-2017, ,0,Mumbai Suburban,BRIHAN MUMBAI,MC,7,148,PRABHAG NO 148 ,,,JAGTAP VAISHALI MILIND,,,,,,,12285,Republican Party of India (A),RPI(A),,49,13,,14,15527,0.316,,,15527,,,,
Maharashtra,2017,21-02-2017, ,0,Mumbai Suburban,BRIHAN MUMBAI,MC,7,148,PRABHAG NO 148 ,,,jadhav pranjali prakash,,,,,,,10809,Independent,IND,,29,14,,14,15527,0.187,,,15527,,,,
Maharashtra,2017,21-02-2017, ,0,Mumbai Suburban,BRIHAN MUMBAI,MC,7,148,PRABHAG NO 148 ,,,NOTA,,,,,,,u10003,,,,200,15,,14,15527,1.288,,,15527,,,,
Maharashtra,2017,21-02-2017, ,0,Mumbai Suburban,BRIHAN MUMBAI,MC,7,149,PRABHAG NO 149 ,,,SAWANT SUSHAM GOPAL,,,,,,,1605,Bhartiya Janata Party,BJP,,5927,1,,11,22569,26.262,,,22569,,,,
Maharashtra,2017,21-02-2017, ,0,Mumbai Suburban,BRIHAN MUMBAI,MC,7,149,PRABHAG NO 149 ,,,KADAM SANJAY ISHWAR,,,,,,,18691,Shivsena,SHS,,3808,2,,11,22569,16.873,,,22569,,,,
Maharashtra,2017,21-02-2017, ,0,Mumbai Suburban,BRIHAN MUMBAI,MC,7,149,PRABHAG NO 149 ,,,Salvi Yatin Ravindra,,,,,,,1605,Indian National Congress,BJP,,3233,3,,11,22569,14.325,,,22569,,,,
Maharashtra,2017,21-02-2017, ,0,Mumbai Suburban,BRIHAN MUMBAI,MC,7,149,PRABHAG NO 149 ,,,CHAUGULE RAJEEV SUMANT,,,,,,,11633,Maharashtra Navnirman Sena,MNS,,2973,4,,11,22569,13.173,,,22569,,,,
Maharashtra,2017,21-02-2017, ,0,Mumbai Suburban,BRIHAN MUMBAI,MC,7,149,PRABHAG NO 149 ,,,Awasthi Ganesh Ramrup,,,,,,,10809,Independent,IND,,2903,5,,11,22569,12.863,,,22569,,,,
Maharashtra,2017,21-02-2017, ,0,Mumbai Suburban,BRIHAN MUMBAI,MC,7,149,PRABHAG NO 149 ,,,KATARNAVRE RAJESH KERU,,,,,,,16651,Bahujan Samaj Party,BSP,,1756,6,,11,22569,7.781,,,22569,,,,
Maharashtra,2017,21-02-2017, ,0,Mumbai Suburban,BRIHAN MUMBAI,MC,7,149,PRABHAG NO 149 ,,,GAWARE SURESH DINKAR,,,,,,,5792,Nationalist Congress Party,NCP,,606,7,,11,22569,2.685,,,22569,,,,
Maharashtra,2017,21-02-2017, ,0,Mumbai Suburban,BRIHAN MUMBAI,MC,7,149,PRABHAG NO 149 ,,,SHIRWALKAR KIRAN VASANT,,,,,,,10809,Independent,IND,,479,8,,11,22569,2.122,,,22569,,,,
Maharashtra,2017,21-02-2017, ,0,Mumbai Suburban,BRIHAN MUMBAI,MC,7,149,PRABHAG NO 149 ,,,KALE DNYANESHWAR KONDAJI,,,,,,,10809,Independent,IND,,387,9,,11,22569,1.715,,,22569,,,,
Maharashtra,2017,21-02-2017, ,0,Mumbai Suburban,BRIHAN MUMBAI,MC,7,149,PRABHAG NO 149 ,,,PUTHRAN VASANTH SANJEEVA,,,,,,,10809,Independent,IND,,62,10,,11,22569,0.275,,,22569,,,,
Maharashtra,2017,21-02-2017, ,0,Mumbai Suburban,BRIHAN MUMBAI,MC,7,149,PRABHAG NO 149 ,,,BANDEKAR HEMA VISHNU,,,,,,,10809,Independent,IND,,57,11,,11,22569,0.253,,,22569,,,,
Maharashtra,2017,21-02-2017, ,0,Mumbai Suburban,BRIHAN MUMBAI,MC,7,149,PRABHAG NO 149 ,,,NOTA,,,,,,,u10003,,,,378,12,,11,22569,1.675,,,22569,,,,
Maharashtra,2017,21-02-2017, ,0,Mumbai Suburban,BRIHAN MUMBAI,MC,7,150,PRABHAG NO 150 ,,,HANDORE SANGEETA CHANDRAKANT,,,,,,,1605,Indian National Congress,BJP,,8046,1,,18,18669,43.098,,,18669,,,,
Maharashtra,2017,21-02-2017, ,0,Mumbai Suburban,BRIHAN MUMBAI,MC,7,150,PRABHAG NO 150 ,,,MANE KRISHNA ANNA,,,,,,,12285,Republican Party of India (A),RPI(A),,2204,2,,18,18669,11.806,,,18669,,,,
Maharashtra,2017,21-02-2017, ,0,Mumbai Suburban,BRIHAN MUMBAI,MC,7,150,PRABHAG NO 150 ,,,Kakad Aruna Nalasheth,,,,,,,18691,Shivsena,SHS,,1799,3,,18,18669,9.636,,,18669,,,,
Maharashtra,2017,21-02-2017, ,0,Mumbai Suburban,BRIHAN MUMBAI,MC,7,150,PRABHAG NO 150 ,,,Shivankar Prashant Mahadev,,,,,,,16651,Bahujan Samaj Party,BSP,,905,4,,18,18669,4.848,,,18669,,,,
Maharashtra,2017,21-02-2017, ,0,Mumbai Suburban,BRIHAN MUMBAI,MC,7,150,PRABHAG NO 150 ,,,Zagade Vinod Bapu,,,,,,,11633,Maharashtra Navnirman Sena,MNS,,812,5,,18,18669,4.349,,,18669,,,,
Maharashtra,2017,21-02-2017, ,0,Mumbai Suburban,BRIHAN MUMBAI,MC,7,150,PRABHAG NO 150 ,,,DHAWALE PRABHAKAR ASARAM,,,,,,,706,All India Majlis e Ittehadul Muslimeen,AIMIM,,806,6,,18,18669,4.317,,,18669,,,,
Maharashtra,2017,21-02-2017, ,0,Mumbai Suburban,BRIHAN MUMBAI,MC,7,150,PRABHAG NO 150 ,,,ATHAWALE MAYUR RAMCHANDRA,,,,,,,1096,bahujan republican sociolist party,BARESP,,738,7,,18,18669,3.953,,,18669,,,,
Maharashtra,2017,21-02-2017, ,0,Mumbai Suburban,BRIHAN MUMBAI,MC,7,150,PRABHAG NO 150 ,,,SHINDE JITENDRA BABURAO,,,,,,,5792,Nationalist Congress Party,NCP,,699,8,,18,18669,3.744,,,18669,,,,
Maharashtra,2017,21-02-2017, ,0,Mumbai Suburban,BRIHAN MUMBAI,MC,7,150,PRABHAG NO 150 ,,,Sayed Mohinuddin Moiddin,,,,,,,10809,Independent,IND,,603,9,,18,18669,3.23,,,18669,,,,
Maharashtra,2017,21-02-2017, ,0,Mumbai Suburban,BRIHAN MUMBAI,MC,7,150,PRABHAG NO 150 ,,,BANSODE BABASAHEB DNYANU,,,,,,,7425,Samajwadi Party,SP,,480,10,,18,18669,2.571,,,18669,,,,
Maharashtra,2017,21-02-2017, ,0,Mumbai Suburban,BRIHAN MUMBAI,MC,7,150,PRABHAG NO 150 ,,,Thorat Kumar Chintaman,,,,,,,1875,Bharip Bahujan Mahasangh,BBM,,381,11,,18,18669,2.041,,,18669,,,,
Maharashtra,2017,21-02-2017, ,0,Mumbai Suburban,BRIHAN MUMBAI,MC,7,150,PRABHAG NO 150 ,,,BHALERAO SNEHA SANJAY,,,,,,,12285,Republican Party of India (A),RPI(A),,302,12,,18,18669,1.618,,,18669,,,,
Maharashtra,2017,21-02-2017, ,0,Mumbai Suburban,BRIHAN MUMBAI,MC,7,150,PRABHAG NO 150 ,,,PATOLE ANITA KIRAN,,,,,,,18691,Shivsena,SHS,,174,13,,18,18669,0.932,,,18669,,,,
Maharashtra,2017,21-02-2017, ,0,Mumbai Suburban,BRIHAN MUMBAI,MC,7,150,PRABHAG NO 150 ,,,PATIL ASHOK RAMA,,,,,,,10809,Independent,IND,,114,14,,18,18669,0.611,,,18669,,,,
Maharashtra,2017,21-02-2017, ,0,Mumbai Suburban,BRIHAN MUMBAI,MC,7,150,PRABHAG NO 150 ,,,Waghmare Vishal Sham,,,,,,,880,Ambedkarite Party Of India,APoI,,88,15,,18,18669,0.471,,,18669,,,,
Maharashtra,2017,21-02-2017, ,0,Mumbai Suburban,BRIHAN MUMBAI,MC,7,150,PRABHAG NO 150 ,,,jadhav suvarna sandeep,,,,,,,10809,Independent,IND,,77,16,,18,18669,0.412,,,18669,,,,
Maharashtra,2017,21-02-2017, ,0,Mumbai Suburban,BRIHAN MUMBAI,MC,7,150,PRABHAG NO 150 ,,,NYAYNIT BHASKAR PANDURANG,,,,,,,10809,Independent,IND,,53,17,,18,18669,0.284,,,18669,,,,
Maharashtra,2017,21-02-2017, ,0,Mumbai Suburban,BRIHAN MUMBAI,MC,7,150,PRABHAG NO 150 ,,,SONAWANE BHUJLING BHIWA,,,,,,,12285,Republican Party of India (A),RPI(A),,47,18,,18,18669,0.252,,,18669,,,,
Maharashtra,2017,21-02-2017, ,0,Mumbai Suburban,BRIHAN MUMBAI,MC,7,150,PRABHAG NO 150 ,,,NOTA,,,,,,,u10003,,,,341,19,,18,18669,1.827,,,18669,,,,
Maharashtra,2017,21-02-2017, ,0,Mumbai Suburban,BRIHAN MUMBAI,MC,7,151,PRABHAG NO 151 ,,,FULWARIA RAJESH OMPRAKASH,,,,,,,1605,Bhartiya Janata Party,BJP,,9972,1,,19,23592,42.269,,,23592,,,,
Maharashtra,2017,21-02-2017, ,0,Mumbai Suburban,BRIHAN MUMBAI,MC,7,151,PRABHAG NO 151 ,,,Sable Gautam Ganpat,,,,,,,1605,Indian National Congress,BJP,,5295,2,,19,23592,22.444,,,23592,,,,
Maharashtra,2017,21-02-2017, ,0,Mumbai Suburban,BRIHAN MUMBAI,MC,7,151,PRABHAG NO 151 ,,,Naik Kamlakar Shantaram,,,,,,,18691,Shivsena,SHS,,4175,3,,19,23592,17.697,,,23592,,,,
Maharashtra,2017,21-02-2017, ,0,Mumbai Suburban,BRIHAN MUMBAI,MC,7,151,PRABHAG NO 151 ,,,NAVAL SHARWANCHAND SEWARAM,,,,,,,16651,Bahujan Samaj Party,BSP,,1018,4,,19,23592,4.315,,,23592,,,,
Maharashtra,2017,21-02-2017, ,0,Mumbai Suburban,BRIHAN MUMBAI,MC,7,151,PRABHAG NO 151 ,,,Subramaniam Ganesh Subramaniam,,,,,,,5792,Nationalist Congress Party,NCP,,760,5,,19,23592,3.221,,,23592,,,,
Maharashtra,2017,21-02-2017, ,0,Mumbai Suburban,BRIHAN MUMBAI,MC,7,151,PRABHAG NO 151 ,,,AVHAD RAMCHANDRA ABAJI,,,,,,,1875,Bharip Bahujan Mahasangh,BBM,,363,6,,19,23592,1.539,,,23592,,,,
Maharashtra,2017,21-02-2017, ,0,Mumbai Suburban,BRIHAN MUMBAI,MC,7,151,PRABHAG NO 151 ,,,DHAWALE ASHITOSH BHAIRU,,,,,,,11633,Maharashtra Navnirman Sena,MNS,,334,7,,19,23592,1.416,,,23592,,,,
Maharashtra,2017,21-02-2017, ,0,Mumbai Suburban,BRIHAN MUMBAI,MC,7,151,PRABHAG NO 151 ,,,PAWAR MANJULA DIPAK,,,,,,,12285,Republican Party of India (A),RPI(A),,277,8,,19,23592,1.174,,,23592,,,,
Maharashtra,2017,21-02-2017, ,0,Mumbai Suburban,BRIHAN MUMBAI,MC,7,151,PRABHAG NO 151 ,,,CHAUDHARI RAMVRIKSHA RAMLAUT,,,,,,,10809,Independent,IND,,198,9,,19,23592,0.839,,,23592,,,,
Maharashtra,2017,21-02-2017, ,0,Mumbai Suburban,BRIHAN MUMBAI,MC,7,151,PRABHAG NO 151 ,,,THORAT RAJU VIJAY,,,,,,,10809,Independent,IND,,174,10,,19,23592,0.738,,,23592,,,,
Maharashtra,2017,21-02-2017, ,0,Mumbai Suburban,BRIHAN MUMBAI,MC,7,151,PRABHAG NO 151 ,,,ADHAV GIRISH SURENDRA,,,,,,,10809,Independent,IND,,130,11,,19,23592,0.551,,,23592,,,,
Maharashtra,2017,21-02-2017, ,0,Mumbai Suburban,BRIHAN MUMBAI,MC,7,151,PRABHAG NO 151 ,,,GUPTA KANHAIYALAL RAJARAM,,,,,,,10809,Independent,IND,,128,12,,19,23592,0.543,,,23592,,,,
Maharashtra,2017,21-02-2017, ,0,Mumbai Suburban,BRIHAN MUMBAI,MC,7,151,PRABHAG NO 151 ,,,KADAM VITHAL PANDURANG,,,,,,,12285,Republican Party of India (A),RPI(A),,123,13,,19,23592,0.521,,,23592,,,,
Maharashtra,2017,21-02-2017, ,0,Mumbai Suburban,BRIHAN MUMBAI,MC,7,151,PRABHAG NO 151 ,,,SASANE RAJESH NANDU,,,,,,,10809,Independent,IND,,120,14,,19,23592,0.509,,,23592,,,,
Maharashtra,2017,21-02-2017, ,0,Mumbai Suburban,BRIHAN MUMBAI,MC,7,151,PRABHAG NO 151 ,,,NADAR SARAVANABHAVAN SAMIKKAN,,,,,,,10809,Independent,IND,,120,15,,19,23592,0.509,,,23592,,,,
Maharashtra,2017,21-02-2017, ,0,Mumbai Suburban,BRIHAN MUMBAI,MC,7,151,PRABHAG NO 151 ,,,ROSIA SHANKAR SUMANBHAI,,,,,,,u10015,Swabhimani Republican Party,,,97,16,,19,23592,0.411,,,23592,,,,
Maharashtra,2017,21-02-2017, ,0,Mumbai Suburban,BRIHAN MUMBAI,MC,7,151,PRABHAG NO 151 ,,,Borana Dalpatram Bhomaramji,,,,,,,10809,Independent,IND,,40,17,,19,23592,0.17,,,23592,,,,
Maharashtra,2017,21-02-2017, ,0,Mumbai Suburban,BRIHAN MUMBAI,MC,7,151,PRABHAG NO 151 ,,,DEDE SACHIN JAYHIND,,,,,,,10809,Independent,IND,,25,18,,19,23592,0.106,,,23592,,,,
Maharashtra,2017,21-02-2017, ,0,Mumbai Suburban,BRIHAN MUMBAI,MC,7,151,PRABHAG NO 151 ,,,KONDGEKAR SANTOSH GOPINATH,,,,,,,10809,Independent,IND,,21,19,,19,23592,0.089,,,23592,,,,
Maharashtra,2017,21-02-2017, ,0,Mumbai Suburban,BRIHAN MUMBAI,MC,7,151,PRABHAG NO 151 ,,,NOTA,,,,,,,u10003,,,,222,20,,19,23592,0.941,,,23592,,,,
Maharashtra,2017,21-02-2017, ,0,Mumbai Suburban,BRIHAN MUMBAI,MC,7,152,PRABHAG NO 152 ,,,MARATHE ASHA SUBHASH,,,,,,,1605,Bhartiya Janata Party,BJP,,7715,1,,17,25675,30.049,,,25675,,,,
Maharashtra,2017,21-02-2017, ,0,Mumbai Suburban,BRIHAN MUMBAI,MC,7,152,PRABHAG NO 152 ,,,Salve Sonali Prakash,,,,,,,18691,Shivsena,SHS,,6322,2,,17,25675,24.623,,,25675,,,,
Maharashtra,2017,21-02-2017, ,0,Mumbai Suburban,BRIHAN MUMBAI,MC,7,152,PRABHAG NO 152 ,,,More Vishal Bhagwandas,,,,,,,1875,Bharip Bahujan Mahasangh,BBM,,3148,3,,17,25675,12.261,,,25675,,,,
Maharashtra,2017,21-02-2017, ,0,Mumbai Suburban,BRIHAN MUMBAI,MC,7,152,PRABHAG NO 152 ,,,BANSODE SUNIL MANOHAR,,,,,,,12285,Republican Party of India (A),RPI(A),,2286,4,,17,25675,8.904,,,25675,,,,
Maharashtra,2017,21-02-2017, ,0,Mumbai Suburban,BRIHAN MUMBAI,MC,7,152,PRABHAG NO 152 ,,,SALVE SHIVAJIRAO BHAGWAT,,,,,,,1605,Indian National Congress,BJP,,1851,5,,17,25675,7.209,,,25675,,,,
Maharashtra,2017,21-02-2017, ,0,Mumbai Suburban,BRIHAN MUMBAI,MC,7,152,PRABHAG NO 152 ,,,RAMRAJE MANOJ PANDURANG,,,,,,,11633,Maharashtra Navnirman Sena,MNS,,1056,6,,17,25675,4.113,,,25675,,,,
Maharashtra,2017,21-02-2017, ,0,Mumbai Suburban,BRIHAN MUMBAI,MC,7,152,PRABHAG NO 152 ,,,KAMBLE AMAR JYOTIRAM,,,,,,,16651,Bahujan Samaj Party,BSP,,458,7,,17,25675,1.784,,,25675,,,,
Maharashtra,2017,21-02-2017, ,0,Mumbai Suburban,BRIHAN MUMBAI,MC,7,152,PRABHAG NO 152 ,,,MASKE VIJAY SHRAVAN,,,,,,,12285,Republican Party of India (A),RPI(A),,425,8,,17,25675,1.655,,,25675,,,,
Maharashtra,2017,21-02-2017, ,0,Mumbai Suburban,BRIHAN MUMBAI,MC,7,152,PRABHAG NO 152 ,,,KOKANE SANJAY KASHINATH,,,,,,,10809,Independent,IND,,395,9,,17,25675,1.538,,,25675,,,,
Maharashtra,2017,21-02-2017, ,0,Mumbai Suburban,BRIHAN MUMBAI,MC,7,152,PRABHAG NO 152 ,,,PANDAV ROHIT YASHWANT,,,,,,,5792,Nationalist Congress Party,NCP,,308,10,,17,25675,1.2,,,25675,,,,
Maharashtra,2017,21-02-2017, ,0,Mumbai Suburban,BRIHAN MUMBAI,MC,7,152,PRABHAG NO 152 ,,,GAWARE SACHIN MANOHAR,,,,,,,10809,Independent,IND,,299,11,,17,25675,1.165,,,25675,,,,
Maharashtra,2017,21-02-2017, ,0,Mumbai Suburban,BRIHAN MUMBAI,MC,7,152,PRABHAG NO 152 ,,,UBALE SHRIKANT KAILAS,,,,,,,10809,Independent,IND,,283,12,,17,25675,1.102,,,25675,,,,
Maharashtra,2017,21-02-2017, ,0,Mumbai Suburban,BRIHAN MUMBAI,MC,7,152,PRABHAG NO 152 ,,,Tambe Nandkumar Mohan,,,,,,,10809,Independent,IND,,216,13,,17,25675,0.841,,,25675,,,,
Maharashtra,2017,21-02-2017, ,0,Mumbai Suburban,BRIHAN MUMBAI,MC,7,152,PRABHAG NO 152 ,,,LOKHANDE DILIP DAMU,,,,,,,10809,Independent,IND,,101,14,,17,25675,0.393,,,25675,,,,
Maharashtra,2017,21-02-2017, ,0,Mumbai Suburban,BRIHAN MUMBAI,MC,7,152,PRABHAG NO 152 ,,,KAMBLE BHIVA SHIVARAM,,,,,,,1096,bahujan republican sociolist party,BARESP,,82,15,,17,25675,0.319,,,25675,,,,
Maharashtra,2017,21-02-2017, ,0,Mumbai Suburban,BRIHAN MUMBAI,MC,7,152,PRABHAG NO 152 ,,,KADAM GAUTAM SUKHDEV,,,,,,,8690,Akhil Bharatiya Sena,ABHS,,50,16,,17,25675,0.195,,,25675,,,,
Maharashtra,2017,21-02-2017, ,0,Mumbai Suburban,BRIHAN MUMBAI,MC,7,152,PRABHAG NO 152 ,,,JADHAV VINAYAK CHANDRASEN,,,,,,,10809,Independent,IND,,19,17,,17,25675,0.074,,,25675,,,,
Maharashtra,2017,21-02-2017, ,0,Mumbai Suburban,BRIHAN MUMBAI,MC,7,152,PRABHAG NO 152 ,,,NOTA,,,,,,,u10003,,,,661,18,,17,25675,2.574,,,25675,,,,
Maharashtra,2017,21-02-2017, ,0,Mumbai Suburban,BRIHAN MUMBAI,MC,7,153,PRABHAG NO 153 ,,,Patankar Anil Ramchandra,,,,,,,18691,Shivsena,SHS,,13683,1,,5,25904,52.822,,,25904,,,,
Maharashtra,2017,21-02-2017, ,0,Mumbai Suburban,BRIHAN MUMBAI,MC,7,153,PRABHAG NO 153 ,,,TAWATE NAGESH ANANT,,,,,,,1605,Bhartiya Janata Party,BJP,,5816,2,,5,25904,22.452,,,25904,,,,
Maharashtra,2017,21-02-2017, ,0,Mumbai Suburban,BRIHAN MUMBAI,MC,7,153,PRABHAG NO 153 ,,,panchal avinash harishchandra,,पांचाळ अविनाश हरिश्चंद्र,,,,,11633,Maharashtra Navnirman Sena,MNS,,2553,3,,5,25904,9.856,,,25904,,,,
Maharashtra,2017,21-02-2017, ,0,Mumbai Suburban,BRIHAN MUMBAI,MC,7,153,PRABHAG NO 153 ,,,Patil Hemant Anant,,,,,,,1605,Indian National Congress,BJP,,2125,4,,5,25904,8.203,,,25904,,,,
Maharashtra,2017,21-02-2017, ,0,Mumbai Suburban,BRIHAN MUMBAI,MC,7,153,PRABHAG NO 153 ,,,Kalel Navanath Hanamant,,,,,,,5792,Nationalist Congress Party,NCP,,916,5,,5,25904,3.536,,,25904,,,,
Maharashtra,2017,21-02-2017, ,0,Mumbai Suburban,BRIHAN MUMBAI,MC,7,153,PRABHAG NO 153 ,,,NOTA,,,,,,,u10003,,,,811,6,,5,25904,3.131,,,25904,,,,
Maharashtra,2017,21-02-2017, ,0,Mumbai Suburban,BRIHAN MUMBAI,MC,7,154,PRABHAG NO 154 ,,,SHIVGAN MAHADEV SHANKAR,,,,,,,1605,Bhartiya Janata Party,BJP,,8086,1,,9,26505,30.507,,,26505,,,,
Maharashtra,2017,21-02-2017, ,0,Mumbai Suburban,BRIHAN MUMBAI,MC,7,154,PRABHAG NO 154 ,,,MISTRY ABHISHEK KISHAN,,,,,,,1605,Indian National Congress,BJP,,5676,2,,9,26505,21.415,,,26505,,,,
Maharashtra,2017,21-02-2017, ,0,Mumbai Suburban,BRIHAN MUMBAI,MC,7,154,PRABHAG NO 154 ,,,CHAVAN SHEKHAR VISHNU,,,,,,,18691,Shivsena,SHS,,5674,3,,9,26505,21.407,,,26505,,,,
Maharashtra,2017,21-02-2017, ,0,Mumbai Suburban,BRIHAN MUMBAI,MC,7,154,PRABHAG NO 154 ,,,Bhosale Vijay Chandrakant,,,,,,,5792,Nationalist Congress Party,NCP,,4588,4,,9,26505,17.31,,,26505,,,,
Maharashtra,2017,21-02-2017, ,0,Mumbai Suburban,BRIHAN MUMBAI,MC,7,154,PRABHAG NO 154 ,,,THORAVE DNYANDEV VITTHAL,,,,,,,11633,Maharashtra Navnirman Sena,MNS,,1399,5,,9,26505,5.278,,,26505,,,,
Maharashtra,2017,21-02-2017, ,0,Mumbai Suburban,BRIHAN MUMBAI,MC,7,154,PRABHAG NO 154 ,,,shetty satish anand,,,,,,,10809,Independent,IND,,219,6,,9,26505,0.826,,,26505,,,,
Maharashtra,2017,21-02-2017, ,0,Mumbai Suburban,BRIHAN MUMBAI,MC,7,154,PRABHAG NO 154 ,,,NAIDU SHIVRAM BALAIYA,,,,,,,10809,Independent,IND,,142,7,,9,26505,0.536,,,26505,,,,
Maharashtra,2017,21-02-2017, ,0,Mumbai Suburban,BRIHAN MUMBAI,MC,7,154,PRABHAG NO 154 ,,,KHAN AZIZULHASAN SHABBIRHASAN,,,,,,,7425,Samajwadi Party,SP,,67,8,,9,26505,0.253,,,26505,,,,
Maharashtra,2017,21-02-2017, ,0,Mumbai Suburban,BRIHAN MUMBAI,MC,7,154,PRABHAG NO 154 ,,,SHINDE RAMCHANDRA ROHIDAS,,,,,,,12285,Republican Party of India (A),RPI(A),,65,9,,9,26505,0.245,,,26505,,,,
Maharashtra,2017,21-02-2017, ,0,Mumbai Suburban,BRIHAN MUMBAI,MC,7,154,PRABHAG NO 154 ,,,NOTA,,,,,,,u10003,,,,589,10,,9,26505,2.222,,,26505,,,,
Maharashtra,2017,21-02-2017, ,0,Mumbai Suburban,BRIHAN MUMBAI,MC,7,155,PRABHAG NO 155 ,,,SHETYE SHRIKANT GOVIND,,,,,,,18691,Shivsena,SHS,,8014,1,,14,26918,29.772,,,26918,,,,
Maharashtra,2017,21-02-2017, ,0,Mumbai Suburban,BRIHAN MUMBAI,MC,7,155,PRABHAG NO 155 ,,,NAGARALE RAJENDRA SHRIRAM,,,,,,,1605,Indian National Congress,BJP,,5199,2,,14,26918,19.314,,,26918,,,,
Maharashtra,2017,21-02-2017, ,0,Mumbai Suburban,BRIHAN MUMBAI,MC,7,155,PRABHAG NO 155 ,,,DUNBALE UTTAM DAMODAR,,,,,,,11633,Maharashtra Navnirman Sena,MNS,,3587,3,,14,26918,13.326,,,26918,,,,
Maharashtra,2017,21-02-2017, ,0,Mumbai Suburban,BRIHAN MUMBAI,MC,7,155,PRABHAG NO 155 ,,,POL PRAVIN PARMESHWAR,,,,,,,1875,Bharip Bahujan Mahasangh,BBM,,2954,4,,14,26918,10.974,,,26918,,,,
Maharashtra,2017,21-02-2017, ,0,Mumbai Suburban,BRIHAN MUMBAI,MC,7,155,PRABHAG NO 155 ,,,Avchare Appa Ananda,,,,,,,6792,Rashtriya Samaj Paksha,RSPS,,2653,5,,14,26918,9.856,,,26918,,,,
Maharashtra,2017,21-02-2017, ,0,Mumbai Suburban,BRIHAN MUMBAI,MC,7,155,PRABHAG NO 155 ,,,GHOKSHE RAMESH GOPINATH,,,,,,,12285,Republican Party of India (A),RPI(A),,1122,6,,14,26918,4.168,,,26918,,,,
Maharashtra,2017,21-02-2017, ,0,Mumbai Suburban,BRIHAN MUMBAI,MC,7,155,PRABHAG NO 155 ,,,Gaikwad Vishnu Bhanudas,,,,,,,5792,Nationalist Congress Party,NCP,,976,7,,14,26918,3.626,,,26918,,,,
Maharashtra,2017,21-02-2017, ,0,Mumbai Suburban,BRIHAN MUMBAI,MC,7,155,PRABHAG NO 155 ,,,KAMBLE VINOD PARMESHWAR,,,,,,,706,All India Majlis e Ittehadul Muslimeen,AIMIM,,566,8,,14,26918,2.103,,,26918,,,,
Maharashtra,2017,21-02-2017, ,0,Mumbai Suburban,BRIHAN MUMBAI,MC,7,155,PRABHAG NO 155 ,,,PAGARE JAYA PRAMOD,,,,,,,16651,Bahujan Samaj Party,BSP,,326,9,,14,26918,1.211,,,26918,,,,
Maharashtra,2017,21-02-2017, ,0,Mumbai Suburban,BRIHAN MUMBAI,MC,7,155,PRABHAG NO 155 ,,,RAMPHULE MADHUKAR LAXMAN,,,,,,,1096,bahujan republican sociolist party,BARESP,,312,10,,14,26918,1.159,,,26918,,,,
Maharashtra,2017,21-02-2017, ,0,Mumbai Suburban,BRIHAN MUMBAI,MC,7,155,PRABHAG NO 155 ,,,Kale Sachin Vishwanath,,,,,,,5792,Nationalist Congress Party,NCP,,176,11,,14,26918,0.654,,,26918,,,,
Maharashtra,2017,21-02-2017, ,0,Mumbai Suburban,BRIHAN MUMBAI,MC,7,155,PRABHAG NO 155 ,,,DAWARE VIDNYAN SHAM,,,,,,,5792,Nationalist Congress Party,NCP,,143,12,,14,26918,0.531,,,26918,,,,
Maharashtra,2017,21-02-2017, ,0,Mumbai Suburban,BRIHAN MUMBAI,MC,7,155,PRABHAG NO 155 ,,,KHARAT VIDYANAND LAXMAN,,,,,,,10809,Independent,IND,,78,13,,14,26918,0.29,,,26918,,,,
Maharashtra,2017,21-02-2017, ,0,Mumbai Suburban,BRIHAN MUMBAI,MC,7,155,PRABHAG NO 155 ,,,Mokal Manisha Sachin,,,,,,,10809,Independent,IND,,34,14,,14,26918,0.126,,,26918,,,,
Maharashtra,2017,21-02-2017, ,0,Mumbai Suburban,BRIHAN MUMBAI,MC,7,155,PRABHAG NO 155 ,,,NOTA,,,,,,,u10003,,,,778,15,,14,26918,2.89,,,26918,,,,
Maharashtra,2017,21-02-2017, ,0,Mumbai Suburban,BRIHAN MUMBAI,MC,7,156,PRABHAG NO 156 ,,,MATEKAR ASHWINI ASHOK,,,,,,,11633,Maharashtra Navnirman Sena,MNS,,10992,1,,8,22280,49.336,,,22280,,,,
Maharashtra,2017,21-02-2017, ,0,Mumbai Suburban,BRIHAN MUMBAI,MC,7,156,PRABHAG NO 156 ,,,PAWAR SAVITA SHARAD,,,,,,,18691,Shivsena,SHS,,6500,2,,8,22280,29.174,,,22280,,,,
Maharashtra,2017,21-02-2017, ,0,Mumbai Suburban,BRIHAN MUMBAI,MC,7,156,PRABHAG NO 156 ,,,NADAR JAYA SUNDER,,,,,,,1605,Indian National Congress,BJP,,2077,3,,8,22280,9.322,,,22280,,,,
Maharashtra,2017,21-02-2017, ,0,Mumbai Suburban,BRIHAN MUMBAI,MC,7,156,PRABHAG NO 156 ,,,TIWARI POONAM AVINASHCHANDRA,,,,,,,1605,Bhartiya Janata Party,BJP,,1754,4,,8,22280,7.873,,,22280,,,,
Maharashtra,2017,21-02-2017, ,0,Mumbai Suburban,BRIHAN MUMBAI,MC,7,156,PRABHAG NO 156 ,,,KHARCHAN SHWETA KETAN,,,,,,,1875,Bharip Bahujan Mahasangh,BBM,,323,5,,8,22280,1.45,,,22280,,,,
Maharashtra,2017,21-02-2017, ,0,Mumbai Suburban,BRIHAN MUMBAI,MC,7,156,PRABHAG NO 156 ,,,GAIKWAD ANITA RAMESH,,,,,,,16651,Bahujan Samaj Party,BSP,,195,6,,8,22280,0.875,,,22280,,,,
Maharashtra,2017,21-02-2017, ,0,Mumbai Suburban,BRIHAN MUMBAI,MC,7,156,PRABHAG NO 156 ,,,Shaikh Shabnam Abdul Mukhtar,,,,,,,1731,Bhartiya Minorities Suraksha Mahasangh,BMSM,,164,7,,8,22280,0.736,,,22280,,,,
Maharashtra,2017,21-02-2017, ,0,Mumbai Suburban,BRIHAN MUMBAI,MC,7,156,PRABHAG NO 156 ,,,BHALERAO CHHAYA BHAGWAN,,,,,,,10809,Independent,IND,,80,8,,8,22280,0.359,,,22280,,,,
Maharashtra,2017,21-02-2017, ,0,Mumbai Suburban,BRIHAN MUMBAI,MC,7,156,PRABHAG NO 156 ,,,NOTA,,,,,,,u10003,,,,195,9,,8,22280,0.875,,,22280,,,,
Maharashtra,2017,21-02-2017, ,0,Mumbai Suburban,BRIHAN MUMBAI,MC,7,157,PRABHAG NO 157 ,,,SHETYE aKANSHA SANJAY,,,,,,,18691,Shivsena,SHS,,7349,1,,6,22101,33.252,,,22101,,,,
Maharashtra,2017,21-02-2017, ,0,Mumbai Suburban,BRIHAN MUMBAI,MC,7,157,PRABHAG NO 157 ,,,MHASKE SARITA RAVINDRA,,,,,,,1605,Indian National Congress,BJP,,6776,2,,6,22101,30.659,,,22101,,,,
Maharashtra,2017,21-02-2017, ,0,Mumbai Suburban,BRIHAN MUMBAI,MC,7,157,PRABHAG NO 157 ,,,Chougule Reshma Maheshkumar,,,,,,,1605,Bhartiya Janata Party,BJP,,6256,3,,6,22101,28.306,,,22101,,,,
Maharashtra,2017,21-02-2017, ,0,Mumbai Suburban,BRIHAN MUMBAI,MC,7,157,PRABHAG NO 157 ,,,sutar puja machindra,,,,,,,10809,Independent,IND,,784,4,,6,22101,3.547,,,22101,,,,
Maharashtra,2017,21-02-2017, ,0,Mumbai Suburban,BRIHAN MUMBAI,MC,7,157,PRABHAG NO 157 ,,,Matele Trupti Amol,,,,,,,5792,Nationalist Congress Party,NCP,,480,5,,6,22101,2.172,,,22101,,,,
Maharashtra,2017,21-02-2017, ,0,Mumbai Suburban,BRIHAN MUMBAI,MC,7,157,PRABHAG NO 157 ,,,RAUT RUCHITA RAVINDRA,,,,,,,10809,Independent,IND,,135,6,,6,22101,0.611,,,22101,,,,
Maharashtra,2017,21-02-2017, ,0,Mumbai Suburban,BRIHAN MUMBAI,MC,7,157,PRABHAG NO 157 ,,,NOTA,,,,,,,u10003,,,,321,7,,6,22101,1.452,,,22101,,,,
Maharashtra,2017,21-02-2017, ,0,Mumbai Suburban,BRIHAN MUMBAI,MC,7,158,PRABHAG NO 158 ,,,SANGLE CHITRA SOMNATH,,,,,,,18691,Shivsena,SHS,,9696,1,,3,20097,48.246,,,20097,,,,
Maharashtra,2017,21-02-2017, ,0,Mumbai Suburban,BRIHAN MUMBAI,MC,7,158,PRABHAG NO 158 ,,,Chindarkar Rashmi Rajesh,,,,,,,1605,Bhartiya Janata Party,BJP,,5197,2,,3,20097,25.86,,,20097,,,,
Maharashtra,2017,21-02-2017, ,0,Mumbai Suburban,BRIHAN MUMBAI,MC,7,158,PRABHAG NO 158 ,,,MORYE MAYA SHRIKANT,,,,,,,1605,Indian National Congress,BJP,,4819,3,,3,20097,23.979,,,20097,,,,
Maharashtra,2017,21-02-2017, ,0,Mumbai Suburban,BRIHAN MUMBAI,MC,7,158,PRABHAG NO 158 ,,,NOTA,,,,,,,u10003,,,,385,4,,3,20097,1.916,,,20097,,,,
Maharashtra,2017,21-02-2017, ,0,Mumbai Suburban,BRIHAN MUMBAI,MC,7,159,PRABHAG NO 159 ,,,More Prakash Devji,,,,,,,1605,Bhartiya Janata Party,BJP,,6202,1,,14,19440,31.903,,,19440,,,,
Maharashtra,2017,21-02-2017, ,0,Mumbai Suburban,BRIHAN MUMBAI,MC,7,159,PRABHAG NO 159 ,,,JAMSANDEKAR KOMAL KAMALAKAR,,,,,,,18691,Shivsena,SHS,,4248,2,,14,19440,21.852,,,19440,,,,
Maharashtra,2017,21-02-2017, ,0,Mumbai Suburban,BRIHAN MUMBAI,MC,7,159,PRABHAG NO 159 ,,,MANIHAR MOHAMADAYUB ABDULAZIZ,,,,,,,5792,Nationalist Congress Party,NCP,,3313,3,,14,19440,17.042,,,19440,,,,
Maharashtra,2017,21-02-2017, ,0,Mumbai Suburban,BRIHAN MUMBAI,MC,7,159,PRABHAG NO 159 ,,,YADAV SHOBHA SUNILKUMAR,,,,,,,10809,Independent,IND,,1899,4,,14,19440,9.769,,,19440,,,,
Maharashtra,2017,21-02-2017, ,0,Mumbai Suburban,BRIHAN MUMBAI,MC,7,159,PRABHAG NO 159 ,,,Gate Balkrishna Waman,,,,,,,10809,Independent,IND,,1256,5,,14,19440,6.461,,,19440,,,,
Maharashtra,2017,21-02-2017, ,0,Mumbai Suburban,BRIHAN MUMBAI,MC,7,159,PRABHAG NO 159 ,,,FARUQUI AKRAM RIYAZ,,,,,,,1605,Indian National Congress,BJP,,622,6,,14,19440,3.2,,,19440,,,,
Maharashtra,2017,21-02-2017, ,0,Mumbai Suburban,BRIHAN MUMBAI,MC,7,159,PRABHAG NO 159 ,,,MALUSARE RAVINDRA VISHNU,,,,,,,11633,Maharashtra Navnirman Sena,MNS,,477,7,,14,19440,2.454,,,19440,,,,
Maharashtra,2017,21-02-2017, ,0,Mumbai Suburban,BRIHAN MUMBAI,MC,7,159,PRABHAG NO 159 ,,,KHAN ABDULRAHIM KAMRUDDIN,,,,,,,7425,Samajwadi Party,SP,,424,8,,14,19440,2.181,,,19440,,,,
Maharashtra,2017,21-02-2017, ,0,Mumbai Suburban,BRIHAN MUMBAI,MC,7,159,PRABHAG NO 159 ,,,NALAWADE NANDKISHORE SUDHAKAR,,,,,,,10809,Independent,IND,,369,9,,14,19440,1.898,,,19440,,,,
Maharashtra,2017,21-02-2017, ,0,Mumbai Suburban,BRIHAN MUMBAI,MC,7,159,PRABHAG NO 159 ,,,GOSAVI DINESH GOPAL,,,,,,,10809,Independent,IND,,131,10,,14,19440,0.674,,,19440,,,,
Maharashtra,2017,21-02-2017, ,0,Mumbai Suburban,BRIHAN MUMBAI,MC,7,159,PRABHAG NO 159 ,,,MANDAVAKAR VINOD SHIVAJI,,,,,,,10809,Independent,IND,,128,11,,14,19440,0.658,,,19440,,,,
Maharashtra,2017,21-02-2017, ,0,Mumbai Suburban,BRIHAN MUMBAI,MC,7,159,PRABHAG NO 159 ,,,SANKPAL DINESH HARIBA,,,,,,,10809,Independent,IND,,109,12,,14,19440,0.561,,,19440,,,,
Maharashtra,2017,21-02-2017, ,0,Mumbai Suburban,BRIHAN MUMBAI,MC,7,159,PRABHAG NO 159 ,,,SALVI JITENDRA SHRIRAM,,,,,,,10809,Independent,IND,,41,13,,14,19440,0.211,,,19440,,,,
Maharashtra,2017,21-02-2017, ,0,Mumbai Suburban,BRIHAN MUMBAI,MC,7,159,PRABHAG NO 159 ,,,YADAV JITENDRA CHANDRADEV,,,,,,,10809,Independent,IND,,37,14,,14,19440,0.19,,,19440,,,,
Maharashtra,2017,21-02-2017, ,0,Mumbai Suburban,BRIHAN MUMBAI,MC,7,159,PRABHAG NO 159 ,,,NOTA,,,,,,,u10003,,,,184,15,,14,19440,0.947,,,19440,,,,
Maharashtra,2017,21-02-2017, ,0,Mumbai Suburban,BRIHAN MUMBAI,MC,7,160,PRABHAG NO 160 ,,,LANDGE KIRAN JYOTIRAM,,,,,,,10809,Independent,IND,,5752,1,,18,24651,23.334,,,24651,,,,
Maharashtra,2017,21-02-2017, ,0,Mumbai Suburban,BRIHAN MUMBAI,MC,7,160,PRABHAG NO 160 ,,,MATE ASHWINI BHARAT,,,,,,,18691,Shivsena,SHS,,5566,2,,18,24651,22.579,,,24651,,,,
Maharashtra,2017,21-02-2017, ,0,Mumbai Suburban,BRIHAN MUMBAI,MC,7,160,PRABHAG NO 160 ,,,SHUKLA LEENA HARISH,,,,,,,1605,Bhartiya Janata Party,BJP,,4210,3,,18,24651,17.078,,,24651,,,,
Maharashtra,2017,21-02-2017, ,0,Mumbai Suburban,BRIHAN MUMBAI,MC,7,160,PRABHAG NO 160 ,,,DIXIT SHUBHRANSHUSHEKHAR DIWAKAR,,,,,,,11633,Maharashtra Navnirman Sena,MNS,,3037,4,,18,24651,12.32,,,24651,,,,
Maharashtra,2017,21-02-2017, ,0,Mumbai Suburban,BRIHAN MUMBAI,MC,7,160,PRABHAG NO 160 ,,,SHAH MOHAMMEDYUSUF YUNUS,,,,,,,10809,Independent,IND,,2239,5,,18,24651,9.083,,,24651,,,,
Maharashtra,2017,21-02-2017, ,0,Mumbai Suburban,BRIHAN MUMBAI,MC,7,160,PRABHAG NO 160 ,,,Shukla Krishnakumar Ramvilas,,,,,,,1605,Indian National Congress,BJP,,862,6,,18,24651,3.497,,,24651,,,,
Maharashtra,2017,21-02-2017, ,0,Mumbai Suburban,BRIHAN MUMBAI,MC,7,160,PRABHAG NO 160 ,,,Yadav Karedeen Panchuram,,,,,,,7425,Samajwadi Party,SP,,851,7,,18,24651,3.452,,,24651,,,,
Maharashtra,2017,21-02-2017, ,0,Mumbai Suburban,BRIHAN MUMBAI,MC,7,160,PRABHAG NO 160 ,,,shaikh afroz amir,,,,,,,5792,Nationalist Congress Party,NCP,,532,8,,18,24651,2.158,,,24651,,,,
Maharashtra,2017,21-02-2017, ,0,Mumbai Suburban,BRIHAN MUMBAI,MC,7,160,PRABHAG NO 160 ,,,MAURYA ARUNKUMAR KAMLESH,,,,,,,10809,Independent,IND,,337,9,,18,24651,1.367,,,24651,,,,
Maharashtra,2017,21-02-2017, ,0,Mumbai Suburban,BRIHAN MUMBAI,MC,7,160,PRABHAG NO 160 ,,,BHOSLE YOGIRAJ WAMAN,,,,,,,12285,Republican Party of India (A),RPI(A),,207,10,,18,24651,0.84,,,24651,,,,
Maharashtra,2017,21-02-2017, ,0,Mumbai Suburban,BRIHAN MUMBAI,MC,7,160,PRABHAG NO 160 ,,,BENDKHALE CHANDRAKANT VISHNU,,,,,,,10809,Independent,IND,,177,11,,18,24651,0.718,,,24651,,,,
Maharashtra,2017,21-02-2017, ,0,Mumbai Suburban,BRIHAN MUMBAI,MC,7,160,PRABHAG NO 160 ,,,SAYYED ISMAIL MOHAMMAD,,,,,,,16651,Bahujan Samaj Party,BSP,,159,12,,18,24651,0.645,,,24651,,,,
Maharashtra,2017,21-02-2017, ,0,Mumbai Suburban,BRIHAN MUMBAI,MC,7,160,PRABHAG NO 160 ,,,OJHA ASHISHKUMAR VRIJMOHAN,,,,,,,10809,Independent,IND,,149,13,,18,24651,0.604,,,24651,,,,
Maharashtra,2017,21-02-2017, ,0,Mumbai Suburban,BRIHAN MUMBAI,MC,7,160,PRABHAG NO 160 ,,,DIKE VIKAS RAMCHANDRA,,,,,,,10809,Independent,IND,,128,14,,18,24651,0.519,,,24651,,,,
Maharashtra,2017,21-02-2017, ,0,Mumbai Suburban,BRIHAN MUMBAI,MC,7,160,PRABHAG NO 160 ,,,PARKAR ASHISH AJIT,,,,,,,10809,Independent,IND,,74,15,,18,24651,0.3,,,24651,,,,
Maharashtra,2017,21-02-2017, ,0,Mumbai Suburban,BRIHAN MUMBAI,MC,7,160,PRABHAG NO 160 ,,,JADHAV SANDIP RAMCHANDRA,,,,,,,8690,Akhil Bharatiya Sena,ABHS,,59,16,,18,24651,0.239,,,24651,,,,
Maharashtra,2017,21-02-2017, ,0,Mumbai Suburban,BRIHAN MUMBAI,MC,7,160,PRABHAG NO 160 ,,,KULKARNI JITU SURESH,,,,,,,10809,Independent,IND,,57,17,,18,24651,0.231,,,24651,,,,
Maharashtra,2017,21-02-2017, ,0,Mumbai Suburban,BRIHAN MUMBAI,MC,7,160,PRABHAG NO 160 ,,,SAYYED SHAZADALI IRSHADALI,,,,,,,10809,Independent,IND,,52,18,,18,24651,0.211,,,24651,,,,
Maharashtra,2017,21-02-2017, ,0,Mumbai Suburban,BRIHAN MUMBAI,MC,7,160,PRABHAG NO 160 ,,,NOTA,,,,,,,u10003,,,,203,19,,18,24651,0.823,,,24651,,,,
Maharashtra,2017,21-02-2017, ,0,Mumbai Suburban,BRIHAN MUMBAI,MC,7,161,PRABHAG NO 161 ,,,Shinde Vijayendra Onkar,,,,,,,18691,Shivsena,SHS,,5338,1,,8,16914,31.56,,,16914,,,,
Maharashtra,2017,21-02-2017, ,0,Mumbai Suburban,BRIHAN MUMBAI,MC,7,161,PRABHAG NO 161 ,,,SAYYED IMRAN NABI,,,,,,,706,All India Majlis e Ittehadul Muslimeen,AIMIM,,4071,2,,8,16914,24.069,,,16914,,,,
Maharashtra,2017,21-02-2017, ,0,Mumbai Suburban,BRIHAN MUMBAI,MC,7,161,PRABHAG NO 161 ,,,RELE PRASHANT JANARDHAN,,,,,,,1605,Bhartiya Janata Party,BJP,,2652,3,,8,16914,15.679,,,16914,,,,
Maharashtra,2017,21-02-2017, ,0,Mumbai Suburban,BRIHAN MUMBAI,MC,7,161,PRABHAG NO 161 ,,,BAND PRACHI PRADEEP,,,,,,,11633,Maharashtra Navnirman Sena,MNS,,2507,4,,8,16914,14.822,,,16914,,,,
Maharashtra,2017,21-02-2017, ,0,Mumbai Suburban,BRIHAN MUMBAI,MC,7,161,PRABHAG NO 161 ,,,MULANI ABBAS CHANDULAL,,,,,,,1605,Indian National Congress,BJP,,1605,5,,8,16914,9.489,,,16914,,,,
Maharashtra,2017,21-02-2017, ,0,Mumbai Suburban,BRIHAN MUMBAI,MC,7,161,PRABHAG NO 161 ,,,SHAH QUTUBALAM VAKIL,,,,,,,5792,Nationalist Congress Party,NCP,,382,6,,8,16914,2.258,,,16914,,,,
Maharashtra,2017,21-02-2017, ,0,Mumbai Suburban,BRIHAN MUMBAI,MC,7,161,PRABHAG NO 161 ,,,SHAIKH ABDULRASHID MOHAMMADISLAM,,,,,,,5995,Peace Party,PECP,,69,7,,8,16914,0.408,,,16914,,,,
Maharashtra,2017,21-02-2017, ,0,Mumbai Suburban,BRIHAN MUMBAI,MC,7,161,PRABHAG NO 161 ,,,SAYYED IRAM IRSHAD,,,,,,,10809,Independent,IND,,43,8,,8,16914,0.254,,,16914,,,,
Maharashtra,2017,21-02-2017, ,0,Mumbai Suburban,BRIHAN MUMBAI,MC,7,161,PRABHAG NO 161 ,,,NOTA,,,,,,,u10003,,,,247,9,,8,16914,1.46,,,16914,,,,
Maharashtra,2017,21-02-2017, ,0,Mumbai Suburban,BRIHAN MUMBAI,MC,7,162,PRABHAG NO 162 ,,,QURESHI WAJID WAHID,,,,,,,1605,Indian National Congress,BJP,,6148,1,,10,20695,29.708,,,20695,,,,
Maharashtra,2017,21-02-2017, ,0,Mumbai Suburban,BRIHAN MUMBAI,MC,7,162,PRABHAG NO 162 ,,,LANDE PRANAV DILIP,,,,,,,11633,Maharashtra Navnirman Sena,MNS,,4914,2,,10,20695,23.745,,,20695,,,,
Maharashtra,2017,21-02-2017, ,0,Mumbai Suburban,BRIHAN MUMBAI,MC,7,162,PRABHAG NO 162 ,,,PARTE ANKUSH SURESH,,,,,,,1605,Bhartiya Janata Party,BJP,,2486,3,,10,20695,12.013,,,20695,,,,
Maharashtra,2017,21-02-2017, ,0,Mumbai Suburban,BRIHAN MUMBAI,MC,7,162,PRABHAG NO 162 ,,,GAIKWAD POOJA JOGENDRA,,,,,,,10809,Independent,IND,,1706,4,,10,20695,8.244,,,20695,,,,
Maharashtra,2017,21-02-2017, ,0,Mumbai Suburban,BRIHAN MUMBAI,MC,7,162,PRABHAG NO 162 ,,,LAVATE NAGESH VITTHAL,,,,,,,18691,Shivsena,SHS,,1693,5,,10,20695,8.181,,,20695,,,,
Maharashtra,2017,21-02-2017, ,0,Mumbai Suburban,BRIHAN MUMBAI,MC,7,162,PRABHAG NO 162 ,,,TAMBOLI SHABBIR DAGDUBHAI,,,,,,,7425,Samajwadi Party,SP,,1131,6,,10,20695,5.465,,,20695,,,,
Maharashtra,2017,21-02-2017, ,0,Mumbai Suburban,BRIHAN MUMBAI,MC,7,162,PRABHAG NO 162 ,,,DANGE HANIF ADAM,,,,,,,10809,Independent,IND,,1063,7,,10,20695,5.137,,,20695,,,,
Maharashtra,2017,21-02-2017, ,0,Mumbai Suburban,BRIHAN MUMBAI,MC,7,162,PRABHAG NO 162 ,,,shaikh shakeel shafauddin,,,,,,,10809,Independent,IND,,949,8,,10,20695,4.586,,,20695,,,,
Maharashtra,2017,21-02-2017, ,0,Mumbai Suburban,BRIHAN MUMBAI,MC,7,162,PRABHAG NO 162 ,,,sahadevan keshar sohan,,,,,,,5792,Nationalist Congress Party,NCP,,304,9,,10,20695,1.469,,,20695,,,,
Maharashtra,2017,21-02-2017, ,0,Mumbai Suburban,BRIHAN MUMBAI,MC,7,162,PRABHAG NO 162 ,,,SAYYAD KARIMODDIN ALLAUDDIN,,,,,,,10809,Independent,IND,,80,10,,10,20695,0.387,,,20695,,,,
Maharashtra,2017,21-02-2017, ,0,Mumbai Suburban,BRIHAN MUMBAI,MC,7,162,PRABHAG NO 162 ,,,NOTA,,,,,,,u10003,,,,221,11,,10,20695,1.068,,,20695,,,,
Maharashtra,2017,21-02-2017, ,0,Mumbai Suburban,BRIHAN MUMBAI,MC,7,163,PRABHAG NO 163 ,,,LANDE DILIP BHAUSAHEB,,,,,,,11633,Maharashtra Navnirman Sena,MNS,,8009,1,,5,17405,46.016,,,17405,,,,
Maharashtra,2017,21-02-2017, ,0,Mumbai Suburban,BRIHAN MUMBAI,MC,7,163,PRABHAG NO 163 ,,,SHAIKH MOHAMMEDGHOUSE SHAHABUDDIN,,,,,,,1605,Indian National Congress,BJP,,6234,2,,5,17405,35.817,,,17405,,,,
Maharashtra,2017,21-02-2017, ,0,Mumbai Suburban,BRIHAN MUMBAI,MC,7,163,PRABHAG NO 163 ,,,SALUNKHE MAHENDRA MADHUKAR,,,,,,,1605,Bhartiya Janata Party,BJP,,1889,3,,5,17405,10.853,,,17405,,,,
Maharashtra,2017,21-02-2017, ,0,Mumbai Suburban,BRIHAN MUMBAI,MC,7,163,PRABHAG NO 163 ,,,PATIL KESHARSING RAMKRISHNA,,,,,,,18691,Shivsena,SHS,,756,4,,5,17405,4.344,,,17405,,,,
Maharashtra,2017,21-02-2017, ,0,Mumbai Suburban,BRIHAN MUMBAI,MC,7,163,PRABHAG NO 163 ,,,MATHKAR VILAS VIJAY,,,,,,,5792,Nationalist Congress Party,NCP,,253,5,,5,17405,1.454,,,17405,,,,
Maharashtra,2017,21-02-2017, ,0,Mumbai Suburban,BRIHAN MUMBAI,MC,7,163,PRABHAG NO 163 ,,,NOTA,,,,,,,u10003,,,,264,6,,5,17405,1.517,,,17405,,,,
Maharashtra,2017,21-02-2017, ,0,Mumbai Suburban,BRIHAN MUMBAI,MC,7,164,PRABHAG NO 164 ,,,BHANDIRGE HARISH KRISHNA,,,,,,,1605,Bhartiya Janata Party,BJP,,7262,1,,31,26666,27.233,,,26666,,,,
Maharashtra,2017,21-02-2017, ,0,Mumbai Suburban,BRIHAN MUMBAI,MC,7,164,PRABHAG NO 164 ,,,KHAN JAMALAHMED NIYAZAHMED,,,,,,,706,All India Majlis e Ittehadul Muslimeen,AIMIM,,3603,2,,31,26666,13.512,,,26666,,,,
Maharashtra,2017,21-02-2017, ,0,Mumbai Suburban,BRIHAN MUMBAI,MC,7,164,PRABHAG NO 164 ,,,S ANNAMALAI SIVAKOLUNDU,,,,,,,18691,Shivsena,SHS,,3506,3,,31,26666,13.148,,,26666,,,,
Maharashtra,2017,21-02-2017, ,0,Mumbai Suburban,BRIHAN MUMBAI,MC,7,164,PRABHAG NO 164 ,,,CHAUDHARY RAMZANALI ZAINULLAH,,,,,,,1605,Indian National Congress,BJP,,2275,4,,31,26666,8.531,,,26666,,,,
Maharashtra,2017,21-02-2017, ,0,Mumbai Suburban,BRIHAN MUMBAI,MC,7,164,PRABHAG NO 164 ,,,MAHAJAN DNYANESHWAR NAMDEO,,,,,,,11633,Maharashtra Navnirman Sena,MNS,,1857,5,,31,26666,6.964,,,26666,,,,
Maharashtra,2017,21-02-2017, ,0,Mumbai Suburban,BRIHAN MUMBAI,MC,7,164,PRABHAG NO 164 ,,,Shaikh Mansoori Nazra Bano Mohammed Ishaque,,,,,,,7425,Samajwadi Party,SP,,1833,6,,31,26666,6.874,,,26666,,,,
Maharashtra,2017,21-02-2017, ,0,Mumbai Suburban,BRIHAN MUMBAI,MC,7,164,PRABHAG NO 164 ,,,KATKE SAINATH SAHDEV,,,,,,,10809,Independent,IND,,1698,7,,31,26666,6.368,,,26666,,,,
Maharashtra,2017,21-02-2017, ,0,Mumbai Suburban,BRIHAN MUMBAI,MC,7,164,PRABHAG NO 164 ,,,TIWARI SITARAM SHIVNARESH,,,,,,,10809,Independent,IND,,1176,8,,31,26666,4.41,,,26666,,,,
Maharashtra,2017,21-02-2017, ,0,Mumbai Suburban,BRIHAN MUMBAI,MC,7,164,PRABHAG NO 164 ,,,KHAN FARID ABDULLATIF,,,,,,,16651,Bahujan Samaj Party,BSP,,892,9,,31,26666,3.345,,,26666,,,,
Maharashtra,2017,21-02-2017, ,0,Mumbai Suburban,BRIHAN MUMBAI,MC,7,164,PRABHAG NO 164 ,,,BATTELI BABU ULIGAPPA,,,,,,,5792,Nationalist Congress Party,NCP,,468,10,,31,26666,1.755,,,26666,,,,
Maharashtra,2017,21-02-2017, ,0,Mumbai Suburban,BRIHAN MUMBAI,MC,7,164,PRABHAG NO 164 ,,,KHAN AHSANULLAH HABIBULLAH,,,,,,,10809,Independent,IND,,210,11,,31,26666,0.788,,,26666,,,,
Maharashtra,2017,21-02-2017, ,0,Mumbai Suburban,BRIHAN MUMBAI,MC,7,164,PRABHAG NO 164 ,,,SHAIKH SADDAMHUSSAIN ABDULRASHID,,,,,,,5995,Peace Party,PECP,,207,12,,31,26666,0.776,,,26666,,,,
Maharashtra,2017,21-02-2017, ,0,Mumbai Suburban,BRIHAN MUMBAI,MC,7,164,PRABHAG NO 164 ,,,CHAUDHARY RAMZANALI LAISMOHAMMED,,,,,,,10809,Independent,IND,,189,13,,31,26666,0.709,,,26666,,,,
Maharashtra,2017,21-02-2017, ,0,Mumbai Suburban,BRIHAN MUMBAI,MC,7,164,PRABHAG NO 164 ,,,MAHANKUDA MANOJ NARSU,,,,,,,10809,Independent,IND,,169,14,,31,26666,0.634,,,26666,,,,
Maharashtra,2017,21-02-2017, ,0,Mumbai Suburban,BRIHAN MUMBAI,MC,7,164,PRABHAG NO 164 ,,,Tiwari Sanjay Dinanath,,,,,,,10809,Independent,IND,,145,15,,31,26666,0.544,,,26666,,,,
Maharashtra,2017,21-02-2017, ,0,Mumbai Suburban,BRIHAN MUMBAI,MC,7,164,PRABHAG NO 164 ,,,mohanty santosh sarathi,,,,,,,10809,Independent,IND,,117,16,,31,26666,0.439,,,26666,,,,
Maharashtra,2017,21-02-2017, ,0,Mumbai Suburban,BRIHAN MUMBAI,MC,7,164,PRABHAG NO 164 ,,,Singh Raghvendra Vijaykumar,,,,,,,10809,Independent,IND,,91,17,,31,26666,0.341,,,26666,,,,
Maharashtra,2017,21-02-2017, ,0,Mumbai Suburban,BRIHAN MUMBAI,MC,7,164,PRABHAG NO 164 ,,,KHAN ABDULREHEBAR KARIM,,,,,,,1731,Bhartiya Minorities Suraksha Mahasangh,BMSM,,83,18,,31,26666,0.311,,,26666,,,,
Maharashtra,2017,21-02-2017, ,0,Mumbai Suburban,BRIHAN MUMBAI,MC,7,164,PRABHAG NO 164 ,,,HOTKAR RAJKUMARI SHANKAR,,,,,,,24549,Sambhaji Brigade,SBBGP,,70,19,,31,26666,0.263,,,26666,,,,
Maharashtra,2017,21-02-2017, ,0,Mumbai Suburban,BRIHAN MUMBAI,MC,7,164,PRABHAG NO 164 ,,,parihar sagar sopan,,,,,,,1875,Bharip Bahujan Mahasangh,BBM,,69,20,,31,26666,0.259,,,26666,,,,
Maharashtra,2017,21-02-2017, ,0,Mumbai Suburban,BRIHAN MUMBAI,MC,7,164,PRABHAG NO 164 ,,,VISHWAKARMA DEEPAKKUMAR UMASHANKAR,,,,,,,10809,Independent,IND,,60,21,,31,26666,0.225,,,26666,,,,
Maharashtra,2017,21-02-2017, ,0,Mumbai Suburban,BRIHAN MUMBAI,MC,7,164,PRABHAG NO 164 ,,,NARAYANKAR MOHAN NAGNATH,,,,,,,880,Ambedkarite Party Of India,APoI,,60,22,,31,26666,0.225,,,26666,,,,
Maharashtra,2017,21-02-2017, ,0,Mumbai Suburban,BRIHAN MUMBAI,MC,7,164,PRABHAG NO 164 ,,,KHARATMOL GANESH KONDIBA,,,,,,,10809,Independent,IND,,60,23,,31,26666,0.225,,,26666,,,,
Maharashtra,2017,21-02-2017, ,0,Mumbai Suburban,BRIHAN MUMBAI,MC,7,164,PRABHAG NO 164 ,,,ALVI Mohammed Aslam Mohammed Ali,,,,,,,1096,bahujan republican sociolist party,BARESP,,57,24,,31,26666,0.214,,,26666,,,,
Maharashtra,2017,21-02-2017, ,0,Mumbai Suburban,BRIHAN MUMBAI,MC,7,164,PRABHAG NO 164 ,,,VISHWAKARMA NIRAJ RAVINDRA,,,,,,,10809,Independent,IND,,55,25,,31,26666,0.206,,,26666,,,,
Maharashtra,2017,21-02-2017, ,0,Mumbai Suburban,BRIHAN MUMBAI,MC,7,164,PRABHAG NO 164 ,,,VICHARE CHANDRAKANT DATTARAM,,,,,,,10809,Independent,IND,,53,26,,31,26666,0.199,,,26666,,,,
Maharashtra,2017,21-02-2017, ,0,Mumbai Suburban,BRIHAN MUMBAI,MC,7,164,PRABHAG NO 164 ,,,PANDHARE VIKRANT MOHAN,,,,,,,10809,Independent,IND,,44,27,,31,26666,0.165,,,26666,,,,
Maharashtra,2017,21-02-2017, ,0,Mumbai Suburban,BRIHAN MUMBAI,MC,7,164,PRABHAG NO 164 ,,,SHIRSAT SHRIKANT GANPAT,,,,,,,10809,Independent,IND,,44,28,,31,26666,0.165,,,26666,,,,
Maharashtra,2017,21-02-2017, ,0,Mumbai Suburban,BRIHAN MUMBAI,MC,7,164,PRABHAG NO 164 ,,,Hotkar Dharmraj Krishna,,,,,,,u10016,Jankalyan Sena,,,44,29,,31,26666,0.165,,,26666,,,,
Maharashtra,2017,21-02-2017, ,0,Mumbai Suburban,BRIHAN MUMBAI,MC,7,164,PRABHAG NO 164 ,,,PATRA SATYAWAN LAKSHMAN,,,,,,,10809,Independent,IND,,43,30,,31,26666,0.161,,,26666,,,,
Maharashtra,2017,21-02-2017, ,0,Mumbai Suburban,BRIHAN MUMBAI,MC,7,164,PRABHAG NO 164 ,,,Shaikh Mansuri Shazad Kasim Ali,,,,,,,7425,Samajwadi Party,SP,,29,31,,31,26666,0.109,,,26666,,,,
Maharashtra,2017,21-02-2017, ,0,Mumbai Suburban,BRIHAN MUMBAI,MC,7,164,PRABHAG NO 164 ,,,NOTA,,,,,,,u10003,,,,197,32,,31,26666,0.739,,,26666,,,,
Maharashtra,2017,21-02-2017, ,0,Mumbai Suburban,BRIHAN MUMBAI,MC,7,165,PRABHAG NO 165 ,,,AZMI MOHAMMEDASHRAF MOHAMMEDASLAM,,,,,,,1605,Indian National Congress,BJP,,6268,1,,16,20282,30.904,,,20282,,,,
Maharashtra,2017,21-02-2017, ,0,Mumbai Suburban,BRIHAN MUMBAI,MC,7,165,PRABHAG NO 165 ,,,BADGUJAR KETAN SHANKAR,,,,,,,1605,Bhartiya Janata Party,BJP,,3431,2,,16,20282,16.916,,,20282,,,,
Maharashtra,2017,21-02-2017, ,0,Mumbai Suburban,BRIHAN MUMBAI,MC,7,165,PRABHAG NO 165 ,,,MALIK SANA NAWAB,,,,,,,5792,Nationalist Congress Party,NCP,,2917,3,,16,20282,14.382,,,20282,,,,
Maharashtra,2017,21-02-2017, ,0,Mumbai Suburban,BRIHAN MUMBAI,MC,7,165,PRABHAG NO 165 ,,,SHUKLA SHREEPRAKASH SHYAMNARAYAN,,,,,,,18691,Shivsena,SHS,,2743,4,,16,20282,13.524,,,20282,,,,
Maharashtra,2017,21-02-2017, ,0,Mumbai Suburban,BRIHAN MUMBAI,MC,7,165,PRABHAG NO 165 ,,,PAWAR GANESH NARAYAN,,,,,,,11633,Maharashtra Navnirman Sena,MNS,,2480,5,,16,20282,12.228,,,20282,,,,
Maharashtra,2017,21-02-2017, ,0,Mumbai Suburban,BRIHAN MUMBAI,MC,7,165,PRABHAG NO 165 ,,,SHETTY ANITA ANIL,,,,,,,10809,Independent,IND,,1228,6,,16,20282,6.055,,,20282,,,,
Maharashtra,2017,21-02-2017, ,0,Mumbai Suburban,BRIHAN MUMBAI,MC,7,165,PRABHAG NO 165 ,,,SHAH KAMALAHMED IQBALAHMED,,,,,,,706,All India Majlis e Ittehadul Muslimeen,AIMIM,,268,7,,16,20282,1.321,,,20282,,,,
Maharashtra,2017,21-02-2017, ,0,Mumbai Suburban,BRIHAN MUMBAI,MC,7,165,PRABHAG NO 165 ,,,MANTRI FIROZE JAINUDDIN,,,,,,,7425,Samajwadi Party,SP,,248,8,,16,20282,1.223,,,20282,,,,
Maharashtra,2017,21-02-2017, ,0,Mumbai Suburban,BRIHAN MUMBAI,MC,7,165,PRABHAG NO 165 ,,,Wavare Sanjay Dashrath,,,,,,,u10012,Bharatwadi Akata party,,,97,9,,16,20282,0.478,,,20282,,,,
Maharashtra,2017,21-02-2017, ,0,Mumbai Suburban,BRIHAN MUMBAI,MC,7,165,PRABHAG NO 165 ,,,DSOUZA JUSTIN SIMON,,,,,,,10809,Independent,IND,,92,10,,16,20282,0.454,,,20282,,,,
Maharashtra,2017,21-02-2017, ,0,Mumbai Suburban,BRIHAN MUMBAI,MC,7,165,PRABHAG NO 165 ,,,KUMBHARGAN SHASHIKANT SUDHAKAR,,,,,,,10809,Independent,IND,,86,11,,16,20282,0.424,,,20282,,,,
Maharashtra,2017,21-02-2017, ,0,Mumbai Suburban,BRIHAN MUMBAI,MC,7,165,PRABHAG NO 165 ,,,SHAIKH MOHAMMEDNOORHASAN HANIF,,,,,,,12019,Peasants & Workers Party of India,PWP,,67,12,,16,20282,0.33,,,20282,,,,
Maharashtra,2017,21-02-2017, ,0,Mumbai Suburban,BRIHAN MUMBAI,MC,7,165,PRABHAG NO 165 ,,,KAIKADI SANJU NAGU,,,,,,,880,Ambedkarite Party Of India,APoI,,60,13,,16,20282,0.296,,,20282,,,,
Maharashtra,2017,21-02-2017, ,0,Mumbai Suburban,BRIHAN MUMBAI,MC,7,165,PRABHAG NO 165 ,,,JAWADWALA MURTAZA SAIFUDDIN,,,,,,,1096,bahujan republican sociolist party,BARESP,,51,14,,16,20282,0.251,,,20282,,,,
Maharashtra,2017,21-02-2017, ,0,Mumbai Suburban,BRIHAN MUMBAI,MC,7,165,PRABHAG NO 165 ,,,Damudre Kailash Madhukar,,,,,,,u10016,Jankalyan Sena,,,28,15,,16,20282,0.138,,,20282,,,,
Maharashtra,2017,21-02-2017, ,0,Mumbai Suburban,BRIHAN MUMBAI,MC,7,165,PRABHAG NO 165 ,,,SHAH YASMIN MOSULTAN,,,,,,,10809,Independent,IND,,23,16,,16,20282,0.113,,,20282,,,,
Maharashtra,2017,21-02-2017, ,0,Mumbai Suburban,BRIHAN MUMBAI,MC,7,165,PRABHAG NO 165 ,,,NOTA,,,,,,,u10003,,,,195,17,,16,20282,0.961,,,20282,,,,
Maharashtra,2017,21-02-2017, ,0,Mumbai Suburban,BRIHAN MUMBAI,MC,7,166,PRABHAG NO 166 ,,,Turde Sanjay Ramchandra,,,,,,,11633,Maharashtra Navnirman Sena,MNS,,5908,1,,15,21526,27.446,,,21526,,,,
Maharashtra,2017,21-02-2017, ,0,Mumbai Suburban,BRIHAN MUMBAI,MC,7,166,PRABHAG NO 166 ,,,KHATU SUDHIR PANDURANG,,,,,,,1605,Bhartiya Janata Party,BJP,,5152,2,,15,21526,23.934,,,21526,,,,
Maharashtra,2017,21-02-2017, ,0,Mumbai Suburban,BRIHAN MUMBAI,MC,7,166,PRABHAG NO 166 ,,,Singh Nitesh Rajhans,,,,,,,1605,Indian National Congress,BJP,,4632,3,,15,21526,21.518,,,21526,,,,
Maharashtra,2017,21-02-2017, ,0,Mumbai Suburban,BRIHAN MUMBAI,MC,7,166,PRABHAG NO 166 ,,,TULASKAR MANALI MANGESH,,,,,,,18691,Shivsena,SHS,,3794,4,,15,21526,17.625,,,21526,,,,
Maharashtra,2017,21-02-2017, ,0,Mumbai Suburban,BRIHAN MUMBAI,MC,7,166,PRABHAG NO 166 ,,,SHAIKH ISMAIL IBRAHIM,,,,,,,7425,Samajwadi Party,SP,,1217,5,,15,21526,5.654,,,21526,,,,
Maharashtra,2017,21-02-2017, ,0,Mumbai Suburban,BRIHAN MUMBAI,MC,7,166,PRABHAG NO 166 ,,,VIRKAR VITHAL YASHWANT,,,,,,,5792,Nationalist Congress Party,NCP,,269,6,,15,21526,1.25,,,21526,,,,
Maharashtra,2017,21-02-2017, ,0,Mumbai Suburban,BRIHAN MUMBAI,MC,7,166,PRABHAG NO 166 ,,,KOTHARE MACHINDRA KRISHNA,,,,,,,10809,Independent,IND,,115,7,,15,21526,0.534,,,21526,,,,
Maharashtra,2017,21-02-2017, ,0,Mumbai Suburban,BRIHAN MUMBAI,MC,7,166,PRABHAG NO 166 ,,,Fernandes Derrel Peter,,,,,,,10809,Independent,IND,,61,8,,15,21526,0.283,,,21526,,,,
Maharashtra,2017,21-02-2017, ,0,Mumbai Suburban,BRIHAN MUMBAI,MC,7,166,PRABHAG NO 166 ,,,DESAI ANIL RAMCHANDRA,,,,,,,10809,Independent,IND,,55,9,,15,21526,0.256,,,21526,,,,
Maharashtra,2017,21-02-2017, ,0,Mumbai Suburban,BRIHAN MUMBAI,MC,7,166,PRABHAG NO 166 ,,,Harijan Rekha Ramkishan,,,,,,,1731,Bhartiya Minorities Suraksha Mahasangh,BMSM,,48,10,,15,21526,0.223,,,21526,,,,
Maharashtra,2017,21-02-2017, ,0,Mumbai Suburban,BRIHAN MUMBAI,MC,7,166,PRABHAG NO 166 ,,,Pawar Dinesh Baban,,,,,,,16651,Bahujan Samaj Party,BSP,,46,11,,15,21526,0.214,,,21526,,,,
Maharashtra,2017,21-02-2017, ,0,Mumbai Suburban,BRIHAN MUMBAI,MC,7,166,PRABHAG NO 166 ,,,KAMBLE AKASH NAMDEO,,,,,,,8690,Akhil Bharatiya Sena,ABHS,,36,12,,15,21526,0.167,,,21526,,,,
Maharashtra,2017,21-02-2017, ,0,Mumbai Suburban,BRIHAN MUMBAI,MC,7,166,PRABHAG NO 166 ,,,khan irfanahmed niyajeeahmed,,,,,,,10809,Independent,IND,,32,13,,15,21526,0.149,,,21526,,,,
Maharashtra,2017,21-02-2017, ,0,Mumbai Suburban,BRIHAN MUMBAI,MC,7,166,PRABHAG NO 166 ,,,Patil Priya Hemant,,,,,,,10809,Independent,IND,,27,14,,15,21526,0.125,,,21526,,,,
Maharashtra,2017,21-02-2017, ,0,Mumbai Suburban,BRIHAN MUMBAI,MC,7,166,PRABHAG NO 166 ,,,SANAP AKSHAY KACHARU,,,,,,,24532,prahar janshakti paksh,PHJSP,,15,15,,15,21526,0.07,,,21526,,,Same as Prahar Janshakti Party,
Maharashtra,2017,21-02-2017, ,0,Mumbai Suburban,BRIHAN MUMBAI,MC,7,166,PRABHAG NO 166 ,,,NOTA,,,,,,,u10003,,,,119,16,,15,21526,0.553,,,21526,,,,
Maharashtra,2017,21-02-2017, ,0,Mumbai Suburban,BRIHAN MUMBAI,MC,7,167,PRABHAG NO 167 ,,,AZMI DILSHADBANU MOHAMMEDASHRAF,,,,,,,1605,Indian National Congress,BJP,,8874,1,,10,20798,42.668,,,20798,,,,
Maharashtra,2017,21-02-2017, ,0,Mumbai Suburban,BRIHAN MUMBAI,MC,7,167,PRABHAG NO 167 ,,,SHAIKH RUKHSANA MOHAMMEDISMAIL,,,,,,,7425,Samajwadi Party,SP,,4777,2,,10,20798,22.969,,,20798,,,,
Maharashtra,2017,21-02-2017, ,0,Mumbai Suburban,BRIHAN MUMBAI,MC,7,167,PRABHAG NO 167 ,,,KHAIRNAR LATA RAJAN,,,,,,,18691,Shivsena,SHS,,3583,3,,10,20798,17.228,,,20798,,,,
Maharashtra,2017,21-02-2017, ,0,Mumbai Suburban,BRIHAN MUMBAI,MC,7,167,PRABHAG NO 167 ,,,GANGURDE SUREKHA JITESH,,,,,,,12285,Republican Party of India (A),RPI(A),,1526,4,,10,20798,7.337,,,20798,,,,
Maharashtra,2017,21-02-2017, ,0,Mumbai Suburban,BRIHAN MUMBAI,MC,7,167,PRABHAG NO 167 ,,,ANSARI NASEEMBANO IMRAN,,,,,,,11633,Maharashtra Navnirman Sena,MNS,,726,5,,10,20798,3.491,,,20798,,,,
Maharashtra,2017,21-02-2017, ,0,Mumbai Suburban,BRIHAN MUMBAI,MC,7,167,PRABHAG NO 167 ,,,SHAIKH RUQAIYA ABDULASAD,,,,,,,706,All India Majlis e Ittehadul Muslimeen,AIMIM,,678,6,,10,20798,3.26,,,20798,,,,
Maharashtra,2017,21-02-2017, ,0,Mumbai Suburban,BRIHAN MUMBAI,MC,7,167,PRABHAG NO 167 ,,,GANGURDE SUSHILA SUNIL,,,,,,,880,Ambedkarite Party Of India,APoI,,232,7,,10,20798,1.115,,,20798,,,,
Maharashtra,2017,21-02-2017, ,0,Mumbai Suburban,BRIHAN MUMBAI,MC,7,167,PRABHAG NO 167 ,,,SINGH SONU SUJIT,,,,,,,10809,Independent,IND,,78,8,,10,20798,0.375,,,20798,,,,
Maharashtra,2017,21-02-2017, ,0,Mumbai Suburban,BRIHAN MUMBAI,MC,7,167,PRABHAG NO 167 ,,,SHAIKH FARHA NaZ MOHD SABIR,,,,,,,10809,Independent,IND,,72,9,,10,20798,0.346,,,20798,,,,
Maharashtra,2017,21-02-2017, ,0,Mumbai Suburban,BRIHAN MUMBAI,MC,7,167,PRABHAG NO 167 ,,,SHAIKH SHAKUNATNISHA ZIYAULLAH,,,,,,,10809,Independent,IND,,28,10,,10,20798,0.135,,,20798,,,,
Maharashtra,2017,21-02-2017, ,0,Mumbai Suburban,BRIHAN MUMBAI,MC,7,167,PRABHAG NO 167 ,,,NOTA,,,,,,,u10003,,,,224,11,,10,20798,1.077,,,20798,,,,
Maharashtra,2017,21-02-2017, ,0,Mumbai Suburban,BRIHAN MUMBAI,MC,7,168,PRABHAG NO 168 ,,,Khan Saeeda Arif,,,,,,,5792,Nationalist Congress Party,NCP,,7896,1,,10,25362,31.133,,,25362,,,,
Maharashtra,2017,21-02-2017, ,0,Mumbai Suburban,BRIHAN MUMBAI,MC,7,168,PRABHAG NO 168 ,,,PEDNEKAR ANURADHA MAHESH,,,,,,,18691,Shivsena,SHS,,6313,2,,10,25362,24.892,,,25362,,,,
Maharashtra,2017,21-02-2017, ,0,Mumbai Suburban,BRIHAN MUMBAI,MC,7,168,PRABHAG NO 168 ,,,MADANE DEEPIKA PREMCHAND,,,,,,,1605,Bhartiya Janata Party,BJP,,5645,3,,10,25362,22.258,,,25362,,,,
Maharashtra,2017,21-02-2017, ,0,Mumbai Suburban,BRIHAN MUMBAI,MC,7,168,PRABHAG NO 168 ,,,KALANIYA NOORJAHAN ABDULMAJEED,,,,,,,706,All India Majlis e Ittehadul Muslimeen,AIMIM,,2723,4,,10,25362,10.737,,,25362,,,,
Maharashtra,2017,21-02-2017, ,0,Mumbai Suburban,BRIHAN MUMBAI,MC,7,168,PRABHAG NO 168 ,,,Shaikh asma Mohammed Mudassar,,,,,,,7425,Samajwadi Party,SP,,1150,5,,10,25362,4.534,,,25362,,,,
Maharashtra,2017,21-02-2017, ,0,Mumbai Suburban,BRIHAN MUMBAI,MC,7,168,PRABHAG NO 168 ,,,KHAN SOFIYA ABDULHANNAN,,,,,,,1605,Indian National Congress,BJP,,866,6,,10,25362,3.415,,,25362,,,,
Maharashtra,2017,21-02-2017, ,0,Mumbai Suburban,BRIHAN MUMBAI,MC,7,168,PRABHAG NO 168 ,,,KHAN NOORSABA IMRAN,,,,,,,16651,Bahujan Samaj Party,BSP,,256,7,,10,25362,1.009,,,25362,,,,
Maharashtra,2017,21-02-2017, ,0,Mumbai Suburban,BRIHAN MUMBAI,MC,7,168,PRABHAG NO 168 ,,,GHADGE MEENAKSHI PRASHANT,,,,,,,11633,Maharashtra Navnirman Sena,MNS,,221,8,,10,25362,0.871,,,25362,,,,
Maharashtra,2017,21-02-2017, ,0,Mumbai Suburban,BRIHAN MUMBAI,MC,7,168,PRABHAG NO 168 ,,,QAZI SHAKIRAKHATUN AZIZULLAH,,,,,,,1731,Bhartiya Minorities Suraksha Mahasangh,BMSM,,51,9,,10,25362,0.201,,,25362,,,,
Maharashtra,2017,21-02-2017, ,0,Mumbai Suburban,BRIHAN MUMBAI,MC,7,168,PRABHAG NO 168 ,,,Khan Shakira Shafiqueahmed,,,,,,,10809,Independent,IND,,45,10,,10,25362,0.177,,,25362,,,,
Maharashtra,2017,21-02-2017, ,0,Mumbai Suburban,BRIHAN MUMBAI,MC,7,168,PRABHAG NO 168 ,,,NOTA,,,,,,,u10003,,,,196,11,,10,25362,0.773,,,25362,,,,
Maharashtra,2017,21-02-2017, ,0,Mumbai Suburban,BRIHAN MUMBAI,MC,7,169,PRABHAG NO 169 ,,,MORAJKAR PRAVINA MANISH,,,,,,,18691,Shivsena,SHS,,10299,1,,9,23617,43.608,,,23617,,,,
Maharashtra,2017,21-02-2017, ,0,Mumbai Suburban,BRIHAN MUMBAI,MC,7,169,PRABHAG NO 169 ,,,BHISE SHRIKANT YALLAPPA,,,,,,,1605,Bhartiya Janata Party,BJP,,5511,2,,9,23617,23.335,,,23617,,,,
Maharashtra,2017,21-02-2017, ,0,Mumbai Suburban,BRIHAN MUMBAI,MC,7,169,PRABHAG NO 169 ,,,BHALERAO SUBHASH ASARAM,,,,,,,1605,Indian National Congress,BJP,,4045,3,,9,23617,17.127,,,23617,,,,
Maharashtra,2017,21-02-2017, ,0,Mumbai Suburban,BRIHAN MUMBAI,MC,7,169,PRABHAG NO 169 ,,,BAGADE PRASHANT CHHABILAL,,,,,,,11633,Maharashtra Navnirman Sena,MNS,,1999,4,,9,23617,8.464,,,23617,,,,
Maharashtra,2017,21-02-2017, ,0,Mumbai Suburban,BRIHAN MUMBAI,MC,7,169,PRABHAG NO 169 ,,,KAKADE PRAMILA PRATAP,,,,,,,5792,Nationalist Congress Party,NCP,,461,5,,9,23617,1.952,,,23617,,,,
Maharashtra,2017,21-02-2017, ,0,Mumbai Suburban,BRIHAN MUMBAI,MC,7,169,PRABHAG NO 169 ,,,KAMBLE MANGESH CHANDRABHAGA,,,,,,,1875,Bharip Bahujan Mahasangh,BBM,,278,6,,9,23617,1.177,,,23617,,,,
Maharashtra,2017,21-02-2017, ,0,Mumbai Suburban,BRIHAN MUMBAI,MC,7,169,PRABHAG NO 169 ,,,WAGHMARE GANGA BABASAHEB,,,,,,,10809,Independent,IND,,150,7,,9,23617,0.635,,,23617,,,,
Maharashtra,2017,21-02-2017, ,0,Mumbai Suburban,BRIHAN MUMBAI,MC,7,169,PRABHAG NO 169 ,,,Bhavar Vijay Bhaurao,,,,,,,10809,Independent,IND,,132,8,,9,23617,0.559,,,23617,,,,
Maharashtra,2017,21-02-2017, ,0,Mumbai Suburban,BRIHAN MUMBAI,MC,7,169,PRABHAG NO 169 ,,,Sonavane Lalita Shashikant,,,,,,,10809,Independent,IND,,131,9,,9,23617,0.555,,,23617,,,,
Maharashtra,2017,21-02-2017, ,0,Mumbai Suburban,BRIHAN MUMBAI,MC,7,169,PRABHAG NO 169 ,,,NOTA,,,,,,,u10003,,,,611,10,,9,23617,2.587,,,23617,,,,
Maharashtra,2017,21-02-2017, ,0,Mumbai Suburban,BRIHAN MUMBAI,MC,7,170,PRABHAG NO 170 ,,,Malik AbdulRashidKaptan MohammadIslam,,,,,,,5792,Nationalist Congress Party,NCP,,7348,1,,15,18617,39.469,,,18617,,,,
Maharashtra,2017,21-02-2017, ,0,Mumbai Suburban,BRIHAN MUMBAI,MC,7,170,PRABHAG NO 170 ,,,SHINDE DARSHANA DILIP,,,,,,,18691,Shivsena,SHS,,3214,2,,15,18617,17.264,,,18617,,,,
Maharashtra,2017,21-02-2017, ,0,Mumbai Suburban,BRIHAN MUMBAI,MC,7,170,PRABHAG NO 170 ,,,Khan Siraj Sohrab,,,,,,,706,All India Majlis e Ittehadul Muslimeen,AIMIM,,3104,3,,15,18617,16.673,,,18617,,,,
Maharashtra,2017,21-02-2017, ,0,Mumbai Suburban,BRIHAN MUMBAI,MC,7,170,PRABHAG NO 170 ,,,YERUNKAR SWAPNIL CHANDRAKANT,,,,,,,1605,Bhartiya Janata Party,BJP,,2502,4,,15,18617,13.439,,,18617,,,,
Maharashtra,2017,21-02-2017, ,0,Mumbai Suburban,BRIHAN MUMBAI,MC,7,170,PRABHAG NO 170 ,,,MANCHANDA SATISH MADANMOHAN,,,,,,,1605,Indian National Congress,BJP,,783,5,,15,18617,4.206,,,18617,,,,
Maharashtra,2017,21-02-2017, ,0,Mumbai Suburban,BRIHAN MUMBAI,MC,7,170,PRABHAG NO 170 ,,,SHINDE MAHENDRA VITTHAL,,,,,,,11633,Maharashtra Navnirman Sena,MNS,,508,6,,15,18617,2.729,,,18617,,,,
Maharashtra,2017,21-02-2017, ,0,Mumbai Suburban,BRIHAN MUMBAI,MC,7,170,PRABHAG NO 170 ,,,IDRISI MOHAMMEDRAFIQUE MOHAMMEDRASHID,,,,,,,7425,Samajwadi Party,SP,,266,7,,15,18617,1.429,,,18617,,,,
Maharashtra,2017,21-02-2017, ,0,Mumbai Suburban,BRIHAN MUMBAI,MC,7,170,PRABHAG NO 170 ,,,SHINGARE BHIMRAO DNYANDEO,,,,,,,1875,Bharip Bahujan Mahasangh,BBM,,219,8,,15,18617,1.176,,,18617,,,,
Maharashtra,2017,21-02-2017, ,0,Mumbai Suburban,BRIHAN MUMBAI,MC,7,170,PRABHAG NO 170 ,,,More Vijay Dnyandeo,,,,,,,1096,bahujan republican sociolist party,BARESP,,128,9,,15,18617,0.688,,,18617,,,,
Maharashtra,2017,21-02-2017, ,0,Mumbai Suburban,BRIHAN MUMBAI,MC,7,170,PRABHAG NO 170 ,,,SAYED IFTEKHARALI MINHAJALI,,,,,,,16651,Bahujan Samaj Party,BSP,,115,10,,15,18617,0.618,,,18617,,,,
Maharashtra,2017,21-02-2017, ,0,Mumbai Suburban,BRIHAN MUMBAI,MC,7,170,PRABHAG NO 170 ,,,DATTA PAMELADAISY PUSHPRAJ,,,,,,,10809,Independent,IND,,90,11,,15,18617,0.483,,,18617,,,,
Maharashtra,2017,21-02-2017, ,0,Mumbai Suburban,BRIHAN MUMBAI,MC,7,170,PRABHAG NO 170 ,,,DHURI ASHISH ANIL,,,,,,,10809,Independent,IND,,76,12,,15,18617,0.408,,,18617,,,,
Maharashtra,2017,21-02-2017, ,0,Mumbai Suburban,BRIHAN MUMBAI,MC,7,170,PRABHAG NO 170 ,,,SHAIKH MOHDSALIM AHMED,,,,,,,8690,Akhil Bharatiya Sena,ABHS,,52,13,,15,18617,0.279,,,18617,,,,
Maharashtra,2017,21-02-2017, ,0,Mumbai Suburban,BRIHAN MUMBAI,MC,7,170,PRABHAG NO 170 ,,,khan subhan kamaluddin,,,,,,,10809,Independent,IND,,47,14,,15,18617,0.252,,,18617,,,,
Maharashtra,2017,21-02-2017, ,0,Mumbai Suburban,BRIHAN MUMBAI,MC,7,170,PRABHAG NO 170 ,,,Qureshi Aslam NoorMohammed,,,,,,,1731,Bhartiya Minorities Suraksha Mahasangh,BMSM,,42,15,,15,18617,0.226,,,18617,,,,
Maharashtra,2017,21-02-2017, ,0,Mumbai Suburban,BRIHAN MUMBAI,MC,7,170,PRABHAG NO 170 ,,,NOTA,,,,,,,u10003,,,,123,16,,15,18617,0.661,,,18617,,,,
Maharashtra,2017,21-02-2017, ,0,Mumbai Suburban,BRIHAN MUMBAI,MC,7,171,PRABHAG NO 171 ,,,TANDEL SANVEE VIJAY,,,,,,,18691,Shivsena,SHS,,7720,1,,10,21184,36.443,,,21184,,,,
Maharashtra,2017,21-02-2017, ,0,Mumbai Suburban,BRIHAN MUMBAI,MC,7,171,PRABHAG NO 171 ,,,KHAN AFSANA IMRAN,,,,,,,706,All India Majlis e Ittehadul Muslimeen,AIMIM,,4428,2,,10,21184,20.903,,,21184,,,,
Maharashtra,2017,21-02-2017, ,0,Mumbai Suburban,BRIHAN MUMBAI,MC,7,171,PRABHAG NO 171 ,,,QURESHI AMREEN ASIF,,,,,,,5792,Nationalist Congress Party,NCP,,2577,3,,10,21184,12.165,,,21184,,,,
Maharashtra,2017,21-02-2017, ,0,Mumbai Suburban,BRIHAN MUMBAI,MC,7,171,PRABHAG NO 171 ,,,Nikam Reshma Rajendra,,,,,,,10809,Independent,IND,,2547,4,,10,21184,12.023,,,21184,,,,
Maharashtra,2017,21-02-2017, ,0,Mumbai Suburban,BRIHAN MUMBAI,MC,7,171,PRABHAG NO 171 ,,,CHALKE CHETNA CHARUDATTA,,,,,,,1605,Bhartiya Janata Party,BJP,,1792,5,,10,21184,8.459,,,21184,,,,
Maharashtra,2017,21-02-2017, ,0,Mumbai Suburban,BRIHAN MUMBAI,MC,7,171,PRABHAG NO 171 ,,,THALI AMRUTA AVINASH,,,,,,,11633,Maharashtra Navnirman Sena,MNS,,665,6,,10,21184,3.139,,,21184,,,,
Maharashtra,2017,21-02-2017, ,0,Mumbai Suburban,BRIHAN MUMBAI,MC,7,171,PRABHAG NO 171 ,,,SHAIKH SAMEENA WAJID,,,,,,,1605,Indian National Congress,BJP,,470,7,,10,21184,2.219,,,21184,,,,
Maharashtra,2017,21-02-2017, ,0,Mumbai Suburban,BRIHAN MUMBAI,MC,7,171,PRABHAG NO 171 ,,,Shirke Vaishali Tushar,,,,,,,10809,Independent,IND,,460,8,,10,21184,2.171,,,21184,,,,
Maharashtra,2017,21-02-2017, ,0,Mumbai Suburban,BRIHAN MUMBAI,MC,7,171,PRABHAG NO 171 ,,,PATIL SUREKHA HARISHCHANDRA,,,,,,,10809,Independent,IND,,144,9,,10,21184,0.68,,,21184,,,,
Maharashtra,2017,21-02-2017, ,0,Mumbai Suburban,BRIHAN MUMBAI,MC,7,171,PRABHAG NO 171 ,,,Patil Sujata Sunil,,,,,,,10809,Independent,IND,,80,10,,10,21184,0.378,,,21184,,,,
Maharashtra,2017,21-02-2017, ,0,Mumbai Suburban,BRIHAN MUMBAI,MC,7,171,PRABHAG NO 171 ,,,NOTA,,,,,,,u10003,,,,301,11,,10,21184,1.421,,,21184,,,,
Maharashtra,2017,21-02-2017, ,0,Mumbai Suburban,BRIHAN MUMBAI,MC,7,172,PRABHAG NO 172 ,,,Shirwadkar Rajeshree Rajesh,,,,,,,1605,Bhartiya Janata Party,BJP,,13731,1,,9,22961,59.801,,,22961,,,,
Maharashtra,2017,21-02-2017, ,0,Mumbai Suburban,BRIHAN MUMBAI,MC,7,172,PRABHAG NO 172 ,,,Doshi Upendra Pitambardas,,,,,,,1605,Indian National Congress,BJP,,3875,2,,9,22961,16.876,,,22961,,,,
Maharashtra,2017,21-02-2017, ,0,Mumbai Suburban,BRIHAN MUMBAI,MC,7,172,PRABHAG NO 172 ,,,WAGHDHARE PRAKASH DHONDU,,,,,,,18691,Shivsena,SHS,,3778,3,,9,22961,16.454,,,22961,,,,
Maharashtra,2017,21-02-2017, ,0,Mumbai Suburban,BRIHAN MUMBAI,MC,7,172,PRABHAG NO 172 ,,,KENY RAJESH BALKRISHNA,,,,,,,11633,Maharashtra Navnirman Sena,MNS,,473,4,,9,22961,2.06,,,22961,,,,
Maharashtra,2017,21-02-2017, ,0,Mumbai Suburban,BRIHAN MUMBAI,MC,7,172,PRABHAG NO 172 ,,,Durafe Vishal Vijay,,,,,,,5792,Nationalist Congress Party,NCP,,212,5,,9,22961,0.923,,,22961,,,,
Maharashtra,2017,21-02-2017, ,0,Mumbai Suburban,BRIHAN MUMBAI,MC,7,172,PRABHAG NO 172 ,,,SURVE DEVENDRA MADHUKAR,,,,,,,10809,Independent,IND,,182,6,,9,22961,0.793,,,22961,,,,
Maharashtra,2017,21-02-2017, ,0,Mumbai Suburban,BRIHAN MUMBAI,MC,7,172,PRABHAG NO 172 ,,,YADAV VIJAY RAMPRAKASH,,,,,,,16651,Bahujan Samaj Party,BSP,,161,7,,9,22961,0.701,,,22961,,,,
Maharashtra,2017,21-02-2017, ,0,Mumbai Suburban,BRIHAN MUMBAI,MC,7,172,PRABHAG NO 172 ,,,PAWAR DINESH MEGHNATH,,,,,,,10809,Independent,IND,,72,8,,9,22961,0.314,,,22961,,,,
Maharashtra,2017,21-02-2017, ,0,Mumbai Suburban,BRIHAN MUMBAI,MC,7,172,PRABHAG NO 172 ,,,Nair Sunita Alwyn,,,,,,,10809,Independent,IND,,41,9,,9,22961,0.179,,,22961,,,,
Maharashtra,2017,21-02-2017, ,0,Mumbai Suburban,BRIHAN MUMBAI,MC,7,172,PRABHAG NO 172 ,,,NOTA,,,,,,,u10003,,,,436,10,,9,22961,1.899,,,22961,,,,
Maharashtra,2017,21-02-2017, ,0,Mumbai Suburban,BRIHAN MUMBAI,MC,7,173,PRABHAG NO 173 ,,,THOMBRE PRALHAD ABA,,,,,,,18691,Shivsena,SHS,,6492,1,,15,17331,37.459,,,17331,,,,
Maharashtra,2017,21-02-2017, ,0,Mumbai Suburban,BRIHAN MUMBAI,MC,7,173,PRABHAG NO 173 ,,,PAGARE VIJAY SHANTARAM,,,,,,,1605,Bhartiya Janata Party,BJP,,2985,2,,15,17331,17.223,,,17331,,,,
Maharashtra,2017,21-02-2017, ,0,Mumbai Suburban,BRIHAN MUMBAI,MC,7,173,PRABHAG NO 173 ,,,Shetye Sunil Balkrishna,,,,,,,18691,Shivsena,SHS,,2190,3,,15,17331,12.636,,,17331,,,,
Maharashtra,2017,21-02-2017, ,0,Mumbai Suburban,BRIHAN MUMBAI,MC,7,173,PRABHAG NO 173 ,,,HEGDE RAJESH GOVIND,,,,,,,11633,Maharashtra Navnirman Sena,MNS,,1342,4,,15,17331,7.743,,,17331,,,,
Maharashtra,2017,21-02-2017, ,0,Mumbai Suburban,BRIHAN MUMBAI,MC,7,173,PRABHAG NO 173 ,,,KAMBLE RAJU HANUMANT,,,,,,,10809,Independent,IND,,1274,5,,15,17331,7.351,,,17331,,,,
Maharashtra,2017,21-02-2017, ,0,Mumbai Suburban,BRIHAN MUMBAI,MC,7,173,PRABHAG NO 173 ,,,GAIKWAD NAVIN NATHA,,,,,,,1605,Indian National Congress,BJP,,1213,6,,15,17331,6.999,,,17331,,,,
Maharashtra,2017,21-02-2017, ,0,Mumbai Suburban,BRIHAN MUMBAI,MC,7,173,PRABHAG NO 173 ,,,More Vinod Dinkar,,,,,,,10809,Independent,IND,,643,7,,15,17331,3.71,,,17331,,,,
Maharashtra,2017,21-02-2017, ,0,Mumbai Suburban,BRIHAN MUMBAI,MC,7,173,PRABHAG NO 173 ,,,TAMBE SANJAY JAYPRAKASH,,,,,,,1875,Bharip Bahujan Mahasangh,BBM,,268,8,,15,17331,1.546,,,17331,,,,
Maharashtra,2017,21-02-2017, ,0,Mumbai Suburban,BRIHAN MUMBAI,MC,7,173,PRABHAG NO 173 ,,,KAMBLE SHARAD ARJUN,,,,,,,16651,Bahujan Samaj Party,BSP,,260,9,,15,17331,1.5,,,17331,,,,
Maharashtra,2017,21-02-2017, ,0,Mumbai Suburban,BRIHAN MUMBAI,MC,7,173,PRABHAG NO 173 ,,,Hotakar Rakamaji Bhimasha,,,,,,,10809,Independent,IND,,155,10,,15,17331,0.894,,,17331,,,,
Maharashtra,2017,21-02-2017, ,0,Mumbai Suburban,BRIHAN MUMBAI,MC,7,173,PRABHAG NO 173 ,,,BHISE PRASHANT EKNATH,,,,,,,5792,Nationalist Congress Party,NCP,,120,11,,15,17331,0.692,,,17331,,,,
Maharashtra,2017,21-02-2017, ,0,Mumbai Suburban,BRIHAN MUMBAI,MC,7,173,PRABHAG NO 173 ,,,WAGHMARE VIJAY ASHOK,,,,,,,12285,Republican Party of India (A),RPI(A),,105,12,,15,17331,0.606,,,17331,,,,
Maharashtra,2017,21-02-2017, ,0,Mumbai Suburban,BRIHAN MUMBAI,MC,7,173,PRABHAG NO 173 ,,,DANGLE NISHANT VILAS,,,,,,,10809,Independent,IND,,34,13,,15,17331,0.196,,,17331,,,,
Maharashtra,2017,21-02-2017, ,0,Mumbai Suburban,BRIHAN MUMBAI,MC,7,173,PRABHAG NO 173 ,,,KHARAT ASHOK DHONDIRAM,,,,,,,10809,Independent,IND,,25,14,,15,17331,0.144,,,17331,,,,
Maharashtra,2017,21-02-2017, ,0,Mumbai Suburban,BRIHAN MUMBAI,MC,7,173,PRABHAG NO 173 ,,,Sonawane Dinesh Rajaram,,,,,,,1096,bahujan republican sociolist party,BARESP,,22,15,,15,17331,0.127,,,17331,,,,
Maharashtra,2017,21-02-2017, ,0,Mumbai Suburban,BRIHAN MUMBAI,MC,7,173,PRABHAG NO 173 ,,,NOTA,,,,,,,u10003,,,,203,16,,15,17331,1.171,,,17331,,,,
Maharashtra,2017,21-02-2017, ,0,Mumbai Suburban,BRIHAN MUMBAI,MC,7,174,PRABHAG NO 174 ,,,REDDY KRISHNAVENI VINOD,,,,,,,1605,Bhartiya Janata Party,BJP,,2300,1,,17,14142,16.264,,,14142,,,,
Maharashtra,2017,21-02-2017, ,0,Mumbai Suburban,BRIHAN MUMBAI,MC,7,174,PRABHAG NO 174 ,,,Dubey Neelam Dilip,,,,,,,5792,Nationalist Congress Party,NCP,,2112,2,,17,14142,14.934,,,14142,,,,
Maharashtra,2017,21-02-2017, ,0,Mumbai Suburban,BRIHAN MUMBAI,MC,7,174,PRABHAG NO 174 ,,,KHAN KHURSHIDA IMRAN,,,,,,,706,All India Majlis e Ittehadul Muslimeen,AIMIM,,1953,3,,17,14142,13.81,,,14142,,,,
Maharashtra,2017,21-02-2017, ,0,Mumbai Suburban,BRIHAN MUMBAI,MC,7,174,PRABHAG NO 174 ,,,KHAN PRAVINABANO SABIRALI,,,,,,,7425,Samajwadi Party,SP,,1709,4,,17,14142,12.085,,,14142,,,,
Maharashtra,2017,21-02-2017, ,0,Mumbai Suburban,BRIHAN MUMBAI,MC,7,174,PRABHAG NO 174 ,,,khamkar sharvari chetan,,,,,,,18691,Shivsena,SHS,,1578,5,,17,14142,11.158,,,14142,,,,
Maharashtra,2017,21-02-2017, ,0,Mumbai Suburban,BRIHAN MUMBAI,MC,7,174,PRABHAG NO 174 ,,,PAWAR TRUSHNA EKNATH,,,,,,,10809,Independent,IND,,1467,6,,17,14142,10.373,,,14142,,,,
Maharashtra,2017,21-02-2017, ,0,Mumbai Suburban,BRIHAN MUMBAI,MC,7,174,PRABHAG NO 174 ,,,SAYED ZUBAIDAKHATOON KHALIDALI,,,,,,,1605,Indian National Congress,BJP,,1222,7,,17,14142,8.641,,,14142,,,,
Maharashtra,2017,21-02-2017, ,0,Mumbai Suburban,BRIHAN MUMBAI,MC,7,174,PRABHAG NO 174 ,,,BHAPKAR MANGAL ASHOK,,,,,,,11633,Maharashtra Navnirman Sena,MNS,,583,8,,17,14142,4.122,,,14142,,,,
Maharashtra,2017,21-02-2017, ,0,Mumbai Suburban,BRIHAN MUMBAI,MC,7,174,PRABHAG NO 174 ,,,SANSARE PRIYANKA MANOJ,,,,,,,10809,Independent,IND,,439,9,,17,14142,3.104,,,14142,,,,
Maharashtra,2017,21-02-2017, ,0,Mumbai Suburban,BRIHAN MUMBAI,MC,7,174,PRABHAG NO 174 ,,,SASANE SHEETAL BHARAT,,,,,,,16651,Bahujan Samaj Party,BSP,,195,10,,17,14142,1.379,,,14142,,,,
Maharashtra,2017,21-02-2017, ,0,Mumbai Suburban,BRIHAN MUMBAI,MC,7,174,PRABHAG NO 174 ,,,KHAN SUGRABEE ALIHUSAIN,,,,,,,10809,Independent,IND,,124,11,,17,14142,0.877,,,14142,,,,
Maharashtra,2017,21-02-2017, ,0,Mumbai Suburban,BRIHAN MUMBAI,MC,7,174,PRABHAG NO 174 ,,,SHAIKH NASIBUNNISA JAMALWARIS,,,,,,,5792,Nationalist Congress Party,NCP,,121,12,,17,14142,0.856,,,14142,,,,
Maharashtra,2017,21-02-2017, ,0,Mumbai Suburban,BRIHAN MUMBAI,MC,7,174,PRABHAG NO 174 ,,,KHAN AKHTAR JAHAN BABU,,,,,,,10809,Independent,IND,,67,13,,17,14142,0.474,,,14142,,,,
Maharashtra,2017,21-02-2017, ,0,Mumbai Suburban,BRIHAN MUMBAI,MC,7,174,PRABHAG NO 174 ,,,JADHAV JAYSHRI SITARAM,,,,,,,10809,Independent,IND,,54,14,,17,14142,0.382,,,14142,,,,
Maharashtra,2017,21-02-2017, ,0,Mumbai Suburban,BRIHAN MUMBAI,MC,7,174,PRABHAG NO 174 ,,,SHAIKH TASIRUN SAMSEALAM,,,,,,,10809,Independent,IND,,48,15,,17,14142,0.339,,,14142,,,,
Maharashtra,2017,21-02-2017, ,0,Mumbai Suburban,BRIHAN MUMBAI,MC,7,174,PRABHAG NO 174 ,,,Jaiswar Urmila Jokhuprasad,,,,,,,1096,bahujan republican sociolist party,BARESP,,35,16,,17,14142,0.247,,,14142,,,,
Maharashtra,2017,21-02-2017, ,0,Mumbai Suburban,BRIHAN MUMBAI,MC,7,174,PRABHAG NO 174 ,,,KAMBLE MANISHA ANIL,,,,,,,10809,Independent,IND,,20,17,,17,14142,0.141,,,14142,,,,
Maharashtra,2017,21-02-2017, ,0,Mumbai Suburban,BRIHAN MUMBAI,MC,7,174,PRABHAG NO 174 ,,,NOTA,,,,,,,u10003,,,,115,18,,17,14142,0.813,,,14142,,,,
Maharashtra,2017,21-02-2017, ,0,Mumbai Suburban,BRIHAN MUMBAI,MC,7,175,PRABHAG NO 175 ,,,SATAMKAR MANGESH SHRIDHAR,,,,,,,18691,Shivsena,SHS,,6096,1,,5,17599,34.638,,,17599,,,,
Maharashtra,2017,21-02-2017, ,0,Mumbai Suburban,BRIHAN MUMBAI,MC,7,175,PRABHAG NO 175 ,,,YADAV LALITA KACHRU,,,,,,,1605,Indian National Congress,BJP,,5619,2,,5,17599,31.928,,,17599,,,,
Maharashtra,2017,21-02-2017, ,0,Mumbai Suburban,BRIHAN MUMBAI,MC,7,175,PRABHAG NO 175 ,,,YADAV LORIK RAMCHET,,,,,,,1605,Bhartiya Janata Party,BJP,,4867,3,,5,17599,27.655,,,17599,,,,
Maharashtra,2017,21-02-2017, ,0,Mumbai Suburban,BRIHAN MUMBAI,MC,7,175,PRABHAG NO 175 ,,,GUPTA YOGESH SANJAY,,,,,,,5792,Nationalist Congress Party,NCP,,464,4,,5,17599,2.637,,,17599,,,,
Maharashtra,2017,21-02-2017, ,0,Mumbai Suburban,BRIHAN MUMBAI,MC,7,175,PRABHAG NO 175 ,,,Kamble Varsha Vijay,,,,,,,10809,Independent,IND,,153,5,,5,17599,0.869,,,17599,,,,
Maharashtra,2017,21-02-2017, ,0,Mumbai Suburban,BRIHAN MUMBAI,MC,7,175,PRABHAG NO 175 ,,,NOTA,,,,,,,u10003,,,,400,6,,5,17599,2.273,,,17599,,,,
Maharashtra,2017,21-02-2017, ,0,Mumbai Suburban,BRIHAN MUMBAI,MC,7,176,PRABHAG NO 176 ,,,RAJA RAVI KONDU,,,,,,,1605,Indian National Congress,BJP,,3814,1,,17,14871,25.647,,,14871,,,,
Maharashtra,2017,21-02-2017, ,0,Mumbai Suburban,BRIHAN MUMBAI,MC,7,176,PRABHAG NO 176 ,,,PATIL GAJANAN PADMAKAR,,,,,,,18691,Shivsena,SHS,,3678,2,,17,14871,24.733,,,14871,,,,
Maharashtra,2017,21-02-2017, ,0,Mumbai Suburban,BRIHAN MUMBAI,MC,7,176,PRABHAG NO 176 ,,,R MURUGANANTHAM RAMAIAH,,,,,,,1605,Bhartiya Janata Party,BJP,,3495,3,,17,14871,23.502,,,14871,,,,
Maharashtra,2017,21-02-2017, ,0,Mumbai Suburban,BRIHAN MUMBAI,MC,7,176,PRABHAG NO 176 ,,,Sable Santosh Baburao,,,,,,,10809,Independent,IND,,1479,4,,17,14871,9.946,,,14871,,,,
Maharashtra,2017,21-02-2017, ,0,Mumbai Suburban,BRIHAN MUMBAI,MC,7,176,PRABHAG NO 176 ,,,UDAYAR SASUNDAR SUBBIAH,,,,,,,930,All India Anna Dravid Munnetra Kazhagam Party,ADMK,,360,5,,17,14871,2.421,,,14871,,,,
Maharashtra,2017,21-02-2017, ,0,Mumbai Suburban,BRIHAN MUMBAI,MC,7,176,PRABHAG NO 176 ,,,BHOGLE SANJAY PRABHAKAR,,,,,,,11633,Maharashtra Navnirman Sena,MNS,,350,6,,17,14871,2.354,,,14871,,,,
Maharashtra,2017,21-02-2017, ,0,Mumbai Suburban,BRIHAN MUMBAI,MC,7,176,PRABHAG NO 176 ,,,DALVI VIJAY ASHOK,,,,,,,2444,Communist Party Of India,CPI,,350,7,,17,14871,2.354,,,14871,,,,
Maharashtra,2017,21-02-2017, ,0,Mumbai Suburban,BRIHAN MUMBAI,MC,7,176,PRABHAG NO 176 ,,,Iyer Ranganathan Lakshaman,,,,,,,5792,Nationalist Congress Party,NCP,,339,8,,17,14871,2.28,,,14871,,,,
Maharashtra,2017,21-02-2017, ,0,Mumbai Suburban,BRIHAN MUMBAI,MC,7,176,PRABHAG NO 176 ,,,AGRAHARI BABURAM RAMDAYAL,,,,,,,16651,Bahujan Samaj Party,BSP,,286,9,,17,14871,1.923,,,14871,,,,
Maharashtra,2017,21-02-2017, ,0,Mumbai Suburban,BRIHAN MUMBAI,MC,7,176,PRABHAG NO 176 ,,,Panicker Arun Desebalan,,,,,,,10809,Independent,IND,,234,10,,17,14871,1.574,,,14871,,,,
Maharashtra,2017,21-02-2017, ,0,Mumbai Suburban,BRIHAN MUMBAI,MC,7,176,PRABHAG NO 176 ,,,HIRE VATSALA TULSHIRAM,,,,,,,1096,bahujan republican sociolist party,BARESP,,95,11,,17,14871,0.639,,,14871,,,,
Maharashtra,2017,21-02-2017, ,0,Mumbai Suburban,BRIHAN MUMBAI,MC,7,176,PRABHAG NO 176 ,,,Kohli AmarjitSingh GurucharanSingh,,,,,,,10809,Independent,IND,,86,12,,17,14871,0.578,,,14871,,,,
Maharashtra,2017,21-02-2017, ,0,Mumbai Suburban,BRIHAN MUMBAI,MC,7,176,PRABHAG NO 176 ,,,Deswan Vasu Murti,,,,,,,10809,Independent,IND,,34,13,,17,14871,0.229,,,14871,,,,
Maharashtra,2017,21-02-2017, ,0,Mumbai Suburban,BRIHAN MUMBAI,MC,7,176,PRABHAG NO 176 ,,,BHOLE VINOD POPATRAO,,,,,,,10809,Independent,IND,,29,14,,17,14871,0.195,,,14871,,,,
Maharashtra,2017,21-02-2017, ,0,Mumbai Suburban,BRIHAN MUMBAI,MC,7,176,PRABHAG NO 176 ,,,SHETYE PRASHANT PRABHAKAR,,,,,,,10809,Independent,IND,,25,15,,17,14871,0.168,,,14871,,,,
Maharashtra,2017,21-02-2017, ,0,Mumbai Suburban,BRIHAN MUMBAI,MC,7,176,PRABHAG NO 176 ,,,KUMBHE KISHOR CHANDRASEN,,,,,,,10809,Independent,IND,,17,16,,17,14871,0.114,,,14871,,,,
Maharashtra,2017,21-02-2017, ,0,Mumbai Suburban,BRIHAN MUMBAI,MC,7,176,PRABHAG NO 176 ,,,NAIDU RAMESHBABU GURUSWAMI,,,,,,,10809,Independent,IND,,9,17,,17,14871,0.061,,,14871,,,,
Maharashtra,2017,21-02-2017, ,0,Mumbai Suburban,BRIHAN MUMBAI,MC,7,176,PRABHAG NO 176 ,,,NOTA,,,,,,,u10003,,,,191,18,,17,14871,1.284,,,14871,,,,
Maharashtra,2017,21-02-2017, ,0,Mumbai Suburban,BRIHAN MUMBAI,MC,7,177,PRABHAG NO 177 ,,,Shah Nehal Amar,,,,,,,1605,Bhartiya Janata Party,BJP,,11298,1,,10,20148,56.075,,,20148,,,,
Maharashtra,2017,21-02-2017, ,0,Mumbai Suburban,BRIHAN MUMBAI,MC,7,177,PRABHAG NO 177 ,,,Manekatala Princy JasbirSingh,,,,,,,1605,Indian National Congress,BJP,,3158,2,,10,20148,15.674,,,20148,,,,
Maharashtra,2017,21-02-2017, ,0,Mumbai Suburban,BRIHAN MUMBAI,MC,7,177,PRABHAG NO 177 ,,,GANATRA MAHALAXMI V,,,,,,,18691,Shivsena,SHS,,2633,3,,10,20148,13.068,,,20148,,,,
Maharashtra,2017,21-02-2017, ,0,Mumbai Suburban,BRIHAN MUMBAI,MC,7,177,PRABHAG NO 177 ,,,SAIGAL HARVINDERKAUR MANDEEPSINGH,,,,,,,10809,Independent,IND,,868,4,,10,20148,4.308,,,20148,,,,
Maharashtra,2017,21-02-2017, ,0,Mumbai Suburban,BRIHAN MUMBAI,MC,7,177,PRABHAG NO 177 ,,,BORKAR ANAMIKA VIVEK,,,,,,,11633,Maharashtra Navnirman Sena,MNS,,630,5,,10,20148,3.127,,,20148,,,,
Maharashtra,2017,21-02-2017, ,0,Mumbai Suburban,BRIHAN MUMBAI,MC,7,177,PRABHAG NO 177 ,,,SANTIMANO MONICA JOSEPH,,,,,,,5792,Nationalist Congress Party,NCP,,343,6,,10,20148,1.702,,,20148,,,,
Maharashtra,2017,21-02-2017, ,0,Mumbai Suburban,BRIHAN MUMBAI,MC,7,177,PRABHAG NO 177 ,,,PRABHU DEVYANI YASHWANT,,,,,,,10809,Independent,IND,,209,7,,10,20148,1.037,,,20148,,,,
Maharashtra,2017,21-02-2017, ,0,Mumbai Suburban,BRIHAN MUMBAI,MC,7,177,PRABHAG NO 177 ,,,TAMBE SNEHAL SANTOSH,,,,,,,16651,Bahujan Samaj Party,BSP,,192,8,,10,20148,0.953,,,20148,,,,
Maharashtra,2017,21-02-2017, ,0,Mumbai Suburban,BRIHAN MUMBAI,MC,7,177,PRABHAG NO 177 ,,,Gogri Kamini Vrajlal,,,,,,,10809,Independent,IND,,188,9,,10,20148,0.933,,,20148,,,,
Maharashtra,2017,21-02-2017, ,0,Mumbai Suburban,BRIHAN MUMBAI,MC,7,177,PRABHAG NO 177 ,,,Matta RajinderKaur RaghbirSingh,,,,,,,1605,Indian National Congress,BJP,,140,10,,10,20148,0.695,,,20148,,,,
Maharashtra,2017,21-02-2017, ,0,Mumbai Suburban,BRIHAN MUMBAI,MC,7,177,PRABHAG NO 177 ,,,NOTA,,,,,,,u10003,,,,489,11,,10,20148,2.427,,,20148,,,,
Maharashtra,2017,21-02-2017, ,0,Mumbai Suburban,BRIHAN MUMBAI,MC,7,178,PRABHAG NO 178 ,,,Ghole Amey Arun,,,,,,,18691,Shivsena,SHS,,7059,1,,12,24492,28.822,,,24492,,,,
Maharashtra,2017,21-02-2017, ,0,Mumbai Suburban,BRIHAN MUMBAI,MC,7,178,PRABHAG NO 178 ,,,Kothari Jesal Manoj,,,,,,,1605,Bhartiya Janata Party,BJP,,6973,2,,12,24492,28.471,,,24492,,,,
Maharashtra,2017,21-02-2017, ,0,Mumbai Suburban,BRIHAN MUMBAI,MC,7,178,PRABHAG NO 178 ,,,Kirdat Janardhan Balaram,,,,,,,1605,Indian National Congress,BJP,,4483,3,,12,24492,18.304,,,24492,,,,
Maharashtra,2017,21-02-2017, ,0,Mumbai Suburban,BRIHAN MUMBAI,MC,7,178,PRABHAG NO 178 ,,,THAWAI RAGHUNATH DHARMA,,,,,,,10809,Independent,IND,,1348,4,,12,24492,5.504,,,24492,,,,
Maharashtra,2017,21-02-2017, ,0,Mumbai Suburban,BRIHAN MUMBAI,MC,7,178,PRABHAG NO 178 ,,,MHATRE JITENDRA PANDURANG,,,,,,,5792,Nationalist Congress Party,NCP,,1290,5,,12,24492,5.267,,,24492,,,,
Maharashtra,2017,21-02-2017, ,0,Mumbai Suburban,BRIHAN MUMBAI,MC,7,178,PRABHAG NO 178 ,,,KARANDIKAR VAIBHAV DATTATRAY,,,,,,,11633,Maharashtra Navnirman Sena,MNS,,1115,6,,12,24492,4.553,,,24492,,,,
Maharashtra,2017,21-02-2017, ,0,Mumbai Suburban,BRIHAN MUMBAI,MC,7,178,PRABHAG NO 178 ,,,Karwa Girish Narayandas,,,,,,,10809,Independent,IND,,944,7,,12,24492,3.854,,,24492,,,,
Maharashtra,2017,21-02-2017, ,0,Mumbai Suburban,BRIHAN MUMBAI,MC,7,178,PRABHAG NO 178 ,,,PATEL FLETCHER JOSEPH,,,,,,,10809,Independent,IND,,490,8,,12,24492,2.001,,,24492,,,,
Maharashtra,2017,21-02-2017, ,0,Mumbai Suburban,BRIHAN MUMBAI,MC,7,178,PRABHAG NO 178 ,,,GHARAT DILIP NARAYAN,,,,,,,u10008,Bhartiya Shetkari Kamgar Paksh,,,108,9,,12,24492,0.441,,,24492,,,,
Maharashtra,2017,21-02-2017, ,0,Mumbai Suburban,BRIHAN MUMBAI,MC,7,178,PRABHAG NO 178 ,,,gajapurkar ramchandra sakharam,,,,,,,1875,Bharip Bahujan Mahasangh,BBM,,105,10,,12,24492,0.429,,,24492,,,,
Maharashtra,2017,21-02-2017, ,0,Mumbai Suburban,BRIHAN MUMBAI,MC,7,178,PRABHAG NO 178 ,,,Shinde Neelam Sunil,,,,,,,8690,Akhil Bharatiya Sena,ABHS,,53,11,,12,24492,0.216,,,24492,,,,
Maharashtra,2017,21-02-2017, ,0,Mumbai Suburban,BRIHAN MUMBAI,MC,7,178,PRABHAG NO 178 ,,,GARJE PRAVEEN PANDURANG,,,,,,,268,Akhil Bharat Hindu Mahasabha Maharashtra Pradesh,ABHM,,35,12,,12,24492,0.143,,,24492,,,,
Maharashtra,2017,21-02-2017, ,0,Mumbai Suburban,BRIHAN MUMBAI,MC,7,178,PRABHAG NO 178 ,,,NOTA,,,,,,,u10003,,,,489,13,,12,24492,1.997,,,24492,,,,
Maharashtra,2017,21-02-2017, ,0,Mumbai Suburban,BRIHAN MUMBAI,MC,7,179,PRABHAG NO 179 ,,,VANU SUFIYAN NIYAZAHMED,,,,,,,1605,Indian National Congress,BJP,,5630,1,,15,20910,26.925,,,20910,,,,
Maharashtra,2017,21-02-2017, ,0,Mumbai Suburban,BRIHAN MUMBAI,MC,7,179,PRABHAG NO 179 ,,,VISHWASRAO TRUSHNA CHANDRAKANT,,,,,,,18691,Shivsena,SHS,,5503,2,,15,20910,26.318,,,20910,,,,
Maharashtra,2017,21-02-2017, ,0,Mumbai Suburban,BRIHAN MUMBAI,MC,7,179,PRABHAG NO 179 ,,,SAYED ARIF ABDULSALAM,,,,,,,5792,Nationalist Congress Party,NCP,,2857,3,,15,20910,13.663,,,20910,,,,
Maharashtra,2017,21-02-2017, ,0,Mumbai Suburban,BRIHAN MUMBAI,MC,7,179,PRABHAG NO 179 ,,,CHHEDA BABUBHAIBHAVANJI RAVJI,,,,,,,1605,Bhartiya Janata Party,BJP,,2279,4,,15,20910,10.899,,,20910,,,,
Maharashtra,2017,21-02-2017, ,0,Mumbai Suburban,BRIHAN MUMBAI,MC,7,179,PRABHAG NO 179 ,,,SAYYED SHABBIR BABAMIYA,,,,,,,706,All India Majlis e Ittehadul Muslimeen,AIMIM,,1391,5,,15,20910,6.652,,,20910,,,,
Maharashtra,2017,21-02-2017, ,0,Mumbai Suburban,BRIHAN MUMBAI,MC,7,179,PRABHAG NO 179 ,,,LOHALE SANTOSH LAHANU,,,,,,,10809,Independent,IND,,1143,6,,15,20910,5.466,,,20910,,,,
Maharashtra,2017,21-02-2017, ,0,Mumbai Suburban,BRIHAN MUMBAI,MC,7,179,PRABHAG NO 179 ,,,KAMBLE ANANT LAXMAN,,,,,,,11633,Maharashtra Navnirman Sena,MNS,,682,7,,15,20910,3.262,,,20910,,,,
Maharashtra,2017,21-02-2017, ,0,Mumbai Suburban,BRIHAN MUMBAI,MC,7,179,PRABHAG NO 179 ,,,KHARE ASHOK MADHUKAR,,,,,,,10809,Independent,IND,,631,8,,15,20910,3.018,,,20910,,,,
Maharashtra,2017,21-02-2017, ,0,Mumbai Suburban,BRIHAN MUMBAI,MC,7,179,PRABHAG NO 179 ,,,sharma vaishali vijaykumar,,,,,,,1875,Bharip Bahujan Mahasangh,BBM,,136,9,,15,20910,0.65,,,20910,,,,
Maharashtra,2017,21-02-2017, ,0,Mumbai Suburban,BRIHAN MUMBAI,MC,7,179,PRABHAG NO 179 ,,,GARJE PRAVEEN PANDURANG,,,,,,,268,Akhil Bharat Hindu Mahasabha Maharashtra Pradesh,ABHM,,104,10,,15,20910,0.497,,,20910,,,,
Maharashtra,2017,21-02-2017, ,0,Mumbai Suburban,BRIHAN MUMBAI,MC,7,179,PRABHAG NO 179 ,,,FODKAR SARFARAZALI MUSHTAQUEALI,,,,,,,7425,Samajwadi Party,SP,,96,11,,15,20910,0.459,,,20910,,,,
Maharashtra,2017,21-02-2017, ,0,Mumbai Suburban,BRIHAN MUMBAI,MC,7,179,PRABHAG NO 179 ,,,SHAIKH MOHAMMEDGAUS AHMED,,,,,,,10809,Independent,IND,,87,12,,15,20910,0.416,,,20910,,,,
Maharashtra,2017,21-02-2017, ,0,Mumbai Suburban,BRIHAN MUMBAI,MC,7,179,PRABHAG NO 179 ,,,VAISHYA KAMLA RAMSEVAK,,,,,,,12285,Republican Party of India (A),RPI(A),,58,13,,15,20910,0.277,,,20910,,,,
Maharashtra,2017,21-02-2017, ,0,Mumbai Suburban,BRIHAN MUMBAI,MC,7,179,PRABHAG NO 179 ,,,KHATIB AKHTARIBEGAM ZAINUDDIN,,,,,,,10809,Independent,IND,,46,14,,15,20910,0.22,,,20910,,,,
Maharashtra,2017,21-02-2017, ,0,Mumbai Suburban,BRIHAN MUMBAI,MC,7,179,PRABHAG NO 179 ,,,Pardeshi Shekhar Uttamsingh,,,,,,,10809,Independent,IND,,24,15,,15,20910,0.115,,,20910,,,,
Maharashtra,2017,21-02-2017, ,0,Mumbai Suburban,BRIHAN MUMBAI,MC,7,179,PRABHAG NO 179 ,,,NOTA,,,,,,,u10003,,,,243,16,,15,20910,1.162,,,20910,,,,
Maharashtra,2017,21-02-2017, ,0,Mumbai Suburban,BRIHAN MUMBAI,MC,7,180,PRABHAG NO 180 ,,,GAONKAR SMITA SHARAD,,,,,,,18691,Shivsena,SHS,,8625,1,,8,20512,42.049,,,20512,,,,
Maharashtra,2017,21-02-2017, ,0,Mumbai Suburban,BRIHAN MUMBAI,MC,7,180,PRABHAG NO 180 ,,,Pawar Vaishali Krishna,,,,,,,1605,Indian National Congress,BJP,,5584,2,,8,20512,27.223,,,20512,,,,
Maharashtra,2017,21-02-2017, ,0,Mumbai Suburban,BRIHAN MUMBAI,MC,7,180,PRABHAG NO 180 ,,,YADAV BINDU VINODKUMAR,,,,,,,1605,Bhartiya Janata Party,BJP,,3748,3,,8,20512,18.272,,,20512,,,,
Maharashtra,2017,21-02-2017, ,0,Mumbai Suburban,BRIHAN MUMBAI,MC,7,180,PRABHAG NO 180 ,,,NAKTI TEJASWINI RAMESH,,,,,,,11633,Maharashtra Navnirman Sena,MNS,,753,4,,8,20512,3.671,,,20512,,,,
Maharashtra,2017,21-02-2017, ,0,Mumbai Suburban,BRIHAN MUMBAI,MC,7,180,PRABHAG NO 180 ,,,Qureshi Sabika Mohd Hasan,,,,,,,5792,Nationalist Congress Party,NCP,,559,5,,8,20512,2.725,,,20512,,,,
Maharashtra,2017,21-02-2017, ,0,Mumbai Suburban,BRIHAN MUMBAI,MC,7,180,PRABHAG NO 180 ,,,Qureshi Shamshad Adam,,,,,,,10809,Independent,IND,,369,6,,8,20512,1.799,,,20512,,,,
Maharashtra,2017,21-02-2017, ,0,Mumbai Suburban,BRIHAN MUMBAI,MC,7,180,PRABHAG NO 180 ,,,PATIL aRTI MANGESH,,,,,,,u10008,Bhartiya Shetkari Kamgar Paksh,,,243,7,,8,20512,1.185,,,20512,,,,
Maharashtra,2017,21-02-2017, ,0,Mumbai Suburban,BRIHAN MUMBAI,MC,7,180,PRABHAG NO 180 ,,,Kokate Shweta Deepak,,,,,,,10809,Independent,IND,,201,8,,8,20512,0.98,,,20512,,,,
Maharashtra,2017,21-02-2017, ,0,Mumbai Suburban,BRIHAN MUMBAI,MC,7,180,PRABHAG NO 180 ,,,NOTA,,,,,,,u10003,,,,430,9,,8,20512,2.096,,,20512,,,,
Maharashtra,2017,21-02-2017, ,0,Mumbai Suburban,BRIHAN MUMBAI,MC,7,181,PRABHAG NO 181 ,,,KOLI PUSHPA KRISHNA,,,,,,,1605,Indian National Congress,BJP,,5723,1,,12,17835,32.089,,,17835,,,,
Maharashtra,2017,21-02-2017, ,0,Mumbai Suburban,BRIHAN MUMBAI,MC,7,181,PRABHAG NO 181 ,,,DHOKE MADHURI MANOHAR,,,,,,,18691,Shivsena,SHS,,3536,2,,12,17835,19.826,,,17835,,,,
Maharashtra,2017,21-02-2017, ,0,Mumbai Suburban,BRIHAN MUMBAI,MC,7,181,PRABHAG NO 181 ,,,INGLE MEENA FRANCIS,,,,,,,10809,Independent,IND,,2418,3,,12,17835,13.558,,,17835,,,,
Maharashtra,2017,21-02-2017, ,0,Mumbai Suburban,BRIHAN MUMBAI,MC,7,181,PRABHAG NO 181 ,,,PATIL ASMITA GAJANAN,,,,,,,12285,Republican Party of India (A),RPI(A),,2338,4,,12,17835,13.109,,,17835,,,,
Maharashtra,2017,21-02-2017, ,0,Mumbai Suburban,BRIHAN MUMBAI,MC,7,181,PRABHAG NO 181 ,,,PEJE AQEELA ANWAR,,,,,,,10809,Independent,IND,,859,5,,12,17835,4.816,,,17835,,,,
Maharashtra,2017,21-02-2017, ,0,Mumbai Suburban,BRIHAN MUMBAI,MC,7,181,PRABHAG NO 181 ,,,WAGHMARE NANDA EKNATH,,,,,,,1875,Bharip Bahujan Mahasangh,BBM,,619,6,,12,17835,3.471,,,17835,,,,
Maharashtra,2017,21-02-2017, ,0,Mumbai Suburban,BRIHAN MUMBAI,MC,7,181,PRABHAG NO 181 ,,,HIWALKAR SNEHA GANESH,,,,,,,11633,Maharashtra Navnirman Sena,MNS,,566,7,,12,17835,3.174,,,17835,,,,
Maharashtra,2017,21-02-2017, ,0,Mumbai Suburban,BRIHAN MUMBAI,MC,7,181,PRABHAG NO 181 ,,,DAHIFALE CHANDRAKALA AJINATH,,,,,,,10809,Independent,IND,,527,8,,12,17835,2.955,,,17835,,,,
Maharashtra,2017,21-02-2017, ,0,Mumbai Suburban,BRIHAN MUMBAI,MC,7,181,PRABHAG NO 181 ,,,MOHOD ARUNA SHRIKRISHNA,,,,,,,10809,Independent,IND,,361,9,,12,17835,2.024,,,17835,,,,
Maharashtra,2017,21-02-2017, ,0,Mumbai Suburban,BRIHAN MUMBAI,MC,7,181,PRABHAG NO 181 ,,,KHALE RUPALI MADAN,,,,,,,16651,Bahujan Samaj Party,BSP,,240,10,,12,17835,1.346,,,17835,,,,
Maharashtra,2017,21-02-2017, ,0,Mumbai Suburban,BRIHAN MUMBAI,MC,7,181,PRABHAG NO 181 ,,,PATIL ANKITA ASHOK,,,,,,,10809,Independent,IND,,155,11,,12,17835,0.869,,,17835,,,,
Maharashtra,2017,21-02-2017, ,0,Mumbai Suburban,BRIHAN MUMBAI,MC,7,181,PRABHAG NO 181 ,,,PATIL ROHINI SANJAY,,,,,,,8690,Akhil Bharatiya Sena,ABHS,,86,12,,12,17835,0.482,,,17835,,,,
Maharashtra,2017,21-02-2017, ,0,Mumbai Suburban,BRIHAN MUMBAI,MC,7,181,PRABHAG NO 181 ,,,NOTA,,,,,,,u10003,,,,407,13,,12,17835,2.282,,,17835,,,,
Maharashtra,2017,21-02-2017, ,0,Mumbai Suburban,BRIHAN MUMBAI,MC,7,182,PRABHAG NO 182 ,,,Vaidya Milind Dattaram,,,,,,,18691,Shivsena,SHS,,6899,1,,10,21515,32.066,,,21515,,,,
Maharashtra,2017,21-02-2017, ,0,Mumbai Suburban,BRIHAN MUMBAI,MC,7,182,PRABHAG NO 182 ,,,PARKAR RAJAN SURESH,,,,,,,11633,Maharashtra Navnirman Sena,MNS,,5476,2,,10,21515,25.452,,,21515,,,,
Maharashtra,2017,21-02-2017, ,0,Mumbai Suburban,BRIHAN MUMBAI,MC,7,182,PRABHAG NO 182 ,,,PARKAR ADIL RUKNUDDIN,,,,,,,1605,Indian National Congress,BJP,,3214,3,,10,21515,14.938,,,21515,,,,
Maharashtra,2017,21-02-2017, ,0,Mumbai Suburban,BRIHAN MUMBAI,MC,7,182,PRABHAG NO 182 ,,,Ambekar Vilas Ramesh,,,,,,,1605,Bhartiya Janata Party,BJP,,2685,4,,10,21515,12.48,,,21515,,,,
Maharashtra,2017,21-02-2017, ,0,Mumbai Suburban,BRIHAN MUMBAI,MC,7,182,PRABHAG NO 182 ,,,MITHAIWALA RAUF USMAN,,,,,,,706,All India Majlis e Ittehadul Muslimeen,AIMIM,,1804,5,,10,21515,8.385,,,21515,,,,
Maharashtra,2017,21-02-2017, ,0,Mumbai Suburban,BRIHAN MUMBAI,MC,7,182,PRABHAG NO 182 ,,,SHAIKH SUHAIL QASIM,,,,,,,1731,Bhartiya Minorities Suraksha Mahasangh,BMSM,,402,6,,10,21515,1.868,,,21515,,,,
Maharashtra,2017,21-02-2017, ,0,Mumbai Suburban,BRIHAN MUMBAI,MC,7,182,PRABHAG NO 182 ,,,GAIKWAD JOSEPH SAMSON,,,,,,,1605,Indian National Congress,BJP,,395,7,,10,21515,1.836,,,21515,,,,
Maharashtra,2017,21-02-2017, ,0,Mumbai Suburban,BRIHAN MUMBAI,MC,7,182,PRABHAG NO 182 ,,,TANDEL DEVDAS KASHINATH,,,,,,,10809,Independent,IND,,123,8,,10,21515,0.572,,,21515,,,,
Maharashtra,2017,21-02-2017, ,0,Mumbai Suburban,BRIHAN MUMBAI,MC,7,182,PRABHAG NO 182 ,,,GUPTA ANILKUMAR MATAPRASAD,,,,,,,7425,Samajwadi Party,SP,,114,9,,10,21515,0.53,,,21515,,,,
Maharashtra,2017,21-02-2017, ,0,Mumbai Suburban,BRIHAN MUMBAI,MC,7,182,PRABHAG NO 182 ,,,joshi shailesh sharad,,,,,,,10809,Independent,IND,,36,10,,10,21515,0.167,,,21515,,,,
Maharashtra,2017,21-02-2017, ,0,Mumbai Suburban,BRIHAN MUMBAI,MC,7,182,PRABHAG NO 182 ,,,NOTA,,,,,,,u10003,,,,367,11,,10,21515,1.706,,,21515,,,,
Maharashtra,2017,21-02-2017, ,0,Mumbai Suburban,BRIHAN MUMBAI,MC,7,183,PRABHAG NO 183 ,,,MANE GANGA KUNAL,,,,,,,1605,Indian National Congress,BJP,,3896,1,,6,14063,27.704,,,14063,,,,
Maharashtra,2017,21-02-2017, ,0,Mumbai Suburban,BRIHAN MUMBAI,MC,7,183,PRABHAG NO 183 ,,,KATKE URMILA RAHUL,,,,,,,18691,Shivsena,SHS,,3859,2,,6,14063,27.441,,,14063,,,,
Maharashtra,2017,21-02-2017, ,0,Mumbai Suburban,BRIHAN MUMBAI,MC,7,183,PRABHAG NO 183 ,,,DHAYGUDE UTKARSHA LALA,,,,,,,16651,Bahujan Samaj Party,BSP,,2942,3,,6,14063,20.92,,,14063,,,,
Maharashtra,2017,21-02-2017, ,0,Mumbai Suburban,BRIHAN MUMBAI,MC,7,183,PRABHAG NO 183 ,,,Vengurlekar Bhagyashree Shrikrishna,,,,,,,1605,Bhartiya Janata Party,BJP,,2303,4,,6,14063,16.376,,,14063,,,,
Maharashtra,2017,21-02-2017, ,0,Mumbai Suburban,BRIHAN MUMBAI,MC,7,183,PRABHAG NO 183 ,,,Shaikh Heena Moula,,,,,,,5792,Nationalist Congress Party,NCP,,718,5,,6,14063,5.106,,,14063,,,,
Maharashtra,2017,21-02-2017, ,0,Mumbai Suburban,BRIHAN MUMBAI,MC,7,183,PRABHAG NO 183 ,,,Ansari Jaibunisa Sajid,,,,,,,10809,Independent,IND,,137,6,,6,14063,0.974,,,14063,,,,
Maharashtra,2017,21-02-2017, ,0,Mumbai Suburban,BRIHAN MUMBAI,MC,7,183,PRABHAG NO 183 ,,,NOTA,,,,,,,u10003,,,,208,7,,6,14063,1.479,,,14063,,,,
Maharashtra,2017,21-02-2017, ,0,Mumbai Suburban,BRIHAN MUMBAI,MC,7,184,PRABHAG NO 184 ,,,KHAN BABU SAFAJALLI,,,,,,,1605,Indian National Congress,BJP,,7017,1,,20,18577,37.773,,,18577,,,,
Maharashtra,2017,21-02-2017, ,0,Mumbai Suburban,BRIHAN MUMBAI,MC,7,184,PRABHAG NO 184 ,,,SURYAWANSHI RAJENDRA NARAYAN,,,,,,,18691,Shivsena,SHS,,4075,2,,20,18577,21.936,,,18577,,,,
Maharashtra,2017,21-02-2017, ,0,Mumbai Suburban,BRIHAN MUMBAI,MC,7,184,PRABHAG NO 184 ,,,KALE DEEPAK NAMDEV,,,,,,,1605,Indian National Congress,BJP,,2520,3,,20,18577,13.565,,,18577,,,,
Maharashtra,2017,21-02-2017, ,0,Mumbai Suburban,BRIHAN MUMBAI,MC,7,184,PRABHAG NO 184 ,,,PANKESHARI MANI BALAN,,,,,,,1605,Bhartiya Janata Party,BJP,,2297,4,,20,18577,12.365,,,18577,,,,
Maharashtra,2017,21-02-2017, ,0,Mumbai Suburban,BRIHAN MUMBAI,MC,7,184,PRABHAG NO 184 ,,,Shaikh Mohammed Hayat Mohammed Husain,,,,,,,706,All India Majlis e Ittehadul Muslimeen,AIMIM,,789,5,,20,18577,4.247,,,18577,,,,
Maharashtra,2017,21-02-2017, ,0,Mumbai Suburban,BRIHAN MUMBAI,MC,7,184,PRABHAG NO 184 ,,,SONAWANE RAJESH NARAYAN,,,,,,,11633,Maharashtra Navnirman Sena,MNS,,394,6,,20,18577,2.121,,,18577,,,,
Maharashtra,2017,21-02-2017, ,0,Mumbai Suburban,BRIHAN MUMBAI,MC,7,184,PRABHAG NO 184 ,,,Shaikh Asgarhusain Zahidhusain,,,,,,,u10008,Bhartiya Shetkari Kamgar Paksh,,,335,7,,20,18577,1.803,,,18577,,,,
Maharashtra,2017,21-02-2017, ,0,Mumbai Suburban,BRIHAN MUMBAI,MC,7,184,PRABHAG NO 184 ,,,JAISWAR RAMASHISH BALAIRAM,,,,,,,16651,Bahujan Samaj Party,BSP,,283,8,,20,18577,1.523,,,18577,,,,
Maharashtra,2017,21-02-2017, ,0,Mumbai Suburban,BRIHAN MUMBAI,MC,7,184,PRABHAG NO 184 ,,,SHINDE SANTOSH ANIL,,,,,,,5792,Nationalist Congress Party,NCP,,129,9,,20,18577,0.694,,,18577,,,,
Maharashtra,2017,21-02-2017, ,0,Mumbai Suburban,BRIHAN MUMBAI,MC,7,184,PRABHAG NO 184 ,,,DIVEKAR NITIN POPAT,,,,,,,10809,Independent,IND,,110,10,,20,18577,0.592,,,18577,,,,
Maharashtra,2017,21-02-2017, ,0,Mumbai Suburban,BRIHAN MUMBAI,MC,7,184,PRABHAG NO 184 ,,,SHETTY PRITAM SUBHASH,,,,,,,1096,bahujan republican sociolist party,BARESP,,66,11,,20,18577,0.355,,,18577,,,,
Maharashtra,2017,21-02-2017, ,0,Mumbai Suburban,BRIHAN MUMBAI,MC,7,184,PRABHAG NO 184 ,,,yadav rajbahadur birendrakumar,,,,,,,10809,Independent,IND,,63,12,,20,18577,0.339,,,18577,,,,
Maharashtra,2017,21-02-2017, ,0,Mumbai Suburban,BRIHAN MUMBAI,MC,7,184,PRABHAG NO 184 ,,,ANSARI MANSOOR VAKEELAHMED,,,,,,,10809,Independent,IND,,60,13,,20,18577,0.323,,,18577,,,,
Maharashtra,2017,21-02-2017, ,0,Mumbai Suburban,BRIHAN MUMBAI,MC,7,184,PRABHAG NO 184 ,,,Paste Satish Rajaram,,,,,,,10809,Independent,IND,,51,14,,20,18577,0.275,,,18577,,,,
Maharashtra,2017,21-02-2017, ,0,Mumbai Suburban,BRIHAN MUMBAI,MC,7,184,PRABHAG NO 184 ,,,KOUNDER BALASUBRAMANYAN LOGANATHAN,,,,,,,10809,Independent,IND,,48,15,,20,18577,0.258,,,18577,,,,
Maharashtra,2017,21-02-2017, ,0,Mumbai Suburban,BRIHAN MUMBAI,MC,7,184,PRABHAG NO 184 ,,,KHAN YASMIN SHAMMI,,,,,,,10979,Janata Dal Secular,JD(S),,45,16,,20,18577,0.242,,,18577,,,,
Maharashtra,2017,21-02-2017, ,0,Mumbai Suburban,BRIHAN MUMBAI,MC,7,184,PRABHAG NO 184 ,,,Sharma Mahesh Shivsagar,,,,,,,10809,Independent,IND,,33,17,,20,18577,0.178,,,18577,,,,
Maharashtra,2017,21-02-2017, ,0,Mumbai Suburban,BRIHAN MUMBAI,MC,7,184,PRABHAG NO 184 ,,,shaikhmohd imran idris,,,,,,,10809,Independent,IND,,30,18,,20,18577,0.161,,,18577,,,,
Maharashtra,2017,21-02-2017, ,0,Mumbai Suburban,BRIHAN MUMBAI,MC,7,184,PRABHAG NO 184 ,,,Chowdhary MohammedIlyas Ahsanali,,,,,,,5995,Peace Party,PECP,,29,19,,20,18577,0.156,,,18577,,,,
Maharashtra,2017,21-02-2017, ,0,Mumbai Suburban,BRIHAN MUMBAI,MC,7,184,PRABHAG NO 184 ,,,Bhagat Mangal Shivaji,,,,,,,10809,Independent,IND,,24,20,,20,18577,0.129,,,18577,,,,
Maharashtra,2017,21-02-2017, ,0,Mumbai Suburban,BRIHAN MUMBAI,MC,7,184,PRABHAG NO 184 ,,,NOTA,,,,,,,u10003,,,,179,21,,20,18577,0.964,,,18577,,,,
Maharashtra,2017,21-02-2017, ,0,Mumbai Suburban,BRIHAN MUMBAI,MC,7,185,PRABHAG NO 185 ,,,THAIVALAPILL JAGDISH MAKKUNNY,,,,,,,18691,Shivsena,SHS,,5802,1,,10,17878,32.453,,,17878,,,,
Maharashtra,2017,21-02-2017, ,0,Mumbai Suburban,BRIHAN MUMBAI,MC,7,185,PRABHAG NO 185 ,,,UPADHYAY SANJAY RAMBHAKT,,,,,,,1605,Bhartiya Janata Party,BJP,,5122,2,,10,17878,28.65,,,17878,,,,
Maharashtra,2017,21-02-2017, ,0,Mumbai Suburban,BRIHAN MUMBAI,MC,7,185,PRABHAG NO 185 ,,,NADAR BAKKIYANATHAN NARAYAN,,,,,,,1605,Indian National Congress,BJP,,4847,3,,10,17878,27.112,,,17878,,,,
Maharashtra,2017,21-02-2017, ,0,Mumbai Suburban,BRIHAN MUMBAI,MC,7,185,PRABHAG NO 185 ,,,NARAPARAMBIL PAUL RAPHEL,,,,,,,10809,Independent,IND,,780,4,,10,17878,4.363,,,17878,,,,
Maharashtra,2017,21-02-2017, ,0,Mumbai Suburban,BRIHAN MUMBAI,MC,7,185,PRABHAG NO 185 ,,,KHAIRE MAHESH NARYAN,,,,,,,11633,Maharashtra Navnirman Sena,MNS,,379,5,,10,17878,2.12,,,17878,,,,
Maharashtra,2017,21-02-2017, ,0,Mumbai Suburban,BRIHAN MUMBAI,MC,7,185,PRABHAG NO 185 ,,,BHALERAO SANJAY YASHWANT,,,,,,,16651,Bahujan Samaj Party,BSP,,359,6,,10,17878,2.008,,,17878,,,,
Maharashtra,2017,21-02-2017, ,0,Mumbai Suburban,BRIHAN MUMBAI,MC,7,185,PRABHAG NO 185 ,,,NADAR JOLLY MARIASINGARAYAN,,,,,,,10809,Independent,IND,,171,7,,10,17878,0.956,,,17878,,,,
Maharashtra,2017,21-02-2017, ,0,Mumbai Suburban,BRIHAN MUMBAI,MC,7,185,PRABHAG NO 185 ,,,khan mohammadyusuf vazihulkamar,,,,,,,7425,Samajwadi Party,SP,,115,8,,10,17878,0.643,,,17878,,,,
Maharashtra,2017,21-02-2017, ,0,Mumbai Suburban,BRIHAN MUMBAI,MC,7,185,PRABHAG NO 185 ,,,KARALE RAMESH BABURAO,,,,,,,268,Akhil Bharat Hindu Mahasabha Maharashtra Pradesh,ABHM,,28,9,,10,17878,0.157,,,17878,,,,
Maharashtra,2017,21-02-2017, ,0,Mumbai Suburban,BRIHAN MUMBAI,MC,7,185,PRABHAG NO 185 ,,,NADAR SELVAKUMAR PERIMBRAJ,,,,,,,10809,Independent,IND,,28,10,,10,17878,0.157,,,17878,,,,
Maharashtra,2017,21-02-2017, ,0,Mumbai Suburban,BRIHAN MUMBAI,MC,7,185,PRABHAG NO 185 ,,,NOTA,,,,,,,u10003,,,,247,11,,10,17878,1.382,,,17878,,,,
Maharashtra,2017,21-02-2017, ,0,Mumbai Suburban,BRIHAN MUMBAI,MC,7,186,PRABHAG NO 186 ,,,NAKASHE VASANT SHIVRAM,,,,,,,18691,Shivsena,SHS,,8794,1,,4,18695,47.039,,,18695,,,,
Maharashtra,2017,21-02-2017, ,0,Mumbai Suburban,BRIHAN MUMBAI,MC,7,186,PRABHAG NO 186 ,,,JAWALEKAR SANDESH VITHOBA,,,,,,,1605,Indian National Congress,BJP,,5775,2,,4,18695,30.891,,,18695,,,,
Maharashtra,2017,21-02-2017, ,0,Mumbai Suburban,BRIHAN MUMBAI,MC,7,186,PRABHAG NO 186 ,,,kanade shrirang MOTIRAM,,,,,,,1605,Bhartiya Janata Party,BJP,,3472,3,,4,18695,18.572,,,18695,,,,
Maharashtra,2017,21-02-2017, ,0,Mumbai Suburban,BRIHAN MUMBAI,MC,7,186,PRABHAG NO 186 ,,,Shaikh Asgarhusain Zahidhusain,,,,,,,u10008,Bhartiya Shetkari Kamgar Paksh,,,174,4,,4,18695,0.931,,,18695,,,,
Maharashtra,2017,21-02-2017, ,0,Mumbai Suburban,BRIHAN MUMBAI,MC,7,186,PRABHAG NO 186 ,,,NOTA,,,,,,,u10003,,,,480,5,,4,18695,2.568,,,18695,,,,
Maharashtra,2017,21-02-2017, ,0,Mumbai Suburban,BRIHAN MUMBAI,MC,7,187,PRABHAG NO 187 ,,,THEVAR MARIAMMAL KANDASWAMY,,,,,,,18691,Shivsena,SHS,,6876,1,,9,18213,37.753,,,18213,,,,
Maharashtra,2017,21-02-2017, ,0,Mumbai Suburban,BRIHAN MUMBAI,MC,7,187,PRABHAG NO 187 ,,,SHAIKH SHAKILA ABDULKADAR,,,,,,,1605,Indian National Congress,BJP,,6094,2,,9,18213,33.46,,,18213,,,,
Maharashtra,2017,21-02-2017, ,0,Mumbai Suburban,BRIHAN MUMBAI,MC,7,187,PRABHAG NO 187 ,,,Koli Nishigandha Digambar,,,,,,,11633,Maharashtra Navnirman Sena,MNS,,1285,3,,9,18213,7.055,,,18213,,,,
Maharashtra,2017,21-02-2017, ,0,Mumbai Suburban,BRIHAN MUMBAI,MC,7,187,PRABHAG NO 187 ,,,Thevar Sornalaxmi balasubramaniam,,,,,,,1605,Bhartiya Janata Party,BJP,,1265,4,,9,18213,6.946,,,18213,,,,
Maharashtra,2017,21-02-2017, ,0,Mumbai Suburban,BRIHAN MUMBAI,MC,7,187,PRABHAG NO 187 ,,,PATHAN SHIRINBANO TAHIR,,,,,,,5792,Nationalist Congress Party,NCP,,1248,5,,9,18213,6.852,,,18213,,,,
Maharashtra,2017,21-02-2017, ,0,Mumbai Suburban,BRIHAN MUMBAI,MC,7,187,PRABHAG NO 187 ,,,SHAIKH KANIZFATIMA ABUKHALID,,,,,,,706,All India Majlis e Ittehadul Muslimeen,AIMIM,,1033,6,,9,18213,5.672,,,18213,,,,
Maharashtra,2017,21-02-2017, ,0,Mumbai Suburban,BRIHAN MUMBAI,MC,7,187,PRABHAG NO 187 ,,,ANSARI HALIMABEGUM MOBIN,,,,,,,16651,Bahujan Samaj Party,BSP,,87,7,,9,18213,0.478,,,18213,,,,
Maharashtra,2017,21-02-2017, ,0,Mumbai Suburban,BRIHAN MUMBAI,MC,7,187,PRABHAG NO 187 ,,,SHAIKH GULMEENABEGUM MOHDYUNUS,,,,,,,706,All India Majlis e Ittehadul Muslimeen,AIMIM,,61,8,,9,18213,0.335,,,18213,,,,
Maharashtra,2017,21-02-2017, ,0,Mumbai Suburban,BRIHAN MUMBAI,MC,7,187,PRABHAG NO 187 ,,,SHAIKH SHABANABEGUM KHALILAHMED,,,,,,,7425,Samajwadi Party,SP,,61,9,,9,18213,0.335,,,18213,,,,
Maharashtra,2017,21-02-2017, ,0,Mumbai Suburban,BRIHAN MUMBAI,MC,7,187,PRABHAG NO 187 ,,,NOTA,,,,,,,u10003,,,,203,10,,9,18213,1.115,,,18213,,,,
Maharashtra,2017,21-02-2017, ,0,Mumbai Suburban,BRIHAN MUMBAI,MC,7,188,PRABHAG NO 188 ,,,KHAN RESHMABANO MOHAMMADHASIM,,,,,,,5792,Nationalist Congress Party,NCP,,7150,1,,8,21291,33.582,,,21291,,,,
Maharashtra,2017,21-02-2017, ,0,Mumbai Suburban,BRIHAN MUMBAI,MC,7,188,PRABHAG NO 188 ,,,SHETTY SUMALATHA DINESH,,,,,,,1605,Indian National Congress,BJP,,7132,2,,8,21291,33.498,,,21291,,,,
Maharashtra,2017,21-02-2017, ,0,Mumbai Suburban,BRIHAN MUMBAI,MC,7,188,PRABHAG NO 188 ,,,SHAIKH SHEHNAZBANO ABBASHUSSAIN,,,,,,,18691,Shivsena,SHS,,2434,3,,8,21291,11.432,,,21291,,,,
Maharashtra,2017,21-02-2017, ,0,Mumbai Suburban,BRIHAN MUMBAI,MC,7,188,PRABHAG NO 188 ,,,Nandepalli Geeta Gautam,,,,,,,10809,Independent,IND,,2179,4,,8,21291,10.234,,,21291,,,,
Maharashtra,2017,21-02-2017, ,0,Mumbai Suburban,BRIHAN MUMBAI,MC,7,188,PRABHAG NO 188 ,,,notapplicable suguna govindarajan,,,,,,,1605,Bhartiya Janata Party,BJP,,1382,5,,8,21291,6.491,,,21291,,,,
Maharashtra,2017,21-02-2017, ,0,Mumbai Suburban,BRIHAN MUMBAI,MC,7,188,PRABHAG NO 188 ,,,Shaikh Shabeena Munna,,,,,,,11633,Maharashtra Navnirman Sena,MNS,,593,6,,8,21291,2.785,,,21291,,,,
Maharashtra,2017,21-02-2017, ,0,Mumbai Suburban,BRIHAN MUMBAI,MC,7,188,PRABHAG NO 188 ,,,FAROOQUI SAIRABANO KAMIL,,,,,,,5995,Peace Party,PECP,,74,7,,8,21291,0.348,,,21291,,,,
Maharashtra,2017,21-02-2017, ,0,Mumbai Suburban,BRIHAN MUMBAI,MC,7,188,PRABHAG NO 188 ,,,QAZI ANJUM SHAHID,,,,,,,10979,Janata Dal Secular,JD(S),,30,8,,8,21291,0.141,,,21291,,,,
Maharashtra,2017,21-02-2017, ,0,Mumbai Suburban,BRIHAN MUMBAI,MC,7,188,PRABHAG NO 188 ,,,NOTA,,,,,,,u10003,,,,317,9,,8,21291,1.489,,,21291,,,,
Maharashtra,2017,21-02-2017, ,0,Mumbai Suburban,BRIHAN MUMBAI,MC,7,189,PRABHAG NO 189 ,,,MORE HARSHALA ASHISH,,,,,,,11633,Maharashtra Navnirman Sena,MNS,,5920,1,,12,18697,31.663,,,18697,,,,
Maharashtra,2017,21-02-2017, ,0,Mumbai Suburban,BRIHAN MUMBAI,MC,7,189,PRABHAG NO 189 ,,,Katke Supriya Dilip,,,,,,,18691,Shivsena,SHS,,3453,2,,12,18697,18.468,,,18697,,,,
Maharashtra,2017,21-02-2017, ,0,Mumbai Suburban,BRIHAN MUMBAI,MC,7,189,PRABHAG NO 189 ,,,GAIKWAD MANGALA VISHNU,,,,,,,10809,Independent,IND,,2690,3,,12,18697,14.387,,,18697,,,,
Maharashtra,2017,21-02-2017, ,0,Mumbai Suburban,BRIHAN MUMBAI,MC,7,189,PRABHAG NO 189 ,,,Wagh Seeta Deepak,,,,,,,1605,Indian National Congress,BJP,,2337,4,,12,18697,12.499,,,18697,,,,
Maharashtra,2017,21-02-2017, ,0,Mumbai Suburban,BRIHAN MUMBAI,MC,7,189,PRABHAG NO 189 ,,,Gambhir Shamal Suresh,,,,,,,1605,Bhartiya Janata Party,BJP,,2126,5,,12,18697,11.371,,,18697,,,,
Maharashtra,2017,21-02-2017, ,0,Mumbai Suburban,BRIHAN MUMBAI,MC,7,189,PRABHAG NO 189 ,,,Shaikh Afsarnisa Abdul,,,,,,,12285,Republican Party of India (A),RPI(A),,625,6,,12,18697,3.343,,,18697,,,,
Maharashtra,2017,21-02-2017, ,0,Mumbai Suburban,BRIHAN MUMBAI,MC,7,189,PRABHAG NO 189 ,,,BHALERAO SUJATA RAMESH,,,,,,,706,All India Majlis e Ittehadul Muslimeen,AIMIM,,559,7,,12,18697,2.99,,,18697,,,,
Maharashtra,2017,21-02-2017, ,0,Mumbai Suburban,BRIHAN MUMBAI,MC,7,189,PRABHAG NO 189 ,,,BHANDARE UJWALA ANIL,,,,,,,16651,Bahujan Samaj Party,BSP,,291,8,,12,18697,1.556,,,18697,,,,
Maharashtra,2017,21-02-2017, ,0,Mumbai Suburban,BRIHAN MUMBAI,MC,7,189,PRABHAG NO 189 ,,,Metri Chandrakala Sabanna,,,,,,,10809,Independent,IND,,170,9,,12,18697,0.909,,,18697,,,,
Maharashtra,2017,21-02-2017, ,0,Mumbai Suburban,BRIHAN MUMBAI,MC,7,189,PRABHAG NO 189 ,,,SINGH MEERA RATNAKAR,,,,,,,10809,Independent,IND,,91,10,,12,18697,0.487,,,18697,,,,
Maharashtra,2017,21-02-2017, ,0,Mumbai Suburban,BRIHAN MUMBAI,MC,7,189,PRABHAG NO 189 ,,,PACHANGE SUMAN BALASAHEB,,,,,,,10809,Independent,IND,,79,11,,12,18697,0.423,,,18697,,,,
Maharashtra,2017,21-02-2017, ,0,Mumbai Suburban,BRIHAN MUMBAI,MC,7,189,PRABHAG NO 189 ,,,Gaikwad Sonali Vasant,,,,,,,10809,Independent,IND,,46,12,,12,18697,0.246,,,18697,,,,
Maharashtra,2017,21-02-2017, ,0,Mumbai Suburban,BRIHAN MUMBAI,MC,7,189,PRABHAG NO 189 ,,,NOTA,,,,,,,u10003,,,,310,13,,12,18697,1.658,,,18697,,,,
Maharashtra,2017,21-02-2017, ,0,Mumbai Suburban,BRIHAN MUMBAI,MC,7,190,PRABHAG NO 190 ,,,Gambhir Sheetal Suresh,,,,,,,1605,Bhartiya Janata Party,BJP,,8401,1,,4,28494,29.483,,,28494,,,,
Maharashtra,2017,21-02-2017, ,0,Mumbai Suburban,BRIHAN MUMBAI,MC,7,190,PRABHAG NO 190 ,,,PATANKAR VAISHALI RAJESH,,,,,,,18691,Shivsena,SHS,,7958,2,,4,28494,27.929,,,28494,,,,
Maharashtra,2017,21-02-2017, ,0,Mumbai Suburban,BRIHAN MUMBAI,MC,7,190,PRABHAG NO 190 ,,,TANDEL BHARTI VIRENDRA,,,,,,,11633,Maharashtra Navnirman Sena,MNS,,7769,3,,4,28494,27.265,,,28494,,,,
Maharashtra,2017,21-02-2017, ,0,Mumbai Suburban,BRIHAN MUMBAI,MC,7,190,PRABHAG NO 190 ,,,MALVANKAR SUPRIYA SUNIL,,,,,,,1605,Indian National Congress,BJP,,3622,4,,4,28494,12.711,,,28494,,,,
Maharashtra,2017,21-02-2017, ,0,Mumbai Suburban,BRIHAN MUMBAI,MC,7,190,PRABHAG NO 190 ,,,NOTA,,,,,,,u10003,,,,744,5,,4,28494,2.611,,,28494,,,,
Maharashtra,2017,21-02-2017, ,0,Mumbai Suburban,BRIHAN MUMBAI,MC,7,191,PRABHAG NO 191 ,,,RAUT VISHAKHA SHARAD,,,,,,,18691,Shivsena,SHS,,10660,1,,5,29494,36.143,,,29494,,,,
Maharashtra,2017,21-02-2017, ,0,Mumbai Suburban,BRIHAN MUMBAI,MC,7,191,PRABHAG NO 191 ,,,Jadhav Tejasvi Vasant,,,,,,,1605,Bhartiya Janata Party,BJP,,8297,2,,5,29494,28.131,,,29494,,,,
Maharashtra,2017,21-02-2017, ,0,Mumbai Suburban,BRIHAN MUMBAI,MC,7,191,PRABHAG NO 191 ,,,DESHPANDE SWAPNA YESHWANT,,,,,,,11633,Maharashtra Navnirman Sena,MNS,,8287,3,,5,29494,28.097,,,29494,,,,
Maharashtra,2017,21-02-2017, ,0,Mumbai Suburban,BRIHAN MUMBAI,MC,7,191,PRABHAG NO 191 ,,,SHAH ROSHNA ASHWIN,,,,,,,1605,Indian National Congress,BJP,,1466,4,,5,29494,4.971,,,29494,,,,
Maharashtra,2017,21-02-2017, ,0,Mumbai Suburban,BRIHAN MUMBAI,MC,7,191,PRABHAG NO 191 ,,,DALVI VANDANA VIJAYKUMAR,,,,,,,5792,Nationalist Congress Party,NCP,,173,5,,5,29494,0.587,,,29494,,,,
Maharashtra,2017,21-02-2017, ,0,Mumbai Suburban,BRIHAN MUMBAI,MC,7,191,PRABHAG NO 191 ,,,NOTA,,,,,,,u10003,,,,611,6,,5,29494,2.072,,,29494,,,,
Maharashtra,2017,21-02-2017, ,0,Mumbai Suburban,BRIHAN MUMBAI,MC,7,192,PRABHAG NO 192 ,,,PATANKAR PRITI PRAKASH,,,,,,,18691,Shivsena,SHS,,10525,1,,8,30221,34.827,,,30221,,,,
Maharashtra,2017,21-02-2017, ,0,Mumbai Suburban,BRIHAN MUMBAI,MC,7,192,PRABHAG NO 192 ,,,JADHAV SNEHAL SUDHIR,,,,,,,11633,Maharashtra Navnirman Sena,MNS,,8428,2,,8,30221,27.888,,,30221,,,,
Maharashtra,2017,21-02-2017, ,0,Mumbai Suburban,BRIHAN MUMBAI,MC,7,192,PRABHAG NO 192 ,,,BHATKAR VAIBHAVI VIVEK,,,,,,,1605,Bhartiya Janata Party,BJP,,7367,3,,8,30221,24.377,,,30221,,,,
Maharashtra,2017,21-02-2017, ,0,Mumbai Suburban,BRIHAN MUMBAI,MC,7,192,PRABHAG NO 192 ,,,Kamble Harshal Jitendra,,,,,,,1605,Indian National Congress,BJP,,2394,4,,8,30221,7.922,,,30221,,,,
Maharashtra,2017,21-02-2017, ,0,Mumbai Suburban,BRIHAN MUMBAI,MC,7,192,PRABHAG NO 192 ,,,KADAM SHEETAL VIJAY,,,,,,,5792,Nationalist Congress Party,NCP,,295,5,,8,30221,0.976,,,30221,,,,
Maharashtra,2017,21-02-2017, ,0,Mumbai Suburban,BRIHAN MUMBAI,MC,7,192,PRABHAG NO 192 ,,,KAMBLE ANITA RAJESH,,,,,,,16651,Bahujan Samaj Party,BSP,,255,6,,8,30221,0.844,,,30221,,,,
Maharashtra,2017,21-02-2017, ,0,Mumbai Suburban,BRIHAN MUMBAI,MC,7,192,PRABHAG NO 192 ,,,Kamble Nanda Sampat,,,,,,,10809,Independent,IND,,145,7,,8,30221,0.48,,,30221,,,,
Maharashtra,2017,21-02-2017, ,0,Mumbai Suburban,BRIHAN MUMBAI,MC,7,192,PRABHAG NO 192 ,,,KARPE NEELAM RAVINDRA,,,,,,,10809,Independent,IND,,112,8,,8,30221,0.371,,,30221,,,,
Maharashtra,2017,21-02-2017, ,0,Mumbai Suburban,BRIHAN MUMBAI,MC,7,192,PRABHAG NO 192 ,,,NOTA,,,,,,,u10003,,,,700,9,,8,30221,2.316,,,30221,,,,
Maharashtra,2017,21-02-2017, ,0,Mumbai Suburban,BRIHAN MUMBAI,MC,7,193,PRABHAG NO 193 ,,,Worlikar Hemangi Hareshwar,,,,,,,18691,Shivsena,SHS,,13671,1,,10,32084,42.61,,,32084,,,,
Maharashtra,2017,21-02-2017, ,0,Mumbai Suburban,BRIHAN MUMBAI,MC,7,193,PRABHAG NO 193 ,,,KOLI ROHIT MICHAEL,,,,,,,11633,Maharashtra Navnirman Sena,MNS,,4820,2,,10,32084,15.023,,,32084,,,,
Maharashtra,2017,21-02-2017, ,0,Mumbai Suburban,BRIHAN MUMBAI,MC,7,193,PRABHAG NO 193 ,,,Nte Jayant Dattaram,,,,,,,1605,Bhartiya Janata Party,BJP,,4811,3,,10,32084,14.995,,,32084,,,,
Maharashtra,2017,21-02-2017, ,0,Mumbai Suburban,BRIHAN MUMBAI,MC,7,193,PRABHAG NO 193 ,,,Lad Runal Rajan,,,,,,,5792,Nationalist Congress Party,NCP,,3432,4,,10,32084,10.697,,,32084,,,,
Maharashtra,2017,21-02-2017, ,0,Mumbai Suburban,BRIHAN MUMBAI,MC,7,193,PRABHAG NO 193 ,,,KARANDEKAR NAVNATH MANOHAR,,,,,,,10809,Independent,IND,,1894,5,,10,32084,5.903,,,32084,,,,
Maharashtra,2017,21-02-2017, ,0,Mumbai Suburban,BRIHAN MUMBAI,MC,7,193,PRABHAG NO 193 ,,,MAYEKAR ATIT VASANT,,,,,,,1605,Indian National Congress,BJP,,1444,6,,10,32084,4.501,,,32084,,,,
Maharashtra,2017,21-02-2017, ,0,Mumbai Suburban,BRIHAN MUMBAI,MC,7,193,PRABHAG NO 193 ,,,RODRIGUES LINDWALL JOSEPH,,,,,,,10809,Independent,IND,,580,7,,10,32084,1.808,,,32084,,,,
Maharashtra,2017,21-02-2017, ,0,Mumbai Suburban,BRIHAN MUMBAI,MC,7,193,PRABHAG NO 193 ,,,Kawathe Pradeep Manishankar,,,,,,,2444,Communist Party Of India,CPI,,415,8,,10,32084,1.293,,,32084,,,,
Maharashtra,2017,21-02-2017, ,0,Mumbai Suburban,BRIHAN MUMBAI,MC,7,193,PRABHAG NO 193 ,,,BETKAR ANIL SAKHARAM,,,,,,,16651,Bahujan Samaj Party,BSP,,180,9,,10,32084,0.561,,,32084,,,,
Maharashtra,2017,21-02-2017, ,0,Mumbai Suburban,BRIHAN MUMBAI,MC,7,193,PRABHAG NO 193 ,,,MHATRE DINANATH MARUTI,,,,,,,10809,Independent,IND,,116,10,,10,32084,0.362,,,32084,,,,
Maharashtra,2017,21-02-2017, ,0,Mumbai Suburban,BRIHAN MUMBAI,MC,7,193,PRABHAG NO 193 ,,,NOTA,,,,,,,u10003,,,,721,11,,10,32084,2.247,,,32084,,,,
Maharashtra,2017,21-02-2017, ,0,Mumbai Suburban,BRIHAN MUMBAI,MC,7,194,PRABHAG NO 194 ,,,sarvankar samadhan sadanand,,,,,,,18691,Shivsena,SHS,,8623,1,,14,33597,25.666,,,33597,,,,
Maharashtra,2017,21-02-2017, ,0,Mumbai Suburban,BRIHAN MUMBAI,MC,7,194,PRABHAG NO 194 ,,,SAWANT MAHESH BALIRAM,,,,,,,10809,Independent,IND,,8364,2,,14,33597,24.895,,,33597,,,,
Maharashtra,2017,21-02-2017, ,0,Mumbai Suburban,BRIHAN MUMBAI,MC,7,194,PRABHAG NO 194 ,,,DHURI SANTOSH BALKRISHNA,,,,,,,11633,Maharashtra Navnirman Sena,MNS,,6684,3,,14,33597,19.895,,,33597,,,,
Maharashtra,2017,21-02-2017, ,0,Mumbai Suburban,BRIHAN MUMBAI,MC,7,194,PRABHAG NO 194 ,,,Dhavale Suryakant Laxman,,,,,,,1605,Bhartiya Janata Party,BJP,,5112,4,,14,33597,15.216,,,33597,,,,
Maharashtra,2017,21-02-2017, ,0,Mumbai Suburban,BRIHAN MUMBAI,MC,7,194,PRABHAG NO 194 ,,,PATIL NITIN BHAURAO,,,,,,,1605,Indian National Congress,BJP,,1495,5,,14,33597,4.45,,,33597,,,,
Maharashtra,2017,21-02-2017, ,0,Mumbai Suburban,BRIHAN MUMBAI,MC,7,194,PRABHAG NO 194 ,,,PAWAR NANDKISHOR ANANDRAO,,,,,,,5792,Nationalist Congress Party,NCP,,1069,6,,14,33597,3.182,,,33597,,,,
Maharashtra,2017,21-02-2017, ,0,Mumbai Suburban,BRIHAN MUMBAI,MC,7,194,PRABHAG NO 194 ,,,SINGH AJAY GOVIND,,,,,,,10809,Independent,IND,,899,7,,14,33597,2.676,,,33597,,,,
Maharashtra,2017,21-02-2017, ,0,Mumbai Suburban,BRIHAN MUMBAI,MC,7,194,PRABHAG NO 194 ,,,PATADE VINOD SHRIDHAR,,,,,,,10809,Independent,IND,,261,8,,14,33597,0.777,,,33597,,,,
Maharashtra,2017,21-02-2017, ,0,Mumbai Suburban,BRIHAN MUMBAI,MC,7,194,PRABHAG NO 194 ,,,Surve Sudarshan Prabhakar,,,,,,,10809,Independent,IND,,229,9,,14,33597,0.682,,,33597,,,,
Maharashtra,2017,21-02-2017, ,0,Mumbai Suburban,BRIHAN MUMBAI,MC,7,194,PRABHAG NO 194 ,,,ADHIKARI DIWANSINGH ADHIKARI,,,,,,,16651,Bahujan Samaj Party,BSP,,152,10,,14,33597,0.452,,,33597,,,,
Maharashtra,2017,21-02-2017, ,0,Mumbai Suburban,BRIHAN MUMBAI,MC,7,194,PRABHAG NO 194 ,,,CHAWAN ABHISHEK ANAND,,,,,,,10809,Independent,IND,,109,11,,14,33597,0.324,,,33597,,,,
Maharashtra,2017,21-02-2017, ,0,Mumbai Suburban,BRIHAN MUMBAI,MC,7,194,PRABHAG NO 194 ,,,SHARMA SANGATHAN VIDYADHAR,,,,,,,9677,Bahujan Vikas Aghadi,BVA,,95,12,,14,33597,0.283,,,33597,,,,
Maharashtra,2017,21-02-2017, ,0,Mumbai Suburban,BRIHAN MUMBAI,MC,7,194,PRABHAG NO 194 ,,,Mane Eknath Sakharam,,,,,,,2444,Communist Party Of India,CPI,,77,13,,14,33597,0.229,,,33597,,,,
Maharashtra,2017,21-02-2017, ,0,Mumbai Suburban,BRIHAN MUMBAI,MC,7,194,PRABHAG NO 194 ,,,DALVI APARNA ANAND,,,,,,,10979,Janata Dal Secular,JD(S),,41,14,,14,33597,0.122,,,33597,,,,
Maharashtra,2017,21-02-2017, ,0,Mumbai Suburban,BRIHAN MUMBAI,MC,7,194,PRABHAG NO 194 ,,,NOTA,,,,,,,u10003,,,,387,15,,14,33597,1.152,,,33597,,,,
Maharashtra,2017,21-02-2017, ,0,Mumbai Suburban,BRIHAN MUMBAI,MC,7,195,PRABHAG NO 195 ,,,Kharat Santosh Namdeo,,,,,,,18691,Shivsena,SHS,,10811,1,,11,26862,40.246,,,26862,,,,
Maharashtra,2017,21-02-2017, ,0,Mumbai Suburban,BRIHAN MUMBAI,MC,7,195,PRABHAG NO 195 ,,,SHILWANT SUSHIL SAKHARAM,,,,,,,1605,Bhartiya Janata Party,BJP,,4838,2,,11,26862,18.011,,,26862,,,,
Maharashtra,2017,21-02-2017, ,0,Mumbai Suburban,BRIHAN MUMBAI,MC,7,195,PRABHAG NO 195 ,,,KASALKAR MANGESH PARSHURAM,,,,,,,11633,Maharashtra Navnirman Sena,MNS,,2898,3,,11,26862,10.788,,,26862,,,,
Maharashtra,2017,21-02-2017, ,0,Mumbai Suburban,BRIHAN MUMBAI,MC,7,195,PRABHAG NO 195 ,,,SHINDE AJAY KISHOR,,,,,,,1605,Indian National Congress,BJP,,2645,4,,11,26862,9.847,,,26862,,,,
Maharashtra,2017,21-02-2017, ,0,Mumbai Suburban,BRIHAN MUMBAI,MC,7,195,PRABHAG NO 195 ,,,INSULKAR VANITA VASANT,,,,,,,5792,Nationalist Congress Party,NCP,,2603,5,,11,26862,9.69,,,26862,,,,
Maharashtra,2017,21-02-2017, ,0,Mumbai Suburban,BRIHAN MUMBAI,MC,7,195,PRABHAG NO 195 ,,,Dodake Jitendra Sudam,,,,,,,1875,Bharip Bahujan Mahasangh,BBM,,1892,6,,11,26862,7.043,,,26862,,,,
Maharashtra,2017,21-02-2017, ,0,Mumbai Suburban,BRIHAN MUMBAI,MC,7,195,PRABHAG NO 195 ,,,SHIRISHKAR SHARAD SITARAM,,,,,,,12285,Republican Party of India (A),RPI(A),,274,7,,11,26862,1.02,,,26862,,,,
Maharashtra,2017,21-02-2017, ,0,Mumbai Suburban,BRIHAN MUMBAI,MC,7,195,PRABHAG NO 195 ,,,OVHAL SANJAY SUDAM,,,,,,,16651,Bahujan Samaj Party,BSP,,186,8,,11,26862,0.692,,,26862,,,,
Maharashtra,2017,21-02-2017, ,0,Mumbai Suburban,BRIHAN MUMBAI,MC,7,195,PRABHAG NO 195 ,,,MORE BABAN DNYANU,,,,,,,1096,bahujan republican sociolist party,BARESP,,59,9,,11,26862,0.22,,,26862,,,,
Maharashtra,2017,21-02-2017, ,0,Mumbai Suburban,BRIHAN MUMBAI,MC,7,195,PRABHAG NO 195 ,,,Palshetkar Manohar Tanaji,,,,,,,24549,Sambhaji Brigade,SBBGP,,56,10,,11,26862,0.208,,,26862,,,,
Maharashtra,2017,21-02-2017, ,0,Mumbai Suburban,BRIHAN MUMBAI,MC,7,195,PRABHAG NO 195 ,,,ATHAWALE SACHIN DILIP,,,,,,,12285,Republican Party of India (A),RPI(A),,52,11,,11,26862,0.194,,,26862,,,,
Maharashtra,2017,21-02-2017, ,0,Mumbai Suburban,BRIHAN MUMBAI,MC,7,195,PRABHAG NO 195 ,,,NOTA,,,,,,,u10003,,,,548,12,,11,26862,2.04,,,26862,,,,
Maharashtra,2017,21-02-2017, ,0,Mumbai Suburban,BRIHAN MUMBAI,MC,7,196,PRABHAG NO 196 ,,,Chemburkar Ashish Ramnath,,,,,,,18691,Shivsena,SHS,,11306,1,,14,25973,43.53,,,25973,,,,
Maharashtra,2017,21-02-2017, ,0,Mumbai Suburban,BRIHAN MUMBAI,MC,7,196,PRABHAG NO 196 ,,,PATIL DEEPAK ASHOK,,,,,,,1605,Bhartiya Janata Party,BJP,,5618,2,,14,25973,21.63,,,25973,,,,
Maharashtra,2017,21-02-2017, ,0,Mumbai Suburban,BRIHAN MUMBAI,MC,7,196,PRABHAG NO 196 ,,,Nitanaware Dashrath Shivaram,,,,,,,5792,Nationalist Congress Party,NCP,,3731,3,,14,25973,14.365,,,25973,,,,
Maharashtra,2017,21-02-2017, ,0,Mumbai Suburban,BRIHAN MUMBAI,MC,7,196,PRABHAG NO 196 ,,,NIKAM DASHRATH DATTRAM,,,,,,,11633,Maharashtra Navnirman Sena,MNS,,1551,4,,14,25973,5.972,,,25973,,,,
Maharashtra,2017,21-02-2017, ,0,Mumbai Suburban,BRIHAN MUMBAI,MC,7,196,PRABHAG NO 196 ,,,KHARAT SANDEEP SUDHAKAR,,,,,,,16651,Bahujan Samaj Party,BSP,,1465,5,,14,25973,5.64,,,25973,,,,
Maharashtra,2017,21-02-2017, ,0,Mumbai Suburban,BRIHAN MUMBAI,MC,7,196,PRABHAG NO 196 ,,,SURYAVANSHI INDRAJEET VASANT,,,,,,,1605,Indian National Congress,BJP,,1112,6,,14,25973,4.281,,,25973,,,,
Maharashtra,2017,21-02-2017, ,0,Mumbai Suburban,BRIHAN MUMBAI,MC,7,196,PRABHAG NO 196 ,,,KADAM SANTOSH RAGHUNATH,,,,,,,1875,Bharip Bahujan Mahasangh,BBM,,240,7,,14,25973,0.924,,,25973,,,,
Maharashtra,2017,21-02-2017, ,0,Mumbai Suburban,BRIHAN MUMBAI,MC,7,196,PRABHAG NO 196 ,,,REDKAR RAJAN BAPU,,,,,,,10809,Independent,IND,,177,8,,14,25973,0.681,,,25973,,,,
Maharashtra,2017,21-02-2017, ,0,Mumbai Suburban,BRIHAN MUMBAI,MC,7,196,PRABHAG NO 196 ,,,Bhagat Janhvi Sujit,,,,,,,10809,Independent,IND,,88,9,,14,25973,0.339,,,25973,,,,
Maharashtra,2017,21-02-2017, ,0,Mumbai Suburban,BRIHAN MUMBAI,MC,7,196,PRABHAG NO 196 ,,,RAJPUT MOHANSINGH SHANKARSINGH,,,,,,,10809,Independent,IND,,78,10,,14,25973,0.3,,,25973,,,,
Maharashtra,2017,21-02-2017, ,0,Mumbai Suburban,BRIHAN MUMBAI,MC,7,196,PRABHAG NO 196 ,,,Kamble Rajendra Bhanudas,,,,,,,6911,Republican Party Of India,RPI,,59,11,,14,25973,0.227,,,25973,,,,
Maharashtra,2017,21-02-2017, ,0,Mumbai Suburban,BRIHAN MUMBAI,MC,7,196,PRABHAG NO 196 ,,,Kolhapure Sanjay Ramchandra,,,,,,,10809,Independent,IND,,54,12,,14,25973,0.208,,,25973,,,,
Maharashtra,2017,21-02-2017, ,0,Mumbai Suburban,BRIHAN MUMBAI,MC,7,196,PRABHAG NO 196 ,,,Bhingare Vishal Anand,,,,,,,24549,Sambhaji Brigade,SBBGP,,49,13,,14,25973,0.189,,,25973,,,,
Maharashtra,2017,21-02-2017, ,0,Mumbai Suburban,BRIHAN MUMBAI,MC,7,196,PRABHAG NO 196 ,,,JHA LILENDRA GOVIND,,,,,,,10809,Independent,IND,,22,14,,14,25973,0.085,,,25973,,,,
Maharashtra,2017,21-02-2017, ,0,Mumbai Suburban,BRIHAN MUMBAI,MC,7,196,PRABHAG NO 196 ,,,NOTA,,,,,,,u10003,,,,423,15,,14,25973,1.629,,,25973,,,,
Maharashtra,2017,21-02-2017, ,0,Mumbai Suburban,BRIHAN MUMBAI,MC,7,197,PRABHAG NO 197 ,,,NARVANKAR DATTARAM SHIVARAM,,,,,,,11633,Maharashtra Navnirman Sena,MNS,,4419,1,,24,20609,21.442,,,20609,,,,
Maharashtra,2017,21-02-2017, ,0,Mumbai Suburban,BRIHAN MUMBAI,MC,7,197,PRABHAG NO 197 ,,,Desai Parshuram Dattatray,,,,,,,18691,Shivsena,SHS,,3287,2,,24,20609,15.949,,,20609,,,,
Maharashtra,2017,21-02-2017, ,0,Mumbai Suburban,BRIHAN MUMBAI,MC,7,197,PRABHAG NO 197 ,,,KHAN ABRAR LALMOHAMMED,,,,,,,5792,Nationalist Congress Party,NCP,,3202,3,,24,20609,15.537,,,20609,,,,
Maharashtra,2017,21-02-2017, ,0,Mumbai Suburban,BRIHAN MUMBAI,MC,7,197,PRABHAG NO 197 ,,,PANDE NAVNEET DAYASHANKAR,,,,,,,1605,Bhartiya Janata Party,BJP,,2406,4,,24,20609,11.675,,,20609,,,,
Maharashtra,2017,21-02-2017, ,0,Mumbai Suburban,BRIHAN MUMBAI,MC,7,197,PRABHAG NO 197 ,,,PAWAR RAJU GOVIND,,,,,,,10809,Independent,IND,,1772,5,,24,20609,8.598,,,20609,,,,
Maharashtra,2017,21-02-2017, ,0,Mumbai Suburban,BRIHAN MUMBAI,MC,7,197,PRABHAG NO 197 ,,,Nair Anita Satyam,,,,,,,10809,Independent,IND,,1118,6,,24,20609,5.425,,,20609,,,,
Maharashtra,2017,21-02-2017, ,0,Mumbai Suburban,BRIHAN MUMBAI,MC,7,197,PRABHAG NO 197 ,,,Sawant Aniruddha Krishna,,,,,,,10809,Independent,IND,,899,7,,24,20609,4.362,,,20609,,,,
Maharashtra,2017,21-02-2017, ,0,Mumbai Suburban,BRIHAN MUMBAI,MC,7,197,PRABHAG NO 197 ,,,Pawar Prakash Govind,,,,,,,10809,Independent,IND,,701,8,,24,20609,3.401,,,20609,,,,
Maharashtra,2017,21-02-2017, ,0,Mumbai Suburban,BRIHAN MUMBAI,MC,7,197,PRABHAG NO 197 ,,,Nadar Manoj Pandian,,,,,,,1605,Indian National Congress,BJP,,630,9,,24,20609,3.057,,,20609,,,,
Maharashtra,2017,21-02-2017, ,0,Mumbai Suburban,BRIHAN MUMBAI,MC,7,197,PRABHAG NO 197 ,,,marchande manoj dinkar,,,,,,,1875,Bharip Bahujan Mahasangh,BBM,,560,10,,24,20609,2.717,,,20609,,,,
Maharashtra,2017,21-02-2017, ,0,Mumbai Suburban,BRIHAN MUMBAI,MC,7,197,PRABHAG NO 197 ,,,KAMBLE ANAND SATU,,,,,,,16651,Bahujan Samaj Party,BSP,,371,11,,24,20609,1.8,,,20609,,,,
Maharashtra,2017,21-02-2017, ,0,Mumbai Suburban,BRIHAN MUMBAI,MC,7,197,PRABHAG NO 197 ,,,GOLLAR TIMMA TIMMAPPA,,,,,,,7425,Samajwadi Party,SP,,274,12,,24,20609,1.33,,,20609,,,,
Maharashtra,2017,21-02-2017, ,0,Mumbai Suburban,BRIHAN MUMBAI,MC,7,197,PRABHAG NO 197 ,,,Mehra Suresh Tejram,,,,,,,10809,Independent,IND,,129,13,,24,20609,0.626,,,20609,,,,
Maharashtra,2017,21-02-2017, ,0,Mumbai Suburban,BRIHAN MUMBAI,MC,7,197,PRABHAG NO 197 ,,,devendra mukesh arma,,,,,,,1096,bahujan republican sociolist party,BARESP,,125,14,,24,20609,0.607,,,20609,,,,
Maharashtra,2017,21-02-2017, ,0,Mumbai Suburban,BRIHAN MUMBAI,MC,7,197,PRABHAG NO 197 ,,,SALVI VIKAS PRAKASH,,,,,,,9677,Bahujan Vikas Aghadi,BVA,,121,15,,24,20609,0.587,,,20609,,,,
Maharashtra,2017,21-02-2017, ,0,Mumbai Suburban,BRIHAN MUMBAI,MC,7,197,PRABHAG NO 197 ,,,GURAV ANAND TUKARAM,,,,,,,8690,Akhil Bharatiya Sena,ABHS,,97,16,,24,20609,0.471,,,20609,,,,
Maharashtra,2017,21-02-2017, ,0,Mumbai Suburban,BRIHAN MUMBAI,MC,7,197,PRABHAG NO 197 ,,,Tiwari Dinesh Jayram,,,,,,,10809,Independent,IND,,85,17,,24,20609,0.412,,,20609,,,,
Maharashtra,2017,21-02-2017, ,0,Mumbai Suburban,BRIHAN MUMBAI,MC,7,197,PRABHAG NO 197 ,,,Kothawale Sunil Chandrakant,,,,,,,24549,Sambhaji Brigade,SBBGP,,43,18,,24,20609,0.209,,,20609,,,,
Maharashtra,2017,21-02-2017, ,0,Mumbai Suburban,BRIHAN MUMBAI,MC,7,197,PRABHAG NO 197 ,,,LONDHE AJAY KRISHNA,,,,,,,10809,Independent,IND,,42,19,,24,20609,0.204,,,20609,,,,
Maharashtra,2017,21-02-2017, ,0,Mumbai Suburban,BRIHAN MUMBAI,MC,7,197,PRABHAG NO 197 ,,,SHAIKH MOHAMMAD PARVEZ MOHAMMAD AYUB,,,,,,,10809,Independent,IND,,41,20,,24,20609,0.199,,,20609,,,,
Maharashtra,2017,21-02-2017, ,0,Mumbai Suburban,BRIHAN MUMBAI,MC,7,197,PRABHAG NO 197 ,,,Pawar Mohan Ramachandr,,,,,,,10809,Independent,IND,,39,21,,24,20609,0.189,,,20609,,,,
Maharashtra,2017,21-02-2017, ,0,Mumbai Suburban,BRIHAN MUMBAI,MC,7,197,PRABHAG NO 197 ,,,rathod kishor ukabhai,,,,,,,10809,Independent,IND,,34,22,,24,20609,0.165,,,20609,,,,
Maharashtra,2017,21-02-2017, ,0,Mumbai Suburban,BRIHAN MUMBAI,MC,7,197,PRABHAG NO 197 ,,,SHAIKH SHABANA IMTIYAZAHMED,,,,,,,10809,Independent,IND,,33,23,,24,20609,0.16,,,20609,,,,
Maharashtra,2017,21-02-2017, ,0,Mumbai Suburban,BRIHAN MUMBAI,MC,7,197,PRABHAG NO 197 ,,,KHAN MIDRISRAZA HAJIMBASIR,,,,,,,10809,Independent,IND,,27,24,,24,20609,0.131,,,20609,,,,
Maharashtra,2017,21-02-2017, ,0,Mumbai Suburban,BRIHAN MUMBAI,MC,7,197,PRABHAG NO 197 ,,,NOTA,,,,,,,u10003,,,,154,25,,24,20609,0.747,,,20609,,,,
Maharashtra,2017,21-02-2017, ,0,Mumbai Suburban,BRIHAN MUMBAI,MC,7,198,PRABHAG NO 198 ,,,AMBEKAR SNEHAL SURYAKANT,,,,,,,18691,Shivsena,SHS,,13614,1,,6,26181,52,,,26181,,,,
Maharashtra,2017,21-02-2017, ,0,Mumbai Suburban,BRIHAN MUMBAI,MC,7,198,PRABHAG NO 198 ,,,MHASHILKAR VINAYAK RAM,,,,,,,11633,Maharashtra Navnirman Sena,MNS,,8088,2,,6,26181,30.893,,,26181,,,,
Maharashtra,2017,21-02-2017, ,0,Mumbai Suburban,BRIHAN MUMBAI,MC,7,198,PRABHAG NO 198 ,,,KADAM KUNAL RAMESH,,,,,,,12285,Republican Party of India (A),RPI(A),,1720,3,,6,26181,6.57,,,26181,,,,
Maharashtra,2017,21-02-2017, ,0,Mumbai Suburban,BRIHAN MUMBAI,MC,7,198,PRABHAG NO 198 ,,,KAMBALE SANJAY SHANKAR,,,,,,,10809,Independent,IND,,1598,4,,6,26181,6.104,,,26181,,,,
Maharashtra,2017,21-02-2017, ,0,Mumbai Suburban,BRIHAN MUMBAI,MC,7,198,PRABHAG NO 198 ,,,NARKAR RAMCHANDRA SITARAM,,,,,,,10809,Independent,IND,,219,5,,6,26181,0.836,,,26181,,,,
Maharashtra,2017,21-02-2017, ,0,Mumbai Suburban,BRIHAN MUMBAI,MC,7,198,PRABHAG NO 198 ,,,TASGAONKAR MAKARAND SHRIDHAR,,,,,,,5792,Nationalist Congress Party,NCP,,123,6,,6,26181,0.47,,,26181,,,,
Maharashtra,2017,21-02-2017, ,0,Mumbai Suburban,BRIHAN MUMBAI,MC,7,198,PRABHAG NO 198 ,,,NOTA,,,,,,,u10003,,,,819,7,,6,26181,3.128,,,26181,,,,
Maharashtra,2017,21-02-2017, ,0,Mumbai Suburban,BRIHAN MUMBAI,MC,7,199,PRABHAG NO 199 ,,,Pednekar Kishori Kishor,,,,,,,18691,Shivsena,SHS,,11229,1,,10,26293,42.707,,,26293,,,,
Maharashtra,2017,21-02-2017, ,0,Mumbai Suburban,BRIHAN MUMBAI,MC,7,199,PRABHAG NO 199 ,,,DESAI VIJAYMALA BABAN,,,,,,,5792,Nationalist Congress Party,NCP,,5456,2,,10,26293,20.751,,,26293,,,,
Maharashtra,2017,21-02-2017, ,0,Mumbai Suburban,BRIHAN MUMBAI,MC,7,199,PRABHAG NO 199 ,,,PUGAONKAR aRATI CHANDRAKANT,,,,,,,1605,Bhartiya Janata Party,BJP,,4404,3,,10,26293,16.75,,,26293,,,,
Maharashtra,2017,21-02-2017, ,0,Mumbai Suburban,BRIHAN MUMBAI,MC,7,199,PRABHAG NO 199 ,,,KANOJIA HEENA VIJAYKUMAR,,,,,,,1605,Indian National Congress,BJP,,1823,4,,10,26293,6.933,,,26293,,,,
Maharashtra,2017,21-02-2017, ,0,Mumbai Suburban,BRIHAN MUMBAI,MC,7,199,PRABHAG NO 199 ,,,Kanojia Priyanka Premlal,,,,,,,11633,Maharashtra Navnirman Sena,MNS,,1416,5,,10,26293,5.385,,,26293,,,,
Maharashtra,2017,21-02-2017, ,0,Mumbai Suburban,BRIHAN MUMBAI,MC,7,199,PRABHAG NO 199 ,,,Talekar Avanti Santosh,,,,,,,1096,bahujan republican sociolist party,BARESP,,570,6,,10,26293,2.168,,,26293,,,,
Maharashtra,2017,21-02-2017, ,0,Mumbai Suburban,BRIHAN MUMBAI,MC,7,199,PRABHAG NO 199 ,,,JAISWAR SHASHIKALA AKHILESH,,,,,,,16651,Bahujan Samaj Party,BSP,,548,7,,10,26293,2.084,,,26293,,,,
Maharashtra,2017,21-02-2017, ,0,Mumbai Suburban,BRIHAN MUMBAI,MC,7,199,PRABHAG NO 199 ,,,Kadam Sudha Vithalrao,,,,,,,10809,Independent,IND,,165,8,,10,26293,0.628,,,26293,,,,
Maharashtra,2017,21-02-2017, ,0,Mumbai Suburban,BRIHAN MUMBAI,MC,7,199,PRABHAG NO 199 ,,,KHAVARE RAJSHREE SANDEEP,,,,,,,10809,Independent,IND,,88,9,,10,26293,0.335,,,26293,,,,
Maharashtra,2017,21-02-2017, ,0,Mumbai Suburban,BRIHAN MUMBAI,MC,7,199,PRABHAG NO 199 ,,,KADAM VEENA SUDHAKAR,,,,,,,10809,Independent,IND,,67,10,,10,26293,0.255,,,26293,,,,
Maharashtra,2017,21-02-2017, ,0,Mumbai Suburban,BRIHAN MUMBAI,MC,7,199,PRABHAG NO 199 ,,,NOTA,,,,,,,u10003,,,,527,11,,10,26293,2.004,,,26293,,,,
Maharashtra,2017,21-02-2017, ,0,Mumbai Suburban,BRIHAN MUMBAI,MC,7,200,PRABHAG NO 200 ,,,PANCHAL URMILA ULHAS,,,,,,,18691,Shivsena,SHS,,9098,1,,7,25960,35.046,,,25960,,,,
Maharashtra,2017,21-02-2017, ,0,Mumbai Suburban,BRIHAN MUMBAI,MC,7,200,PRABHAG NO 200 ,,,MUNGEKAR PALLAVI MAHENDRA,,,,,,,1605,Indian National Congress,BJP,,6937,2,,7,25960,26.722,,,25960,,,,
Maharashtra,2017,21-02-2017, ,0,Mumbai Suburban,BRIHAN MUMBAI,MC,7,200,PRABHAG NO 200 ,,,Dhumale Pawar Jyotsna Rahul,,,,,,,1605,Bhartiya Janata Party,BJP,,6926,3,,7,25960,26.68,,,25960,,,,
Maharashtra,2017,21-02-2017, ,0,Mumbai Suburban,BRIHAN MUMBAI,MC,7,200,PRABHAG NO 200 ,,,WAGHMARE SUVARNA SUNIT,,,,,,,10809,Independent,IND,,1356,4,,7,25960,5.223,,,25960,,,,
Maharashtra,2017,21-02-2017, ,0,Mumbai Suburban,BRIHAN MUMBAI,MC,7,200,PRABHAG NO 200 ,,,KHARE PAYAL RAJENDRA,,,,,,,16651,Bahujan Samaj Party,BSP,,447,5,,7,25960,1.722,,,25960,,,,
Maharashtra,2017,21-02-2017, ,0,Mumbai Suburban,BRIHAN MUMBAI,MC,7,200,PRABHAG NO 200 ,,,KAMBLE ANITA SANJAY,,,,,,,5792,Nationalist Congress Party,NCP,,381,6,,7,25960,1.468,,,25960,,,,
Maharashtra,2017,21-02-2017, ,0,Mumbai Suburban,BRIHAN MUMBAI,MC,7,200,PRABHAG NO 200 ,,,TUPASOUNDRYA SUNITA MOHAN,,,,,,,u10008,Bhartiya Shetkari Kamgar Paksh,,,129,7,,7,25960,0.497,,,25960,,,,
Maharashtra,2017,21-02-2017, ,0,Mumbai Suburban,BRIHAN MUMBAI,MC,7,200,PRABHAG NO 200 ,,,NOTA,,,,,,,u10003,,,,686,8,,7,25960,2.643,,,25960,,,,
Maharashtra,2017,21-02-2017, ,0,Mumbai Suburban,BRIHAN MUMBAI,MC,7,201,PRABHAG NO 201 ,,,More Supriya Sunil,,,,,,,1605,Indian National Congress,BJP,,7406,1,,9,20774,35.65,,,20774,,,,
Maharashtra,2017,21-02-2017, ,0,Mumbai Suburban,BRIHAN MUMBAI,MC,7,201,PRABHAG NO 201 ,,,SIDDIQUE IRAM SAJIDAHMED,,,,,,,7425,Samajwadi Party,SP,,4619,2,,9,20774,22.235,,,20774,,,,
Maharashtra,2017,21-02-2017, ,0,Mumbai Suburban,BRIHAN MUMBAI,MC,7,201,PRABHAG NO 201 ,,,DAREKAR ASHWINI VIJAY,,,,,,,18691,Shivsena,SHS,,3575,3,,9,20774,17.209,,,20774,,,,
Maharashtra,2017,21-02-2017, ,0,Mumbai Suburban,BRIHAN MUMBAI,MC,7,201,PRABHAG NO 201 ,,,MALIK SHEHNAZ SIRAJAHMED,,,,,,,706,All India Majlis e Ittehadul Muslimeen,AIMIM,,1826,4,,9,20774,8.79,,,20774,,,,
Maharashtra,2017,21-02-2017, ,0,Mumbai Suburban,BRIHAN MUMBAI,MC,7,201,PRABHAG NO 201 ,,,Saklave Savita Vinod,,,,,,,1605,Bhartiya Janata Party,BJP,,1690,5,,9,20774,8.135,,,20774,,,,
Maharashtra,2017,21-02-2017, ,0,Mumbai Suburban,BRIHAN MUMBAI,MC,7,201,PRABHAG NO 201 ,,,RANKHAMBE PUSHPA ANAND,,,,,,,11633,Maharashtra Navnirman Sena,MNS,,730,6,,9,20774,3.514,,,20774,,,,
Maharashtra,2017,21-02-2017, ,0,Mumbai Suburban,BRIHAN MUMBAI,MC,7,201,PRABHAG NO 201 ,,,SAWANT SHAMBHAVI HEMANT,,,,,,,12285,Republican Party of India (A),RPI(A),,330,7,,9,20774,1.589,,,20774,,,,
Maharashtra,2017,21-02-2017, ,0,Mumbai Suburban,BRIHAN MUMBAI,MC,7,201,PRABHAG NO 201 ,,,jagtap jyoti prakash,,,,,,,5792,Nationalist Congress Party,NCP,,203,8,,9,20774,0.977,,,20774,,,,
Maharashtra,2017,21-02-2017, ,0,Mumbai Suburban,BRIHAN MUMBAI,MC,7,201,PRABHAG NO 201 ,,,SIDDIQUE RUBINA KHALID,,,,,,,10809,Independent,IND,,112,9,,9,20774,0.539,,,20774,,,,
Maharashtra,2017,21-02-2017, ,0,Mumbai Suburban,BRIHAN MUMBAI,MC,7,201,PRABHAG NO 201 ,,,NOTA,,,,,,,u10003,,,,283,10,,9,20774,1.362,,,20774,,,,
Maharashtra,2017,21-02-2017, ,0,Mumbai Suburban,BRIHAN MUMBAI,MC,7,202,PRABHAG NO 202 ,,,JADHAV SHRADDHA SHRIDHAR,,,,,,,18691,Shivsena,SHS,,12032,1,,8,27294,44.083,,,27294,,,,
Maharashtra,2017,21-02-2017, ,0,Mumbai Suburban,BRIHAN MUMBAI,MC,7,202,PRABHAG NO 202 ,,,bamane pranali pramod,,बामणे प्रणाली प्रमोद,,,,,11633,Maharashtra Navnirman Sena,MNS,,4386,2,,8,27294,16.069,,,27294,,,,
Maharashtra,2017,21-02-2017, ,0,Mumbai Suburban,BRIHAN MUMBAI,MC,7,202,PRABHAG NO 202 ,,,Bavkar Riya Harishchandra,,,,,,,1605,Indian National Congress,BJP,,4329,3,,8,27294,15.861,,,27294,,,,
Maharashtra,2017,21-02-2017, ,0,Mumbai Suburban,BRIHAN MUMBAI,MC,7,202,PRABHAG NO 202 ,,,PAWAR VIJAYALAXMI NITESH,,,,,,,1605,Bhartiya Janata Party,BJP,,3292,4,,8,27294,12.061,,,27294,,,,
Maharashtra,2017,21-02-2017, ,0,Mumbai Suburban,BRIHAN MUMBAI,MC,7,202,PRABHAG NO 202 ,,,BHASKARAN UMA SUNIL,,,,,,,5792,Nationalist Congress Party,NCP,,986,5,,8,27294,3.613,,,27294,,,,
Maharashtra,2017,21-02-2017, ,0,Mumbai Suburban,BRIHAN MUMBAI,MC,7,202,PRABHAG NO 202 ,,,PARAB MANASI MANAJI,,,,,,,10809,Independent,IND,,855,6,,8,27294,3.133,,,27294,,,,
Maharashtra,2017,21-02-2017, ,0,Mumbai Suburban,BRIHAN MUMBAI,MC,7,202,PRABHAG NO 202 ,,,SAKPAL MANASI ARUN,,,,,,,1875,Bharip Bahujan Mahasangh,BBM,,454,7,,8,27294,1.663,,,27294,,,,
Maharashtra,2017,21-02-2017, ,0,Mumbai Suburban,BRIHAN MUMBAI,MC,7,202,PRABHAG NO 202 ,,,Mane Vandana Ramchandra,,,,,,,2444,Communist Party Of India,CPI,,413,8,,8,27294,1.513,,,27294,,,,
Maharashtra,2017,21-02-2017, ,0,Mumbai Suburban,BRIHAN MUMBAI,MC,7,202,PRABHAG NO 202 ,,,NOTA,,,,,,,u10003,,,,547,9,,8,27294,2.004,,,27294,,,,
Maharashtra,2017,21-02-2017, ,0,Mumbai Suburban,BRIHAN MUMBAI,MC,7,203,PRABHAG NO 203 ,,,Masurkar sindhu ravindranath,,,,,,,18691,Shivsena,SHS,,14541,1,,6,28723,50.625,,,28723,,,,
Maharashtra,2017,21-02-2017, ,0,Mumbai Suburban,BRIHAN MUMBAI,MC,7,203,PRABHAG NO 203 ,,,AMBOLE TEJASWINI SANJAY,,,,,,,1605,Bhartiya Janata Party,BJP,,9622,2,,6,28723,33.499,,,28723,,,,
Maharashtra,2017,21-02-2017, ,0,Mumbai Suburban,BRIHAN MUMBAI,MC,7,203,PRABHAG NO 203 ,,,DURGAVALE POONAM ARUN,,,,,,,11633,Maharashtra Navnirman Sena,MNS,,2061,3,,6,28723,7.175,,,28723,,,,
Maharashtra,2017,21-02-2017, ,0,Mumbai Suburban,BRIHAN MUMBAI,MC,7,203,PRABHAG NO 203 ,,,JANGAM VIDYA CHANDRASHEKHAR,,,,,,,1605,Indian National Congress,BJP,,1497,4,,6,28723,5.212,,,28723,,,,
Maharashtra,2017,21-02-2017, ,0,Mumbai Suburban,BRIHAN MUMBAI,MC,7,203,PRABHAG NO 203 ,,,BABRE RESHMA SUDHIR,,,,,,,10809,Independent,IND,,262,5,,6,28723,0.912,,,28723,,,,
Maharashtra,2017,21-02-2017, ,0,Mumbai Suburban,BRIHAN MUMBAI,MC,7,203,PRABHAG NO 203 ,,,jadhav bharati jagannath,,,,,,,5792,Nationalist Congress Party,NCP,,122,6,,6,28723,0.425,,,28723,,,,
Maharashtra,2017,21-02-2017, ,0,Mumbai Suburban,BRIHAN MUMBAI,MC,7,203,PRABHAG NO 203 ,,,NOTA,,,,,,,u10003,,,,618,7,,6,28723,2.152,,,28723,,,,
Maharashtra,2017,21-02-2017, ,0,Mumbai Suburban,BRIHAN MUMBAI,MC,7,204,PRABHAG NO 204 ,,,KOKIL ANIL SADASHIV,,,,,,,18691,Shivsena,SHS,,13411,1,,5,25571,52.446,,,25571,,,,
Maharashtra,2017,21-02-2017, ,0,Mumbai Suburban,BRIHAN MUMBAI,MC,7,204,PRABHAG NO 204 ,,,DALVI ARUN DATTARAM,,,,,,,1605,Bhartiya Janata Party,BJP,,7300,2,,5,25571,28.548,,,25571,,,,
Maharashtra,2017,21-02-2017, ,0,Mumbai Suburban,BRIHAN MUMBAI,MC,7,204,PRABHAG NO 204 ,,,DESAI SACHINDRA GANPAT,,,,,,,11633,Maharashtra Navnirman Sena,MNS,,2772,3,,5,25571,10.84,,,25571,,,,
Maharashtra,2017,21-02-2017, ,0,Mumbai Suburban,BRIHAN MUMBAI,MC,7,204,PRABHAG NO 204 ,,,SAWANT PRAKASH RAMKRISHNA,,,,,,,1605,Indian National Congress,BJP,,1420,4,,5,25571,5.553,,,25571,,,,
Maharashtra,2017,21-02-2017, ,0,Mumbai Suburban,BRIHAN MUMBAI,MC,7,204,PRABHAG NO 204 ,,,KHALE SWAPNIL MADAN,,,,,,,16651,Bahujan Samaj Party,BSP,,144,5,,5,25571,0.563,,,25571,,,,
Maharashtra,2017,21-02-2017, ,0,Mumbai Suburban,BRIHAN MUMBAI,MC,7,204,PRABHAG NO 204 ,,,NOTA,,,,,,,u10003,,,,524,6,,5,25571,2.049,,,25571,,,,
Maharashtra,2017,21-02-2017, ,0,Mumbai Suburban,BRIHAN MUMBAI,MC,7,205,PRABHAG NO 205 ,,,PONGADE DATTARAM RAMBHAU,,,,,,,18691,Shivsena,SHS,,13859,1,,12,26948,51.429,,,26948,,,,
Maharashtra,2017,21-02-2017, ,0,Mumbai Suburban,BRIHAN MUMBAI,MC,7,205,PRABHAG NO 205 ,,,SAWANT VILAS SHRIPAT,,,,,,,11633,Maharashtra Navnirman Sena,MNS,,6175,2,,12,26948,22.915,,,26948,,,,
Maharashtra,2017,21-02-2017, ,0,Mumbai Suburban,BRIHAN MUMBAI,MC,7,205,PRABHAG NO 205 ,,,GHAG RAJENDRA MOHAN,,,,,,,1605,Bhartiya Janata Party,BJP,,2850,3,,12,26948,10.576,,,26948,,,,
Maharashtra,2017,21-02-2017, ,0,Mumbai Suburban,BRIHAN MUMBAI,MC,7,205,PRABHAG NO 205 ,,,Yewale Umesh Raysing,,,,,,,5792,Nationalist Congress Party,NCP,,1064,4,,12,26948,3.948,,,26948,,,,
Maharashtra,2017,21-02-2017, ,0,Mumbai Suburban,BRIHAN MUMBAI,MC,7,205,PRABHAG NO 205 ,,,KANGANE GORAKH NIVRUTTI,,,,,,,1605,Indian National Congress,BJP,,1004,5,,12,26948,3.726,,,26948,,,,
Maharashtra,2017,21-02-2017, ,0,Mumbai Suburban,BRIHAN MUMBAI,MC,7,205,PRABHAG NO 205 ,,,GHAGARE PRASAD NARAYAN,,,,,,,2444,Communist Party Of India,CPI,,782,6,,12,26948,2.902,,,26948,,,,
Maharashtra,2017,21-02-2017, ,0,Mumbai Suburban,BRIHAN MUMBAI,MC,7,205,PRABHAG NO 205 ,,,MISHRA SANJAYKUMAR GYANPRAKASH,,,,,,,10809,Independent,IND,,253,7,,12,26948,0.939,,,26948,,,,
Maharashtra,2017,21-02-2017, ,0,Mumbai Suburban,BRIHAN MUMBAI,MC,7,205,PRABHAG NO 205 ,,,SATPUTE MAHENDRA SITARAM,,,,,,,1096,bahujan republican sociolist party,BARESP,,237,8,,12,26948,0.879,,,26948,,,,
Maharashtra,2017,21-02-2017, ,0,Mumbai Suburban,BRIHAN MUMBAI,MC,7,205,PRABHAG NO 205 ,,,GAWADE RAJARAM GOVIND,,,,,,,16651,Bahujan Samaj Party,BSP,,126,9,,12,26948,0.468,,,26948,,,,
Maharashtra,2017,21-02-2017, ,0,Mumbai Suburban,BRIHAN MUMBAI,MC,7,205,PRABHAG NO 205 ,,,Masurkar Swaminath Namdev,,,,,,,10809,Independent,IND,,100,10,,12,26948,0.371,,,26948,,,,
Maharashtra,2017,21-02-2017, ,0,Mumbai Suburban,BRIHAN MUMBAI,MC,7,205,PRABHAG NO 205 ,,,Shitole Sangeeta Tejkumar,,,,,,,10979,Janata Dal Secular,JD(S),,86,11,,12,26948,0.319,,,26948,,,,
Maharashtra,2017,21-02-2017, ,0,Mumbai Suburban,BRIHAN MUMBAI,MC,7,205,PRABHAG NO 205 ,,,kadam ashok mahipat,,,,,,,10809,Independent,IND,,46,12,,12,26948,0.171,,,26948,,,,
Maharashtra,2017,21-02-2017, ,0,Mumbai Suburban,BRIHAN MUMBAI,MC,7,205,PRABHAG NO 205 ,,,NOTA,,,,,,,u10003,,,,366,13,,12,26948,1.358,,,26948,,,,
Maharashtra,2017,21-02-2017, ,0,Mumbai Suburban,BRIHAN MUMBAI,MC,7,206,PRABHAG NO 206 ,,,PADWAL SACHIN DEVDAS,,,,,,,18691,Shivsena,SHS,,7225,1,,12,20568,35.127,,,20568,,,,
Maharashtra,2017,21-02-2017, ,0,Mumbai Suburban,BRIHAN MUMBAI,MC,7,206,PRABHAG NO 206 ,,,MURAI RAMVACHAN SITARAM,,,,,,,1605,Indian National Congress,BJP,,6262,2,,12,20568,30.445,,,20568,,,,
Maharashtra,2017,21-02-2017, ,0,Mumbai Suburban,BRIHAN MUMBAI,MC,7,206,PRABHAG NO 206 ,,,MHATRE VIJAY LAXMAN,,,,,,,1605,Bhartiya Janata Party,BJP,,2602,3,,12,20568,12.651,,,20568,,,,
Maharashtra,2017,21-02-2017, ,0,Mumbai Suburban,BRIHAN MUMBAI,MC,7,206,PRABHAG NO 206 ,,,PEDNEKAR CHETAN RAMESH,,,,,,,11633,Maharashtra Navnirman Sena,MNS,,1440,4,,12,20568,7.001,,,20568,,,,
Maharashtra,2017,21-02-2017, ,0,Mumbai Suburban,BRIHAN MUMBAI,MC,7,206,PRABHAG NO 206 ,,,Mokal Shekhar Jagannath,,,,,,,10809,Independent,IND,,1397,5,,12,20568,6.792,,,20568,,,,
Maharashtra,2017,21-02-2017, ,0,Mumbai Suburban,BRIHAN MUMBAI,MC,7,206,PRABHAG NO 206 ,,,SHIVDIKAR NEEL NANDKUMAR,,,,,,,5792,Nationalist Congress Party,NCP,,637,6,,12,20568,3.097,,,20568,,,,
Maharashtra,2017,21-02-2017, ,0,Mumbai Suburban,BRIHAN MUMBAI,MC,7,206,PRABHAG NO 206 ,,,Sangrar Isak Ismail,,,,,,,10809,Independent,IND,,319,7,,12,20568,1.551,,,20568,,,,
Maharashtra,2017,21-02-2017, ,0,Mumbai Suburban,BRIHAN MUMBAI,MC,7,206,PRABHAG NO 206 ,,,KALE RAJENDRA KESHAV,,,,,,,2444,Communist Party Of India,CPI,,158,8,,12,20568,0.768,,,20568,,,,
Maharashtra,2017,21-02-2017, ,0,Mumbai Suburban,BRIHAN MUMBAI,MC,7,206,PRABHAG NO 206 ,,,AGRE SANDIP BHIKAJI,,,,,,,16651,Bahujan Samaj Party,BSP,,138,9,,12,20568,0.671,,,20568,,,,
Maharashtra,2017,21-02-2017, ,0,Mumbai Suburban,BRIHAN MUMBAI,MC,7,206,PRABHAG NO 206 ,,,BUDHWANT ANITA JIJABA,,,,,,,1096,bahujan republican sociolist party,BARESP,,131,10,,12,20568,0.637,,,20568,,,,
Maharashtra,2017,21-02-2017, ,0,Mumbai Suburban,BRIHAN MUMBAI,MC,7,206,PRABHAG NO 206 ,,,Tukrul Prakash Sahadev,,,,,,,10809,Independent,IND,,44,11,,12,20568,0.214,,,20568,,,,
Maharashtra,2017,21-02-2017, ,0,Mumbai Suburban,BRIHAN MUMBAI,MC,7,206,PRABHAG NO 206 ,,,GOLAR DATTARAJ ARJUN,,,,,,,10809,Independent,IND,,29,12,,12,20568,0.141,,,20568,,,,
Maharashtra,2017,21-02-2017, ,0,Mumbai Suburban,BRIHAN MUMBAI,MC,7,206,PRABHAG NO 206 ,,,NOTA,,,,,,,u10003,,,,186,13,,12,20568,0.904,,,20568,,,,
Maharashtra,2017,21-02-2017, ,0,Mumbai Suburban,BRIHAN MUMBAI,MC,7,207,PRABHAG NO 207 ,,,Lokhande Surekha Rohidas,,,,,,,1605,Bhartiya Janata Party,BJP,,6005,1,,11,24567,24.443,,,24567,,,,
Maharashtra,2017,21-02-2017, ,0,Mumbai Suburban,BRIHAN MUMBAI,MC,7,207,PRABHAG NO 207 ,,,Chavan Asha Vasant,,,,,,,18691,Shivsena,SHS,,5962,2,,11,24567,24.268,,,24567,,,,
Maharashtra,2017,21-02-2017, ,0,Mumbai Suburban,BRIHAN MUMBAI,MC,7,207,PRABHAG NO 207 ,,,GAWLI VANDANA PRADEEP,,,,,,,8690,Akhil Bharatiya Sena,ABHS,,5661,3,,11,24567,23.043,,,24567,,,,
Maharashtra,2017,21-02-2017, ,0,Mumbai Suburban,BRIHAN MUMBAI,MC,7,207,PRABHAG NO 207 ,,,Haryan Shalaka Dilip,,,,,,,11633,Maharashtra Navnirman Sena,MNS,,2664,4,,11,24567,10.844,,,24567,,,,
Maharashtra,2017,21-02-2017, ,0,Mumbai Suburban,BRIHAN MUMBAI,MC,7,207,PRABHAG NO 207 ,,,Bhujbal Shubhangi Shivaji,,,,,,,1605,Indian National Congress,BJP,,1610,5,,11,24567,6.554,,,24567,,,,
Maharashtra,2017,21-02-2017, ,0,Mumbai Suburban,BRIHAN MUMBAI,MC,7,207,PRABHAG NO 207 ,,,GHANCHI QURRATULAEN MOHDASLAM,,,,,,,706,All India Majlis e Ittehadul Muslimeen,AIMIM,,1326,6,,11,24567,5.397,,,24567,,,,
Maharashtra,2017,21-02-2017, ,0,Mumbai Suburban,BRIHAN MUMBAI,MC,7,207,PRABHAG NO 207 ,,,Pednekar Surekha Charudatta,,,,,,,5792,Nationalist Congress Party,NCP,,346,7,,11,24567,1.408,,,24567,,,,
Maharashtra,2017,21-02-2017, ,0,Mumbai Suburban,BRIHAN MUMBAI,MC,7,207,PRABHAG NO 207 ,,,LOKHANDE NANDA PRAKASH,,,,,,,1074,Bahujan Mukti Party,BMUP,,262,8,,11,24567,1.066,,,24567,,,,
Maharashtra,2017,21-02-2017, ,0,Mumbai Suburban,BRIHAN MUMBAI,MC,7,207,PRABHAG NO 207 ,,,PATIL MALTI RAVINDRA,,,,,,,u10017,Bhartiya Sangram Parishad,,,201,9,,11,24567,0.818,,,24567,,,,
Maharashtra,2017,21-02-2017, ,0,Mumbai Suburban,BRIHAN MUMBAI,MC,7,207,PRABHAG NO 207 ,,,KANADE SUNANDA CHANDRASHEKHAR,,,,,,,1605,Indian National Congress,BJP,,130,10,,11,24567,0.529,,,24567,,,,
Maharashtra,2017,21-02-2017, ,0,Mumbai Suburban,BRIHAN MUMBAI,MC,7,207,PRABHAG NO 207 ,,,Rajput Khairunnisa MughalMehmoodAkbar,,,,,,,10809,Independent,IND,,43,11,,11,24567,0.175,,,24567,,,,
Maharashtra,2017,21-02-2017, ,0,Mumbai Suburban,BRIHAN MUMBAI,MC,7,207,PRABHAG NO 207 ,,,NOTA,,,,,,,u10003,,,,357,12,,11,24567,1.453,,,24567,,,,
Maharashtra,2017,21-02-2017, ,0,Mumbai Suburban,BRIHAN MUMBAI,MC,7,208,PRABHAG NO 208 ,,,Rahate Ramakant Sakharam,,,,,,,18691,Shivsena,SHS,,8938,1,,12,25117,35.585,,,25117,,,,
Maharashtra,2017,21-02-2017, ,0,Mumbai Suburban,BRIHAN MUMBAI,MC,7,208,PRABHAG NO 208 ,,,TAKLE KIRAN SHANKAR,,,,,,,11633,Maharashtra Navnirman Sena,MNS,,5002,2,,12,25117,19.915,,,25117,,,,
Maharashtra,2017,21-02-2017, ,0,Mumbai Suburban,BRIHAN MUMBAI,MC,7,208,PRABHAG NO 208 ,,,KHAN UMARSHAD MOHAMMED,,,,,,,706,All India Majlis e Ittehadul Muslimeen,AIMIM,,3888,3,,12,25117,15.48,,,25117,,,,
Maharashtra,2017,21-02-2017, ,0,Mumbai Suburban,BRIHAN MUMBAI,MC,7,208,PRABHAG NO 208 ,,,JEJURKAR RAKESH RAMDAS,,,,,,,1605,Bhartiya Janata Party,BJP,,3502,4,,12,25117,13.943,,,25117,,,,
Maharashtra,2017,21-02-2017, ,0,Mumbai Suburban,BRIHAN MUMBAI,MC,7,208,PRABHAG NO 208 ,,,Ghadigaonkar Prasad Namdeo,,,,,,,1605,Indian National Congress,BJP,,1850,5,,12,25117,7.366,,,25117,,,,
Maharashtra,2017,21-02-2017, ,0,Mumbai Suburban,BRIHAN MUMBAI,MC,7,208,PRABHAG NO 208 ,,,SHINDE SUSHANT SUBHASH,,,,,,,5792,Nationalist Congress Party,NCP,,928,6,,12,25117,3.695,,,25117,,,,
Maharashtra,2017,21-02-2017, ,0,Mumbai Suburban,BRIHAN MUMBAI,MC,7,208,PRABHAG NO 208 ,,,KHARMALE PANKAJ VASANT,,,,,,,24549,Sambhaji Brigade,SBBGP,,186,7,,12,25117,0.741,,,25117,,,,
Maharashtra,2017,21-02-2017, ,0,Mumbai Suburban,BRIHAN MUMBAI,MC,7,208,PRABHAG NO 208 ,,,Khan MohammedRafique Kalimullah,,,,,,,10809,Independent,IND,,172,8,,12,25117,0.685,,,25117,,,,
Maharashtra,2017,21-02-2017, ,0,Mumbai Suburban,BRIHAN MUMBAI,MC,7,208,PRABHAG NO 208 ,,,YADAV SUNIL DEWOO,,,,,,,16651,Bahujan Samaj Party,BSP,,119,9,,12,25117,0.474,,,25117,,,,
Maharashtra,2017,21-02-2017, ,0,Mumbai Suburban,BRIHAN MUMBAI,MC,7,208,PRABHAG NO 208 ,,,Shah Akbar Ali Abdul Quddus,,,,,,,1731,Bhartiya Minorities Suraksha Mahasangh,BMSM,,87,10,,12,25117,0.346,,,25117,,,,
Maharashtra,2017,21-02-2017, ,0,Mumbai Suburban,BRIHAN MUMBAI,MC,7,208,PRABHAG NO 208 ,,,Khan MohammadHanif Ayub,,,,,,,7425,Samajwadi Party,SP,,71,11,,12,25117,0.283,,,25117,,,,
Maharashtra,2017,21-02-2017, ,0,Mumbai Suburban,BRIHAN MUMBAI,MC,7,208,PRABHAG NO 208 ,,,KHAN MOHAMMEDINTEKHAB MOHAMMEDSAMI,,,,,,,10809,Independent,IND,,39,12,,12,25117,0.155,,,25117,,,,
Maharashtra,2017,21-02-2017, ,0,Mumbai Suburban,BRIHAN MUMBAI,MC,7,208,PRABHAG NO 208 ,,,NOTA,,,,,,,u10003,,,,335,13,,12,25117,1.334,,,25117,,,,
Maharashtra,2017,21-02-2017, ,0,Mumbai Suburban,BRIHAN MUMBAI,MC,7,209,PRABHAG NO 209 ,,,JADHAV YASHWANT KAMLAKAR,,,,,,,18691,Shivsena,SHS,,4884,1,,14,18556,26.32,,,18556,,,,
Maharashtra,2017,21-02-2017, ,0,Mumbai Suburban,BRIHAN MUMBAI,MC,7,209,PRABHAG NO 209 ,,,BAGHDADI MANZURHASAN ABDULLATIF,,,,,,,1605,Indian National Congress,BJP,,3853,2,,14,18556,20.764,,,18556,,,,
Maharashtra,2017,21-02-2017, ,0,Mumbai Suburban,BRIHAN MUMBAI,MC,7,209,PRABHAG NO 209 ,,,Sangoi Kantilal Popatlal,,,,,,,1605,Bhartiya Janata Party,BJP,,1953,3,,14,18556,10.525,,,18556,,,,
Maharashtra,2017,21-02-2017, ,0,Mumbai Suburban,BRIHAN MUMBAI,MC,7,209,PRABHAG NO 209 ,,,NAIK MATEEN aLI,,,,,,,706,All India Majlis e Ittehadul Muslimeen,AIMIM,,1760,4,,14,18556,9.485,,,18556,,,,
Maharashtra,2017,21-02-2017, ,0,Mumbai Suburban,BRIHAN MUMBAI,MC,7,209,PRABHAG NO 209 ,,,DSOUZA SANTOSH ALFRED,,,,,,,8690,Akhil Bharatiya Sena,ABHS,,1607,5,,14,18556,8.66,,,18556,,,,
Maharashtra,2017,21-02-2017, ,0,Mumbai Suburban,BRIHAN MUMBAI,MC,7,209,PRABHAG NO 209 ,,,WAJE ANIL TUKARAM,,,,,,,10809,Independent,IND,,1225,6,,14,18556,6.602,,,18556,,,,
Maharashtra,2017,21-02-2017, ,0,Mumbai Suburban,BRIHAN MUMBAI,MC,7,209,PRABHAG NO 209 ,,,Shete Nitin Dnyandeo,,,,,,,5792,Nationalist Congress Party,NCP,,1129,7,,14,18556,6.084,,,18556,,,,
Maharashtra,2017,21-02-2017, ,0,Mumbai Suburban,BRIHAN MUMBAI,MC,7,209,PRABHAG NO 209 ,,,SAWANT SUSHIL CHANDRAKANT,,,,,,,11633,Maharashtra Navnirman Sena,MNS,,910,8,,14,18556,4.904,,,18556,,,,
Maharashtra,2017,21-02-2017, ,0,Mumbai Suburban,BRIHAN MUMBAI,MC,7,209,PRABHAG NO 209 ,,,Khan Abdulmatin Shamsuddin,,,,,,,7425,Samajwadi Party,SP,,436,9,,14,18556,2.35,,,18556,,,,
Maharashtra,2017,21-02-2017, ,0,Mumbai Suburban,BRIHAN MUMBAI,MC,7,209,PRABHAG NO 209 ,,,dubey shyambihari ramnaresh,,,,,,,16651,Bahujan Samaj Party,BSP,,189,10,,14,18556,1.019,,,18556,,,,
Maharashtra,2017,21-02-2017, ,0,Mumbai Suburban,BRIHAN MUMBAI,MC,7,209,PRABHAG NO 209 ,,,Mukadam Irfan Umar,,,,,,,10809,Independent,IND,,132,11,,14,18556,0.711,,,18556,,,,
Maharashtra,2017,21-02-2017, ,0,Mumbai Suburban,BRIHAN MUMBAI,MC,7,209,PRABHAG NO 209 ,,,CHAVAN MAHESH CHANDRAKANT,,,,,,,10809,Independent,IND,,104,12,,14,18556,0.56,,,18556,,,,
Maharashtra,2017,21-02-2017, ,0,Mumbai Suburban,BRIHAN MUMBAI,MC,7,209,PRABHAG NO 209 ,,,KHAN TANVEERALAM SHAMEEMAHMED,,,,,,,1875,Bharip Bahujan Mahasangh,BBM,,71,13,,14,18556,0.383,,,18556,,,,
Maharashtra,2017,21-02-2017, ,0,Mumbai Suburban,BRIHAN MUMBAI,MC,7,209,PRABHAG NO 209 ,,,SHAIKH NIKHAT NISAR,,,,,,,10809,Independent,IND,,56,14,,14,18556,0.302,,,18556,,,,
Maharashtra,2017,21-02-2017, ,0,Mumbai Suburban,BRIHAN MUMBAI,MC,7,209,PRABHAG NO 209 ,,,NOTA,,,,,,,u10003,,,,247,15,,14,18556,1.331,,,18556,,,,
Maharashtra,2017,21-02-2017, ,0,Mumbai Suburban,BRIHAN MUMBAI,MC,7,210,PRABHAG NO 210 ,,,JAMSUTKAR SONAM MANOJ,,,,,,,1605,Indian National Congress,BJP,,9589,1,,6,22418,42.774,,,22418,,,,
Maharashtra,2017,21-02-2017, ,0,Mumbai Suburban,BRIHAN MUMBAI,MC,7,210,PRABHAG NO 210 ,,,JADHAV YAMINI YASHWANT,,,,,,,18691,Shivsena,SHS,,7327,2,,6,22418,32.684,,,22418,,,,
Maharashtra,2017,21-02-2017, ,0,Mumbai Suburban,BRIHAN MUMBAI,MC,7,210,PRABHAG NO 210 ,,,SHINDE SHUBHANGI SUGATPRIYA,,,,,,,12285,Republican Party of India (A),RPI(A),,3379,3,,6,22418,15.073,,,22418,,,,
Maharashtra,2017,21-02-2017, ,0,Mumbai Suburban,BRIHAN MUMBAI,MC,7,210,PRABHAG NO 210 ,,,VENGURLEKAR POONAM RAGHUNATH,,,,,,,11633,Maharashtra Navnirman Sena,MNS,,671,4,,6,22418,2.993,,,22418,,,,
Maharashtra,2017,21-02-2017, ,0,Mumbai Suburban,BRIHAN MUMBAI,MC,7,210,PRABHAG NO 210 ,,,PAWAR SRUSHTI PRAVIN,,,,,,,16651,Bahujan Samaj Party,BSP,,334,5,,6,22418,1.49,,,22418,,,,
Maharashtra,2017,21-02-2017, ,0,Mumbai Suburban,BRIHAN MUMBAI,MC,7,210,PRABHAG NO 210 ,,,SATHE SWATI DILIP,,,,,,,5792,Nationalist Congress Party,NCP,,311,6,,6,22418,1.387,,,22418,,,,
Maharashtra,2017,21-02-2017, ,0,Mumbai Suburban,BRIHAN MUMBAI,MC,7,210,PRABHAG NO 210 ,,,NOTA,,,,,,,u10003,,,,807,7,,6,22418,3.6,,,22418,,,,
Maharashtra,2017,21-02-2017, ,0,Mumbai Suburban,BRIHAN MUMBAI,MC,7,211,PRABHAG NO 211 ,,,Shaikh Rais Kasam,,,,,,,7425,Samajwadi Party,SP,,9455,1,,6,21772,43.427,,,21772,,,,
Maharashtra,2017,21-02-2017, ,0,Mumbai Suburban,BRIHAN MUMBAI,MC,7,211,PRABHAG NO 211 ,,,KHAN MASIRAH AIJAZAHMED,,,,,,,1605,Indian National Congress,BJP,,7081,2,,6,21772,32.523,,,21772,,,,
Maharashtra,2017,21-02-2017, ,0,Mumbai Suburban,BRIHAN MUMBAI,MC,7,211,PRABHAG NO 211 ,,,Qureshi MohammedAdil MobinAhmed,,,,,,,706,All India Majlis e Ittehadul Muslimeen,AIMIM,,3420,3,,6,21772,15.708,,,21772,,,,
Maharashtra,2017,21-02-2017, ,0,Mumbai Suburban,BRIHAN MUMBAI,MC,7,211,PRABHAG NO 211 ,,,Lokhande Rohidas Madhukar,,,,,,,1605,Bhartiya Janata Party,BJP,,761,4,,6,21772,3.495,,,21772,,,,
Maharashtra,2017,21-02-2017, ,0,Mumbai Suburban,BRIHAN MUMBAI,MC,7,211,PRABHAG NO 211 ,,,Rahate Rohit Shridhar,,,,,,,18691,Shivsena,SHS,,714,5,,6,21772,3.279,,,21772,,,,
Maharashtra,2017,21-02-2017, ,0,Mumbai Suburban,BRIHAN MUMBAI,MC,7,211,PRABHAG NO 211 ,,,ANSARI AYAZAHMED ABDULRASHID,,,,,,,10809,Independent,IND,,124,6,,6,21772,0.57,,,21772,,,,
Maharashtra,2017,21-02-2017, ,0,Mumbai Suburban,BRIHAN MUMBAI,MC,7,211,PRABHAG NO 211 ,,,NOTA,,,,,,,u10003,,,,217,7,,6,21772,0.997,,,21772,,,,
Maharashtra,2017,21-02-2017, ,0,Mumbai Suburban,BRIHAN MUMBAI,MC,7,212,PRABHAG NO 212 ,,,GAVLI GEETA AJAY,,,,,,,8690,Akhil Bharatiya Sena,ABHS,,9028,1,,6,20988,43.015,,,20988,,,,
Maharashtra,2017,21-02-2017, ,0,Mumbai Suburban,BRIHAN MUMBAI,MC,7,212,PRABHAG NO 212 ,,,Siddique Nazia MohammadAshfaque,,,,,,,1605,Indian National Congress,BJP,,5709,2,,6,20988,27.201,,,20988,,,,
Maharashtra,2017,21-02-2017, ,0,Mumbai Suburban,BRIHAN MUMBAI,MC,7,212,PRABHAG NO 212 ,,,Saigaonkar Sonal Ajay,,,,,,,18691,Shivsena,SHS,,2148,3,,6,20988,10.234,,,20988,,,,
Maharashtra,2017,21-02-2017, ,0,Mumbai Suburban,BRIHAN MUMBAI,MC,7,212,PRABHAG NO 212 ,,,Chawdhary Noorsaba MohammedYusuf,,,,,,,706,All India Majlis e Ittehadul Muslimeen,AIMIM,,1918,4,,6,20988,9.139,,,20988,,,,
Maharashtra,2017,21-02-2017, ,0,Mumbai Suburban,BRIHAN MUMBAI,MC,7,212,PRABHAG NO 212 ,,,KHAMKAR MANDAKINI MANSING,,,,,,,1605,Bhartiya Janata Party,BJP,,1124,5,,6,20988,5.355,,,20988,,,,
Maharashtra,2017,21-02-2017, ,0,Mumbai Suburban,BRIHAN MUMBAI,MC,7,212,PRABHAG NO 212 ,,,MOMIN RUKHSANA MOHAMMEDSAEED,,,,,,,7425,Samajwadi Party,SP,,771,6,,6,20988,3.674,,,20988,,,,
Maharashtra,2017,21-02-2017, ,0,Mumbai Suburban,BRIHAN MUMBAI,MC,7,212,PRABHAG NO 212 ,,,NOTA,,,,,,,u10003,,,,290,7,,6,20988,1.382,,,20988,,,,
Maharashtra,2017,21-02-2017, ,0,Mumbai Suburban,BRIHAN MUMBAI,MC,7,213,PRABHAG NO 213 ,,,Juneja Javed Ibrahim,,,,,,,1605,Indian National Congress,BJP,,7205,1,,15,23372,30.827,,,23372,,,,
Maharashtra,2017,21-02-2017, ,0,Mumbai Suburban,BRIHAN MUMBAI,MC,7,213,PRABHAG NO 213 ,,,KADAM SUNIL DIGAMBER,,,,,,,18691,Shivsena,SHS,,5293,2,,15,23372,22.647,,,23372,,,,
Maharashtra,2017,21-02-2017, ,0,Mumbai Suburban,BRIHAN MUMBAI,MC,7,213,PRABHAG NO 213 ,,,Syed Wasim Masood,,,,,,,7425,Samajwadi Party,SP,,4338,3,,15,23372,18.561,,,23372,,,,
Maharashtra,2017,21-02-2017, ,0,Mumbai Suburban,BRIHAN MUMBAI,MC,7,213,PRABHAG NO 213 ,,,TRIPATHI VINAYKUMAR DINANATH,,,,,,,1605,Bhartiya Janata Party,BJP,,2158,4,,15,23372,9.233,,,23372,,,,
Maharashtra,2017,21-02-2017, ,0,Mumbai Suburban,BRIHAN MUMBAI,MC,7,213,PRABHAG NO 213 ,,,Rayeen MohdNoman RayeenNizamuddin,,,,,,,706,All India Majlis e Ittehadul Muslimeen,AIMIM,,2112,5,,15,23372,9.036,,,23372,,,,
Maharashtra,2017,21-02-2017, ,0,Mumbai Suburban,BRIHAN MUMBAI,MC,7,213,PRABHAG NO 213 ,,,RAPELLI RAMESH BALAYYA,,,,,,,10809,Independent,IND,,928,6,,15,23372,3.971,,,23372,,,,
Maharashtra,2017,21-02-2017, ,0,Mumbai Suburban,BRIHAN MUMBAI,MC,7,213,PRABHAG NO 213 ,,,ARGILE VINOD PARSHURAM,,,,,,,11633,Maharashtra Navnirman Sena,MNS,,547,7,,15,23372,2.34,,,23372,,,,
Maharashtra,2017,21-02-2017, ,0,Mumbai Suburban,BRIHAN MUMBAI,MC,7,213,PRABHAG NO 213 ,,,BANIYA RAJESH RAMCHANDRA,,,,,,,5792,Nationalist Congress Party,NCP,,327,8,,15,23372,1.399,,,23372,,,,
Maharashtra,2017,21-02-2017, ,0,Mumbai Suburban,BRIHAN MUMBAI,MC,7,213,PRABHAG NO 213 ,,,DIWAR SACHIN MANOHAR,,,,,,,12285,Republican Party of India (A),RPI(A),,117,9,,15,23372,0.501,,,23372,,,,
Maharashtra,2017,21-02-2017, ,0,Mumbai Suburban,BRIHAN MUMBAI,MC,7,213,PRABHAG NO 213 ,,,Shahu Santosh Gendalal,,,,,,,10809,Independent,IND,,59,10,,15,23372,0.252,,,23372,,,,
Maharashtra,2017,21-02-2017, ,0,Mumbai Suburban,BRIHAN MUMBAI,MC,7,213,PRABHAG NO 213 ,,,KHAN NAJIR HAMEED,,,,,,,3952,Indian Union Muslim League,IUML,,40,11,,15,23372,0.171,,,23372,,,,
Maharashtra,2017,21-02-2017, ,0,Mumbai Suburban,BRIHAN MUMBAI,MC,7,213,PRABHAG NO 213 ,,,Shaikh AbdulKalam FakirMohammad,,,,,,,5995,Peace Party,PECP,,40,12,,15,23372,0.171,,,23372,,,,
Maharashtra,2017,21-02-2017, ,0,Mumbai Suburban,BRIHAN MUMBAI,MC,7,213,PRABHAG NO 213 ,,,Kazi Yawarali Yusufal,,,,,,,10809,Independent,IND,,38,13,,15,23372,0.163,,,23372,,,,
Maharashtra,2017,21-02-2017, ,0,Mumbai Suburban,BRIHAN MUMBAI,MC,7,213,PRABHAG NO 213 ,,,ANSARI MOHDNAEEM ZAINULABDIN,,,,,,,10809,Independent,IND,,25,14,,15,23372,0.107,,,23372,,,,
Maharashtra,2017,21-02-2017, ,0,Mumbai Suburban,BRIHAN MUMBAI,MC,7,213,PRABHAG NO 213 ,,,TAMANG SEEMLA BEEMBAHADUR,,,,,,,10979,Janata Dal Secular,JD(S),,19,15,,15,23372,0.081,,,23372,,,,
Maharashtra,2017,21-02-2017, ,0,Mumbai Suburban,BRIHAN MUMBAI,MC,7,213,PRABHAG NO 213 ,,,NOTA,,,,,,,u10003,,,,126,16,,15,23372,0.539,,,23372,,,,
Maharashtra,2017,21-02-2017, ,0,Mumbai Suburban,BRIHAN MUMBAI,MC,7,214,PRABHAG NO 214 ,,,PATIL SARITA AJAY,,,,,,,1605,Bhartiya Janata Party,BJP,,13859,1,,9,26436,52.425,,,26436,,,,
Maharashtra,2017,21-02-2017, ,0,Mumbai Suburban,BRIHAN MUMBAI,MC,7,214,PRABHAG NO 214 ,,,Bane Arvind Jagannnath,,,,,,,18691,Shivsena,SHS,,8393,2,,9,26436,31.748,,,26436,,,,
Maharashtra,2017,21-02-2017, ,0,Mumbai Suburban,BRIHAN MUMBAI,MC,7,214,PRABHAG NO 214 ,,,SHAH KAUSHIK JASVANTRAI,,,,,,,1605,Indian National Congress,BJP,,2668,3,,9,26436,10.092,,,26436,,,,
Maharashtra,2017,21-02-2017, ,0,Mumbai Suburban,BRIHAN MUMBAI,MC,7,214,PRABHAG NO 214 ,,,Naik Dhanraj Sahadev,,,,,,,11633,Maharashtra Navnirman Sena,MNS,,460,4,,9,26436,1.74,,,26436,,,,
Maharashtra,2017,21-02-2017, ,0,Mumbai Suburban,BRIHAN MUMBAI,MC,7,214,PRABHAG NO 214 ,,,Rokade Amool Shivaji,,,,,,,10809,Independent,IND,,207,5,,9,26436,0.783,,,26436,,,,
Maharashtra,2017,21-02-2017, ,0,Mumbai Suburban,BRIHAN MUMBAI,MC,7,214,PRABHAG NO 214 ,,,Prabhoo Tushar Bhaskar,,,,,,,10809,Independent,IND,,198,6,,9,26436,0.749,,,26436,,,,
Maharashtra,2017,21-02-2017, ,0,Mumbai Suburban,BRIHAN MUMBAI,MC,7,214,PRABHAG NO 214 ,,,Kamble Shobha Arvind,,,,,,,10809,Independent,IND,,60,7,,9,26436,0.227,,,26436,,,,
Maharashtra,2017,21-02-2017, ,0,Mumbai Suburban,BRIHAN MUMBAI,MC,7,214,PRABHAG NO 214 ,,,SHINDE RAJESH JOTIRAM,,,,,,,10809,Independent,IND,,36,8,,9,26436,0.136,,,26436,,,,
Maharashtra,2017,21-02-2017, ,0,Mumbai Suburban,BRIHAN MUMBAI,MC,7,214,PRABHAG NO 214 ,,,SONAWANE SHANKAR GANGADHAR,,,,,,,10809,Independent,IND,,19,9,,9,26436,0.072,,,26436,,,,
Maharashtra,2017,21-02-2017, ,0,Mumbai Suburban,BRIHAN MUMBAI,MC,7,214,PRABHAG NO 214 ,,,NOTA,,,,,,,u10003,,,,536,10,,9,26436,2.028,,,26436,,,,
Maharashtra,2017,21-02-2017, ,0,Mumbai Suburban,BRIHAN MUMBAI,MC,7,215,PRABHAG NO 215 ,,,Dudhwadkar Arundhati Arvind,,,,,,,18691,Shivsena,SHS,,10215,1,,6,24251,42.122,,,24251,,,,
Maharashtra,2017,21-02-2017, ,0,Mumbai Suburban,BRIHAN MUMBAI,MC,7,215,PRABHAG NO 215 ,,,Manjrekar Shweta Rupesh,,,,,,,1605,Bhartiya Janata Party,BJP,,9800,2,,6,24251,40.411,,,24251,,,,
Maharashtra,2017,21-02-2017, ,0,Mumbai Suburban,BRIHAN MUMBAI,MC,7,215,PRABHAG NO 215 ,,,MAHIDA LALITA BIPIN,,,,,,,1605,Indian National Congress,BJP,,2765,3,,6,24251,11.402,,,24251,,,,
Maharashtra,2017,21-02-2017, ,0,Mumbai Suburban,BRIHAN MUMBAI,MC,7,215,PRABHAG NO 215 ,,,Babar Saroj Satish,,,,,,,11633,Maharashtra Navnirman Sena,MNS,,831,4,,6,24251,3.427,,,24251,,,,
Maharashtra,2017,21-02-2017, ,0,Mumbai Suburban,BRIHAN MUMBAI,MC,7,215,PRABHAG NO 215 ,,,Dharia Nisha Gautam,,,,,,,7425,Samajwadi Party,SP,,154,5,,6,24251,0.635,,,24251,,,,
Maharashtra,2017,21-02-2017, ,0,Mumbai Suburban,BRIHAN MUMBAI,MC,7,215,PRABHAG NO 215 ,,,Rathod Shanta Premji,,,,,,,10809,Independent,IND,,63,6,,6,24251,0.26,,,24251,,,,
Maharashtra,2017,21-02-2017, ,0,Mumbai Suburban,BRIHAN MUMBAI,MC,7,215,PRABHAG NO 215 ,,,NOTA,,,,,,,u10003,,,,423,7,,6,24251,1.744,,,24251,,,,
Maharashtra,2017,21-02-2017, ,0,Mumbai Suburban,BRIHAN MUMBAI,MC,7,216,PRABHAG NO 216 ,,,NARWANKAR RAJENDRA DATTATRAYA,,,,,,,1605,Indian National Congress,BJP,,8541,1,,6,21325,40.052,,,21325,,,,
Maharashtra,2017,21-02-2017, ,0,Mumbai Suburban,BRIHAN MUMBAI,MC,7,216,PRABHAG NO 216 ,,,NAIK RAMESH SHRIRAM,,,,,,,1605,Bhartiya Janata Party,BJP,,5125,2,,6,21325,24.033,,,21325,,,,
Maharashtra,2017,21-02-2017, ,0,Mumbai Suburban,BRIHAN MUMBAI,MC,7,216,PRABHAG NO 216 ,,,AVALEGAONKAR RAJESH VASNAT,,,,,,,18691,Shivsena,SHS,,2749,3,,6,21325,12.891,,,21325,,,,
Maharashtra,2017,21-02-2017, ,0,Mumbai Suburban,BRIHAN MUMBAI,MC,7,216,PRABHAG NO 216 ,,,Qureshi Nasir Muhammadiqbal,,,,,,,706,All India Majlis e Ittehadul Muslimeen,AIMIM,,2597,4,,6,21325,12.178,,,21325,,,,
Maharashtra,2017,21-02-2017, ,0,Mumbai Suburban,BRIHAN MUMBAI,MC,7,216,PRABHAG NO 216 ,,,SANAP SUNNY RAVINDRA,,,,,,,11633,Maharashtra Navnirman Sena,MNS,,1137,5,,6,21325,5.332,,,21325,,,,
Maharashtra,2017,21-02-2017, ,0,Mumbai Suburban,BRIHAN MUMBAI,MC,7,216,PRABHAG NO 216 ,,,PALVE SUNIL KARBHARI,,,,,,,5792,Nationalist Congress Party,NCP,,903,6,,6,21325,4.234,,,21325,,,,
Maharashtra,2017,21-02-2017, ,0,Mumbai Suburban,BRIHAN MUMBAI,MC,7,216,PRABHAG NO 216 ,,,NOTA,,,,,,,u10003,,,,273,7,,6,21325,1.28,,,21325,,,,
Maharashtra,2017,21-02-2017, ,0,Mumbai Suburban,BRIHAN MUMBAI,MC,7,217,PRABHAG NO 217 ,,,Patel Minal Ruchit,,,,,,,1605,Bhartiya Janata Party,BJP,,13623,1,,4,25039,54.407,,,25039,,,,
Maharashtra,2017,21-02-2017, ,0,Mumbai Suburban,BRIHAN MUMBAI,MC,7,217,PRABHAG NO 217 ,,,Salekar Yugandhara Yashwant,,,,,,,18691,Shivsena,SHS,,6282,2,,4,25039,25.089,,,25039,,,,
Maharashtra,2017,21-02-2017, ,0,Mumbai Suburban,BRIHAN MUMBAI,MC,7,217,PRABHAG NO 217 ,,,Patel Manisha Yogesh,,,,,,,1605,Indian National Congress,BJP,,3249,3,,4,25039,12.976,,,25039,,,,
Maharashtra,2017,21-02-2017, ,0,Mumbai Suburban,BRIHAN MUMBAI,MC,7,217,PRABHAG NO 217 ,,,Avhad Chandrika Trimbak,,,,,,,11633,Maharashtra Navnirman Sena,MNS,,1230,4,,4,25039,4.912,,,25039,,,,
Maharashtra,2017,21-02-2017, ,0,Mumbai Suburban,BRIHAN MUMBAI,MC,7,217,PRABHAG NO 217 ,,,NOTA,,,,,,,u10003,,,,655,5,,4,25039,2.616,,,25039,,,,
Maharashtra,2017,21-02-2017, ,0,Mumbai Suburban,BRIHAN MUMBAI,MC,7,218,PRABHAG NO 218 ,,,Potdar Anuradha Vijay,,,,,,,1605,Bhartiya Janata Party,BJP,,15289,1,,4,28565,53.524,,,28565,,,,
Maharashtra,2017,21-02-2017, ,0,Mumbai Suburban,BRIHAN MUMBAI,MC,7,218,PRABHAG NO 218 ,,,Juwatkar Minal Pravin,,,,,,,18691,Shivsena,SHS,,9894,2,,4,28565,34.637,,,28565,,,,
Maharashtra,2017,21-02-2017, ,0,Mumbai Suburban,BRIHAN MUMBAI,MC,7,218,PRABHAG NO 218 ,,,HIRLEKAR SUMITRA MAHESH,,,,,,,11633,Maharashtra Navnirman Sena,MNS,,1527,3,,4,28565,5.346,,,28565,,,,
Maharashtra,2017,21-02-2017, ,0,Mumbai Suburban,BRIHAN MUMBAI,MC,7,218,PRABHAG NO 218 ,,,Tupat Vaishali Suresh,,,,,,,1605,Indian National Congress,BJP,,1253,4,,4,28565,4.386,,,28565,,,,
Maharashtra,2017,21-02-2017, ,0,Mumbai Suburban,BRIHAN MUMBAI,MC,7,218,PRABHAG NO 218 ,,,NOTA,,,,,,,u10003,,,,602,5,,4,28565,2.107,,,28565,,,,
Maharashtra,2017,21-02-2017, ,0,Mumbai Suburban,BRIHAN MUMBAI,MC,7,219,PRABHAG NO 219 ,,,Mehta Jyotsna Devesh,,,,,,,1605,Bhartiya Janata Party,BJP,,15361,1,,4,25569,60.077,,,25569,,,,
Maharashtra,2017,21-02-2017, ,0,Mumbai Suburban,BRIHAN MUMBAI,MC,7,219,PRABHAG NO 219 ,,,MANDREKAR PRITI PRAMOD,,,,,,,1605,Indian National Congress,BJP,,5456,2,,4,25569,21.338,,,25569,,,,
Maharashtra,2017,21-02-2017, ,0,Mumbai Suburban,BRIHAN MUMBAI,MC,7,219,PRABHAG NO 219 ,,,Shinde Durga Kiran,,,,,,,18691,Shivsena,SHS,,4095,3,,4,25569,16.015,,,25569,,,,
Maharashtra,2017,21-02-2017, ,0,Mumbai Suburban,BRIHAN MUMBAI,MC,7,219,PRABHAG NO 219 ,,,Kamble Parul Rajendra,,,,,,,5792,Nationalist Congress Party,NCP,,111,4,,4,25569,0.434,,,25569,,,,
Maharashtra,2017,21-02-2017, ,0,Mumbai Suburban,BRIHAN MUMBAI,MC,7,219,PRABHAG NO 219 ,,,NOTA,,,,,,,u10003,,,,546,5,,4,25569,2.135,,,25569,,,,
Maharashtra,2017,21-02-2017, ,0,Mumbai Suburban,BRIHAN MUMBAI,MC,7,220,PRABHAG NO 220 ,,,SHAH ATUL HASMUKHLAL,,,,,,,1605,Bhartiya Janata Party,BJP,,5946,1,,10,22389,26.558,,,22389,,,,
Maharashtra,2017,21-02-2017, ,0,Mumbai Suburban,BRIHAN MUMBAI,MC,7,220,PRABHAG NO 220 ,,,Bagalkar Surendra Ramkrishna,,,,,,,18691,Shivsena,SHS,,5946,2,,10,22389,26.558,,,22389,,,,
Maharashtra,2017,21-02-2017, ,0,Mumbai Suburban,BRIHAN MUMBAI,MC,7,220,PRABHAG NO 220 ,,,SHETH NARESHBHAI RAKSHANJI,,,,,,,1605,Indian National Congress,BJP,,5358,3,,10,22389,23.931,,,22389,,,,
Maharashtra,2017,21-02-2017, ,0,Mumbai Suburban,BRIHAN MUMBAI,MC,7,220,PRABHAG NO 220 ,,,Shaikh Zeeshan Hamid,,,,,,,706,All India Majlis e Ittehadul Muslimeen,AIMIM,,1257,4,,10,22389,5.614,,,22389,,,,
Maharashtra,2017,21-02-2017, ,0,Mumbai Suburban,BRIHAN MUMBAI,MC,7,220,PRABHAG NO 220 ,,,KHANDKE RUPESH MAHENDRA,,,,,,,5792,Nationalist Congress Party,NCP,,971,5,,10,22389,4.337,,,22389,,,,
Maharashtra,2017,21-02-2017, ,0,Mumbai Suburban,BRIHAN MUMBAI,MC,7,220,PRABHAG NO 220 ,,,ELECTRICWALA HUZAIFA ISMAIL,,,,,,,7425,Samajwadi Party,SP,,923,6,,10,22389,4.123,,,22389,,,,
Maharashtra,2017,21-02-2017, ,0,Mumbai Suburban,BRIHAN MUMBAI,MC,7,220,PRABHAG NO 220 ,,,BOOTWALA ZOEB AHMEDALI,,,,,,,10809,Independent,IND,,789,7,,10,22389,3.524,,,22389,,,,
Maharashtra,2017,21-02-2017, ,0,Mumbai Suburban,BRIHAN MUMBAI,MC,7,220,PRABHAG NO 220 ,,,MULAY KESHAV RAMESH,,,,,,,11633,Maharashtra Navnirman Sena,MNS,,752,8,,10,22389,3.359,,,22389,,,,
Maharashtra,2017,21-02-2017, ,0,Mumbai Suburban,BRIHAN MUMBAI,MC,7,220,PRABHAG NO 220 ,,,rangwala yusufi taher,,,,,,,10809,Independent,IND,,68,9,,10,22389,0.304,,,22389,,,,
Maharashtra,2017,21-02-2017, ,0,Mumbai Suburban,BRIHAN MUMBAI,MC,7,220,PRABHAG NO 220 ,,,SHETH MONA RAJ,,,,,,,8690,Akhil Bharatiya Sena,ABHS,,51,10,,10,22389,0.228,,,22389,,,,
Maharashtra,2017,21-02-2017, ,0,Mumbai Suburban,BRIHAN MUMBAI,MC,7,220,PRABHAG NO 220 ,,,NOTA,,,,,,,u10003,,,,328,11,,10,22389,1.465,,,22389,,,,
Maharashtra,2017,21-02-2017, ,0,Mumbai Suburban,BRIHAN MUMBAI,MC,7,221,PRABHAG NO 221 ,,,PUROHIT AKASH RAJ,,,,,,,1605,Bhartiya Janata Party,BJP,,6722,1,,16,20842,32.252,,,20842,,,,
Maharashtra,2017,21-02-2017, ,0,Mumbai Suburban,BRIHAN MUMBAI,MC,7,221,PRABHAG NO 221 ,,,SANGHVI JANAK JITENDRA,,,,,,,1605,Indian National Congress,BJP,,4853,2,,16,20842,23.285,,,20842,,,,
Maharashtra,2017,21-02-2017, ,0,Mumbai Suburban,BRIHAN MUMBAI,MC,7,221,PRABHAG NO 221 ,,,SHAIKH NISARAHMED CHAND,,,,,,,706,All India Majlis e Ittehadul Muslimeen,AIMIM,,4091,3,,16,20842,19.629,,,20842,,,,
Maharashtra,2017,21-02-2017, ,0,Mumbai Suburban,BRIHAN MUMBAI,MC,7,221,PRABHAG NO 221 ,,,rawal kanhaiyalal himmatram,,,,,,,18691,Shivsena,SHS,,3515,4,,16,20842,16.865,,,20842,,,,
Maharashtra,2017,21-02-2017, ,0,Mumbai Suburban,BRIHAN MUMBAI,MC,7,221,PRABHAG NO 221 ,,,Pansare Mahendra Jaysingh,,,,,,,5792,Nationalist Congress Party,NCP,,793,5,,16,20842,3.805,,,20842,,,,
Maharashtra,2017,21-02-2017, ,0,Mumbai Suburban,BRIHAN MUMBAI,MC,7,221,PRABHAG NO 221 ,,,SORATHIA MOHAMMEDRAMZAN SHAIKHMOHAMMED,,,,,,,7425,Samajwadi Party,SP,,339,6,,16,20842,1.627,,,20842,,,,
Maharashtra,2017,21-02-2017, ,0,Mumbai Suburban,BRIHAN MUMBAI,MC,7,221,PRABHAG NO 221 ,,,Dutta Ranjeet Harendra,,,,,,,10809,Independent,IND,,110,7,,16,20842,0.528,,,20842,,,,
Maharashtra,2017,21-02-2017, ,0,Mumbai Suburban,BRIHAN MUMBAI,MC,7,221,PRABHAG NO 221 ,,,pashte pravin arjuna,,पाष्टे प्रविण अर्जुन,,,,,11633,Maharashtra Navnirman Sena,MNS,,54,8,,16,20842,0.259,,,20842,,,,
Maharashtra,2017,21-02-2017, ,0,Mumbai Suburban,BRIHAN MUMBAI,MC,7,221,PRABHAG NO 221 ,,,QURESHI YAMEEN BASHIR,,,,,,,10809,Independent,IND,,42,9,,16,20842,0.202,,,20842,,,,
Maharashtra,2017,21-02-2017, ,0,Mumbai Suburban,BRIHAN MUMBAI,MC,7,221,PRABHAG NO 221 ,,,shaikh abdullatif abdulkadar,,,,,,,10809,Independent,IND,,25,10,,16,20842,0.12,,,20842,,,,
Maharashtra,2017,21-02-2017, ,0,Mumbai Suburban,BRIHAN MUMBAI,MC,7,221,PRABHAG NO 221 ,,,BANARASWALA FAISAL YUSUF,,,,,,,10809,Independent,IND,,21,11,,16,20842,0.101,,,20842,,,,
Maharashtra,2017,21-02-2017, ,0,Mumbai Suburban,BRIHAN MUMBAI,MC,7,221,PRABHAG NO 221 ,,,rangrej mateenahmed niyajahamad,,,,,,,10809,Independent,IND,,19,12,,16,20842,0.091,,,20842,,,,
Maharashtra,2017,21-02-2017, ,0,Mumbai Suburban,BRIHAN MUMBAI,MC,7,221,PRABHAG NO 221 ,,,Tanna Pravin Girdharlal,,,,,,,10809,Independent,IND,,16,13,,16,20842,0.077,,,20842,,,,
Maharashtra,2017,21-02-2017, ,0,Mumbai Suburban,BRIHAN MUMBAI,MC,7,221,PRABHAG NO 221 ,,,KHAN MOHAMMEDUMER ABDULSAMAD,,,,,,,10809,Independent,IND,,16,14,,16,20842,0.077,,,20842,,,,
Maharashtra,2017,21-02-2017, ,0,Mumbai Suburban,BRIHAN MUMBAI,MC,7,221,PRABHAG NO 221 ,,,Dhamnaskar Sudhir Dattatray,,,,,,,10809,Independent,IND,,13,15,,16,20842,0.062,,,20842,,,,
Maharashtra,2017,21-02-2017, ,0,Mumbai Suburban,BRIHAN MUMBAI,MC,7,221,PRABHAG NO 221 ,,,Kazi Anwarali Yawarali,,,,,,,10809,Independent,IND,,11,16,,16,20842,0.053,,,20842,,,,
Maharashtra,2017,21-02-2017, ,0,Mumbai Suburban,BRIHAN MUMBAI,MC,7,221,PRABHAG NO 221 ,,,NOTA,,,,,,,u10003,,,,202,17,,16,20842,0.969,,,20842,,,,
Maharashtra,2017,21-02-2017, ,0,Mumbai Suburban,BRIHAN MUMBAI,MC,7,222,PRABHAG NO 222 ,,,MAKWANA RITA BHARAT,,,,,,,1605,Bhartiya Janata Party,BJP,,10365,1,,5,25058,41.364,,,25058,,,,
Maharashtra,2017,21-02-2017, ,0,Mumbai Suburban,BRIHAN MUMBAI,MC,7,222,PRABHAG NO 222 ,,,kambli meena shekhar,,,,,,,18691,Shivsena,SHS,,8362,2,,5,25058,33.371,,,25058,,,,
Maharashtra,2017,21-02-2017, ,0,Mumbai Suburban,BRIHAN MUMBAI,MC,7,222,PRABHAG NO 222 ,,,KHEDEKAR VINITI SADANAND,,,,,,,1605,Indian National Congress,BJP,,3231,3,,5,25058,12.894,,,25058,,,,
Maharashtra,2017,21-02-2017, ,0,Mumbai Suburban,BRIHAN MUMBAI,MC,7,222,PRABHAG NO 222 ,,,GawanePatel Priti Shekhar,,,,,,,11633,Maharashtra Navnirman Sena,MNS,,1958,4,,5,25058,7.814,,,25058,,,,
Maharashtra,2017,21-02-2017, ,0,Mumbai Suburban,BRIHAN MUMBAI,MC,7,222,PRABHAG NO 222 ,,,Choudhary Chandrakala Radheshyam,,,,,,,5792,Nationalist Congress Party,NCP,,490,5,,5,25058,1.955,,,25058,,,,
Maharashtra,2017,21-02-2017, ,0,Mumbai Suburban,BRIHAN MUMBAI,MC,7,222,PRABHAG NO 222 ,,,NOTA,,,,,,,u10003,,,,652,6,,5,25058,2.602,,,25058,,,,
Maharashtra,2017,21-02-2017, ,0,Mumbai Suburban,BRIHAN MUMBAI,MC,7,223,PRABHAG NO 223 ,,,NIKAM NIKITA DNYANRAJ,,,,,,,1605,Indian National Congress,BJP,,8634,1,,9,22085,39.094,,,22085,,,,
Maharashtra,2017,21-02-2017, ,0,Mumbai Suburban,BRIHAN MUMBAI,MC,7,223,PRABHAG NO 223 ,,,mamidi Asha Parmesh,,,,,,,18691,Shivsena,SHS,,5442,2,,9,22085,24.641,,,22085,,,,
Maharashtra,2017,21-02-2017, ,0,Mumbai Suburban,BRIHAN MUMBAI,MC,7,223,PRABHAG NO 223 ,,,ANSARI VAKARUNISA JAHID HUSSAIN,,,,,,,706,All India Majlis e Ittehadul Muslimeen,AIMIM,,4887,3,,9,22085,22.128,,,22085,,,,
Maharashtra,2017,21-02-2017, ,0,Mumbai Suburban,BRIHAN MUMBAI,MC,7,223,PRABHAG NO 223 ,,,Shaikh NedaFathima ShahidAhmed,,,,,,,7425,Samajwadi Party,SP,,1376,4,,9,22085,6.23,,,22085,,,,
Maharashtra,2017,21-02-2017, ,0,Mumbai Suburban,BRIHAN MUMBAI,MC,7,223,PRABHAG NO 223 ,,,BADHE SUREKHA PANDURANG,,,,,,,11633,Maharashtra Navnirman Sena,MNS,,793,5,,9,22085,3.591,,,22085,,,,
Maharashtra,2017,21-02-2017, ,0,Mumbai Suburban,BRIHAN MUMBAI,MC,7,223,PRABHAG NO 223 ,,,Dossa Sharmeen Mohammed Irfan,,,,,,,5792,Nationalist Congress Party,NCP,,218,6,,9,22085,0.987,,,22085,,,,
Maharashtra,2017,21-02-2017, ,0,Mumbai Suburban,BRIHAN MUMBAI,MC,7,223,PRABHAG NO 223 ,,,BHATTI ALMAS YASIN,,,,,,,10809,Independent,IND,,48,7,,9,22085,0.217,,,22085,,,,
Maharashtra,2017,21-02-2017, ,0,Mumbai Suburban,BRIHAN MUMBAI,MC,7,223,PRABHAG NO 223 ,,,QADRI SHAMIM FAKHRUDDIN,,,,,,,10809,Independent,IND,,30,8,,9,22085,0.136,,,22085,,,,
Maharashtra,2017,21-02-2017, ,0,Mumbai Suburban,BRIHAN MUMBAI,MC,7,223,PRABHAG NO 223 ,,,IDRISI RESHMA MOHAMMEDNABI,,,,,,,10809,Independent,IND,,26,9,,9,22085,0.118,,,22085,,,,
Maharashtra,2017,21-02-2017, ,0,Mumbai Suburban,BRIHAN MUMBAI,MC,7,223,PRABHAG NO 223 ,,,NOTA,,,,,,,u10003,,,,631,10,,9,22085,2.857,,,22085,,,,
Maharashtra,2017,21-02-2017, ,0,Mumbai Suburban,BRIHAN MUMBAI,MC,7,224,PRABHAG NO 224 ,,,Shaikh Afreen Javed,,,,,,,1605,Indian National Congress,BJP,,7681,1,,4,19482,39.426,,,19482,,,,
Maharashtra,2017,21-02-2017, ,0,Mumbai Suburban,BRIHAN MUMBAI,MC,7,224,PRABHAG NO 224 ,,,Hafizi Tayeba Mohammed Jaffer,,,,,,,706,All India Majlis e Ittehadul Muslimeen,AIMIM,,5854,2,,4,19482,30.048,,,19482,,,,
Maharashtra,2017,21-02-2017, ,0,Mumbai Suburban,BRIHAN MUMBAI,MC,7,224,PRABHAG NO 224 ,,,GAWADE SARLA RAMESH,,,,,,,1605,Bhartiya Janata Party,BJP,,3001,3,,4,19482,15.404,,,19482,,,,
Maharashtra,2017,21-02-2017, ,0,Mumbai Suburban,BRIHAN MUMBAI,MC,7,224,PRABHAG NO 224 ,,,sakhare vijayashree shailendra,,,,,,,18691,Shivsena,SHS,,2605,4,,4,19482,13.371,,,19482,,,,
Maharashtra,2017,21-02-2017, ,0,Mumbai Suburban,BRIHAN MUMBAI,MC,7,224,PRABHAG NO 224 ,,,NOTA,,,,,,,u10003,,,,341,5,,4,19482,1.75,,,19482,,,,
Maharashtra,2017,21-02-2017, ,0,Mumbai Suburban,BRIHAN MUMBAI,MC,7,225,PRABHAG NO 225 ,,,sanap sujata digvijay,,,,,,,18691,Shivsena,SHS,,10388,1,,8,25619,40.548,,,25619,,,,
Maharashtra,2017,21-02-2017, ,0,Mumbai Suburban,BRIHAN MUMBAI,MC,7,225,PRABHAG NO 225 ,,,THOKALE YOJANA VIRENDRA,,,,,,,1605,Bhartiya Janata Party,BJP,,6886,2,,8,25619,26.878,,,25619,,,,
Maharashtra,2017,21-02-2017, ,0,Mumbai Suburban,BRIHAN MUMBAI,MC,7,225,PRABHAG NO 225 ,,,CHABUKSWAR ANJANA SURESH,,,,,,,1605,Indian National Congress,BJP,,5253,3,,8,25619,20.504,,,25619,,,,
Maharashtra,2017,21-02-2017, ,0,Mumbai Suburban,BRIHAN MUMBAI,MC,7,225,PRABHAG NO 225 ,,,GANGAWANE VAISHALI SACHIN,,,,,,,11633,Maharashtra Navnirman Sena,MNS,,1165,4,,8,25619,4.547,,,25619,,,,
Maharashtra,2017,21-02-2017, ,0,Mumbai Suburban,BRIHAN MUMBAI,MC,7,225,PRABHAG NO 225 ,,,Marchande Rohini Anant,,,,,,,10809,Independent,IND,,744,5,,8,25619,2.904,,,25619,,,,
Maharashtra,2017,21-02-2017, ,0,Mumbai Suburban,BRIHAN MUMBAI,MC,7,225,PRABHAG NO 225 ,,,Jadhav Anmol Vijay,,,,,,,16651,Bahujan Samaj Party,BSP,,237,6,,8,25619,0.925,,,25619,,,,
Maharashtra,2017,21-02-2017, ,0,Mumbai Suburban,BRIHAN MUMBAI,MC,7,225,PRABHAG NO 225 ,,,GAIKWAD SANJIVANI GULAB,,,,,,,1605,Indian National Congress,BJP,,210,7,,8,25619,0.82,,,25619,,,,
Maharashtra,2017,21-02-2017, ,0,Mumbai Suburban,BRIHAN MUMBAI,MC,7,225,PRABHAG NO 225 ,,,Mane Rupa Mahipatrao,,,,,,,10809,Independent,IND,,150,8,,8,25619,0.586,,,25619,,,,
Maharashtra,2017,21-02-2017, ,0,Mumbai Suburban,BRIHAN MUMBAI,MC,7,225,PRABHAG NO 225 ,,,NOTA,,,,,,,u10003,,,,586,9,,8,25619,2.287,,,25619,,,,
Maharashtra,2017,21-02-2017, ,0,Mumbai Suburban,BRIHAN MUMBAI,MC,7,226,PRABHAG NO 226 ,,,NARWEKAR HARSHITA ASHWIN,,,,,,,1605,Bhartiya Janata Party,BJP,,11053,1,,10,24463,45.183,,,24463,,,,
Maharashtra,2017,21-02-2017, ,0,Mumbai Suburban,BRIHAN MUMBAI,MC,7,226,PRABHAG NO 226 ,,,PAWLE SMITA KRISHNA,,,,,,,18691,Shivsena,SHS,,6852,2,,10,24463,28.01,,,24463,,,,
Maharashtra,2017,21-02-2017, ,0,Mumbai Suburban,BRIHAN MUMBAI,MC,7,226,PRABHAG NO 226 ,,,Shekhar Sushama Vinod,,,,,,,1605,Indian National Congress,BJP,,3161,3,,10,24463,12.922,,,24463,,,,
Maharashtra,2017,21-02-2017, ,0,Mumbai Suburban,BRIHAN MUMBAI,MC,7,226,PRABHAG NO 226 ,,,SINGH REKHA ASHISH,,,,,,,7425,Samajwadi Party,SP,,1287,4,,10,24463,5.261,,,24463,,,,
Maharashtra,2017,21-02-2017, ,0,Mumbai Suburban,BRIHAN MUMBAI,MC,7,226,PRABHAG NO 226 ,,,TANDEL NILIMA VASUDEV,,,,,,,11633,Maharashtra Navnirman Sena,MNS,,969,5,,10,24463,3.961,,,24463,,,,
Maharashtra,2017,21-02-2017, ,0,Mumbai Suburban,BRIHAN MUMBAI,MC,7,226,PRABHAG NO 226 ,,,Sayyd Shirin Nadim,,,,,,,5792,Nationalist Congress Party,NCP,,276,6,,10,24463,1.128,,,24463,,,,
Maharashtra,2017,21-02-2017, ,0,Mumbai Suburban,BRIHAN MUMBAI,MC,7,226,PRABHAG NO 226 ,,,RATHOD SHOBHA RAMU,,,,,,,10809,Independent,IND,,147,7,,10,24463,0.601,,,24463,,,,
Maharashtra,2017,21-02-2017, ,0,Mumbai Suburban,BRIHAN MUMBAI,MC,7,226,PRABHAG NO 226 ,,,Shaikh Rihanabegam Mohammad,,,,,,,16651,Bahujan Samaj Party,BSP,,132,8,,10,24463,0.54,,,24463,,,,
Maharashtra,2017,21-02-2017, ,0,Mumbai Suburban,BRIHAN MUMBAI,MC,7,226,PRABHAG NO 226 ,,,Chavan Bharati Santosh,,,,,,,10809,Independent,IND,,122,9,,10,24463,0.499,,,24463,,,,
Maharashtra,2017,21-02-2017, ,0,Mumbai Suburban,BRIHAN MUMBAI,MC,7,226,PRABHAG NO 226 ,,,Shah Sujata Anil,,,,,,,10809,Independent,IND,,112,10,,10,24463,0.458,,,24463,,,,
Maharashtra,2017,21-02-2017, ,0,Mumbai Suburban,BRIHAN MUMBAI,MC,7,226,PRABHAG NO 226 ,,,NOTA,,,,,,,u10003,,,,352,11,,10,24463,1.439,,,24463,,,,
Maharashtra,2017,21-02-2017, ,0,Mumbai Suburban,BRIHAN MUMBAI,MC,7,227,PRABHAG NO 227 ,,,Narwekar Makarand Suresh,,,,,,,1605,Bhartiya Janata Party,BJP,,6987,1,,11,12498,55.905,,,12498,,,,
Maharashtra,2017,21-02-2017, ,0,Mumbai Suburban,BRIHAN MUMBAI,MC,7,227,PRABHAG NO 227 ,,,Rane Arvind Dattaram,,,,,,,18691,Shivsena,SHS,,1941,2,,11,12498,15.53,,,12498,,,,
Maharashtra,2017,21-02-2017, ,0,Mumbai Suburban,BRIHAN MUMBAI,MC,7,227,PRABHAG NO 227 ,,,Doshi Puran Mohanlal,,,,,,,1605,Indian National Congress,BJP,,1720,3,,11,12498,13.762,,,12498,,,,
Maharashtra,2017,21-02-2017, ,0,Mumbai Suburban,BRIHAN MUMBAI,MC,7,227,PRABHAG NO 227 ,,,PANDE ROHIT RAMAKANT,,,,,,,10809,Independent,IND,,1038,4,,11,12498,8.305,,,12498,,,,
Maharashtra,2017,21-02-2017, ,0,Mumbai Suburban,BRIHAN MUMBAI,MC,7,227,PRABHAG NO 227 ,,,KOKATE SANJAY SHANKAR,,,,,,,5792,Nationalist Congress Party,NCP,,187,5,,11,12498,1.496,,,12498,,,,
Maharashtra,2017,21-02-2017, ,0,Mumbai Suburban,BRIHAN MUMBAI,MC,7,227,PRABHAG NO 227 ,,,Gayakwad Vijaya Laxman,,,,,,,16651,Bahujan Samaj Party,BSP,,112,6,,11,12498,0.896,,,12498,,,,
Maharashtra,2017,21-02-2017, ,0,Mumbai Suburban,BRIHAN MUMBAI,MC,7,227,PRABHAG NO 227 ,,,Vakil amir Ibrahim,,,,,,,706,All India Majlis e Ittehadul Muslimeen,AIMIM,,107,7,,11,12498,0.856,,,12498,,,,
Maharashtra,2017,21-02-2017, ,0,Mumbai Suburban,BRIHAN MUMBAI,MC,7,227,PRABHAG NO 227 ,,,NARVEKAR VAIBHAV VASANT,,,,,,,10809,Independent,IND,,88,8,,11,12498,0.704,,,12498,,,,
Maharashtra,2017,21-02-2017, ,0,Mumbai Suburban,BRIHAN MUMBAI,MC,7,227,PRABHAG NO 227 ,,,Chavan Vithal Chandibai,,,,,,,10979,Janata Dal Secular,JD(S),,50,9,,11,12498,0.4,,,12498,,,,
Maharashtra,2017,21-02-2017, ,0,Mumbai Suburban,BRIHAN MUMBAI,MC,7,227,PRABHAG NO 227 ,,,Redkar Dhruv Pundalik,,,,,,,4941,Lokbharati,LB,,43,10,,11,12498,0.344,,,12498,,,,
Maharashtra,2017,21-02-2017, ,0,Mumbai Suburban,BRIHAN MUMBAI,MC,7,227,PRABHAG NO 227 ,,,SINGH JEETENDRA AVADHNARAYAN,,,,,,,10809,Independent,IND,,15,11,,11,12498,0.12,,,12498,,,,
Maharashtra,2017,21-02-2017, ,0,Mumbai Suburban,BRIHAN MUMBAI,MC,7,227,PRABHAG NO 227 ,,,NOTA,,,,,,,u10003,,,,210,12,,11,12498,1.68,,,12498,,,,
